experiment,symbol,horizon_minutes,model,session,squared_error,absolute_error,covered80,width80,interval_score80,crps_normal,direction_correct,origins
all_history,NDX,5,garch_gex,2026-07-21,33.18820298434252,4.276944020282349,0.8852459016393442,15.667946018714092,20.167641430519833,2.9973560992242616,0.5,61
all_history,NDX,5,garch_gex,2026-07-22,26.486193653740234,3.975381284560648,0.8571428571428571,16.51848141868446,19.177939344435295,2.995919105784197,0.5,21
all_history,NDX,5,garch_gex,2026-07-23,135.5060038348977,9.45776883311919,0.8688524590163934,30.426288735715822,39.17071750792836,6.429515709973689,0.5,61
all_history,NDX,5,garch_gex,2026-07-24,165.25829035199752,9.761709534296228,0.8409090909090909,33.68998901129214,44.08418236896378,6.84460384724956,0.5,44
all_history,NDX,5,garch_gex,2026-07-30,203.57713592664436,9.65041323330297,0.8333333333333334,34.5424271665236,61.497169380655656,7.776433482142007,0.5,12
all_history,NDX,5,garch_gex,2026-07-31,140.1032820945082,9.59225840265899,0.8,31.769960891586344,42.1948474817051,6.750249334083826,0.5,40
all_history,NDX,5,garch_gex,2026-08-03,14.286753641986005,2.982945499832139,0.9411764705882353,13.891533486538977,14.95756856602803,2.2469513947546917,0.5,17
all_history,NDX,5,garch_gex,2026-08-11,23.10457276451992,4.03966044792365,0.9285714285714286,17.42159714032321,17.860868951292282,2.856984112773167,0.5,14
all_history,NDX,5,garch_gex,2026-08-12,33.94136889378475,4.7215446579695355,0.8064516129032258,15.61791642720895,19.463164192115173,3.2641347808705286,0.5,31
all_history,NDX,5,garch_gex,2026-08-13,46.98673613936336,5.774010949817845,0.7916666666666666,16.579079095788956,23.878540437567178,3.9721546465305515,0.5,24
all_history,NDX,5,garch_gex,2026-08-14,9.386477465619874,2.1631473086963524,1.0,17.808408449924144,17.808408449924144,2.143207663353613,0.5,4
all_history,NDX,5,garch_gex,2026-09-01,36.51727096575894,5.192716355626342,0.9333333333333333,19.79780921231344,21.081262683863937,3.526394824520541,0.5,45
all_history,NDX,5,garch_gex,2026-09-04,33.50929788994033,4.10279498822274,0.875,18.342476016180182,23.36264203340848,3.237384528767454,0.5,16
all_history,NDX,5,garch_gex,2026-09-08,37.199258231875056,4.232431211019945,0.918918918918919,16.636696797092924,23.66311416737051,3.3025773095049926,0.5,37
all_history,NDX,5,garch_gex,2026-09-09,152.76571049661408,10.407994543169236,0.6666666666666666,28.586021380003697,43.632140082715445,7.244437688884629,0.5,15
all_history,NDX,5,garch_gex,2026-09-10,25.72652714202366,4.108661445069352,0.9782608695652174,20.307616341092103,20.810507793554137,2.9895691431629627,0.5,46
all_history,NDX,5,garch_gex,2026-09-11,36.60893062647203,4.259006455886051,0.8823529411764706,16.87313699839947,20.58120214364555,3.1613832021183543,0.5,34
all_history,NDX,5,garch_gex,2026-09-14,50.24843336408477,4.917710329316743,0.9180327868852459,19.511549122379062,26.283927340140334,3.661289900443825,0.5,61
all_history,NDX,5,garch_gex,2026-09-15,13.118297371509517,3.007229979732074,1.0,16.389452983228065,16.389452983228065,2.2887826648782092,0.5,11
all_history,NDX,5,garch_gex,2026-09-16,100.32656868818759,6.9487631025588295,0.7333333333333333,18.921940822225114,32.709546861750134,4.9894727613549605,0.5,60
all_history,NDX,5,garch_gex,2026-09-18,17.462528916860798,3.0421817178003647,0.9166666666666666,12.499379270517668,15.293411792273298,2.275021841750103,0.5,60
all_history,NDX,5,garch_gex,2026-09-21,1.954770868963445,1.3981312059186166,1.0,15.05020622229229,15.05020622229229,1.5044120271022947,0.5,1
all_history,NDX,5,garch_gex,2026-09-22,21.318568728377198,3.6914793971643616,0.8421052631578947,13.351445824188767,17.726945627825007,2.6492216832411293,0.5,57
all_history,NDX,5,garch_gex,2026-09-23,32.50082214988368,4.240087330252734,0.8222222222222222,16.690903517177013,22.42438494324641,3.2265651431217743,0.5,45
all_history,NDX,5,garch_gex,2026-09-24,106.02471938614607,7.276343621183321,0.7704918032786885,24.263797071417454,38.412421479725886,5.504083412796797,0.5,61
all_history,NDX,5,garch_gex,2026-09-25,66.95620566460724,5.933711506117166,0.8524590163934426,20.36004239787221,27.461608764181005,4.319558726183205,0.5,61
all_history,NDX,5,garch_gex,2026-09-28,85.46553199193,6.450715901895851,0.8070175438596491,24.44642262303718,34.70863594705779,4.896950769249251,0.5,57
all_history,NDX,5,garch_gex,2026-09-29,43.78839716844529,5.051591941436989,0.8360655737704918,17.37456316353662,24.382772083884426,3.671331576270552,0.5,61
all_history,NDX,5,garch_price,2026-07-21,33.18820298434252,4.276944020282349,0.8852459016393442,16.631282894026207,20.55800860892228,3.018973161683976,0.5,61
all_history,NDX,5,garch_price,2026-07-22,26.486193653740234,3.975381284560648,0.8095238095238095,15.718636664086935,19.563257422408853,3.000866412855267,0.5,21
all_history,NDX,5,garch_price,2026-07-23,135.5060038348977,9.45776883311919,0.8360655737704918,28.603834006771184,38.95734984274068,6.434352164700435,0.5,61
all_history,NDX,5,garch_price,2026-07-24,165.25829035199752,9.761709534296228,0.8409090909090909,35.51497327699129,44.69514818181744,6.8692208255521585,0.5,44
all_history,NDX,5,garch_price,2026-07-30,203.57713592664436,9.65041323330297,0.8333333333333334,37.0801561545018,61.886537926305955,7.820570791367017,0.5,12
all_history,NDX,5,garch_price,2026-07-31,140.1032820945082,9.59225840265899,0.8,34.45476747596578,41.97601038806195,6.752362422504191,0.5,40
all_history,NDX,5,garch_price,2026-08-03,14.286753641986005,2.982945499832139,0.9411764705882353,15.413074329914446,16.00366598799231,2.2987006071644775,0.5,17
all_history,NDX,5,garch_price,2026-08-11,23.10457276451992,4.03966044792365,0.9285714285714286,17.886041287718747,18.25164425871053,2.8705002542262377,0.5,14
all_history,NDX,5,garch_price,2026-08-12,33.94136889378475,4.7215446579695355,0.9032258064516129,17.05129847965698,19.68451076813422,3.273931078516072,0.5,31
all_history,NDX,5,garch_price,2026-08-13,46.98673613936336,5.774010949817845,0.8333333333333334,18.1480576542353,24.204441737441616,3.961875496057093,0.5,24
all_history,NDX,5,garch_price,2026-08-14,9.386477465619874,2.1631473086963524,1.0,18.5090420392524,18.5090420392524,2.1884180621013853,0.5,4
all_history,NDX,5,garch_price,2026-09-01,36.51727096575894,5.192716355626342,0.8222222222222222,17.2843824356489,20.301203700477384,3.511556206299277,0.5,45
all_history,NDX,5,garch_price,2026-09-04,33.50929788994033,4.10279498822274,0.875,19.331240188223838,23.72023157836473,3.268989171874685,0.5,16
all_history,NDX,5,garch_price,2026-09-08,37.199258231875056,4.232431211019945,0.918918918918919,17.741015915730166,24.429110219251896,3.339883639909148,0.5,37
all_history,NDX,5,garch_price,2026-09-09,152.76571049661408,10.407994543169236,0.6666666666666666,30.153871158420475,42.872348920173,7.218348033358572,0.5,15
all_history,NDX,5,garch_price,2026-09-10,25.72652714202366,4.108661445069352,0.8695652173913043,17.88271119974041,19.471121106485835,2.926487389910385,0.5,46
all_history,NDX,5,garch_price,2026-09-11,36.60893062647203,4.259006455886051,0.9117647058823529,17.992396659888193,20.999912217740132,3.1860394992256182,0.5,34
all_history,NDX,5,garch_price,2026-09-14,50.24843336408477,4.917710329316743,0.9016393442622951,18.337986472636814,25.396428937874596,3.6190948394549625,0.5,61
all_history,NDX,5,garch_price,2026-09-15,13.118297371509517,3.007229979732074,0.9090909090909091,13.660979909938076,13.90228891953724,2.195892756407105,0.5,11
all_history,NDX,5,garch_price,2026-09-16,100.32656868818759,6.9487631025588295,0.75,19.51066539217724,32.56674267976524,4.982596421158707,0.5,60
all_history,NDX,5,garch_price,2026-09-18,17.462528916860798,3.0421817178003647,0.9,12.181310638188135,15.1095415011599,2.2682965739085725,0.5,60
all_history,NDX,5,garch_price,2026-09-21,1.954770868963445,1.3981312059186166,1.0,16.120952971687796,16.120952971687796,1.5933337756642614,0.5,1
all_history,NDX,5,garch_price,2026-09-22,21.318568728377198,3.6914793971643616,0.8771929824561403,14.365364107515617,17.969152996711195,2.6620652046132367,0.5,57
all_history,NDX,5,garch_price,2026-09-23,32.50082214988368,4.240087330252734,0.8222222222222222,16.42682162926334,22.523816391340695,3.230281292336273,0.5,45
all_history,NDX,5,garch_price,2026-09-24,106.02471938614607,7.276343621183321,0.8032786885245902,24.808197017344877,38.66130388808027,5.519169414475271,0.5,61
all_history,NDX,5,garch_price,2026-09-25,66.95620566460724,5.933711506117166,0.8852459016393442,21.288891783757638,27.79430150924921,4.331170881944764,0.5,61
all_history,NDX,5,garch_price,2026-09-28,85.46553199193,6.450715901895851,0.8070175438596491,24.215411004451287,34.87442214883881,4.904984594209379,0.5,57
all_history,NDX,5,garch_price,2026-09-29,43.78839716844529,5.051591941436989,0.8360655737704918,17.680325992055778,24.479702283846123,3.673806441378132,0.5,61
all_history,NDX,5,kalman_gex,2026-07-21,32.382284843688886,4.320967096162384,0.9672131147540983,27.136544449506406,28.941957620699963,3.54442614264701,0.45901639344262296,61
all_history,NDX,5,kalman_gex,2026-07-22,25.54230994407516,4.108010707664435,1.0,27.514044834121982,27.514044834121982,3.422861696384864,0.5714285714285714,21
all_history,NDX,5,kalman_gex,2026-07-23,142.01233960509805,9.517773292349919,0.8032786885245902,27.136544449506406,41.09016045970022,6.679824774662605,0.47540983606557374,61
all_history,NDX,5,kalman_gex,2026-07-24,170.7094753107122,10.163366040941092,0.8409090909090909,27.23523938708199,45.32645768149335,7.161312865654285,0.36363636363636365,44
all_history,NDX,5,kalman_gex,2026-07-30,222.81648660230755,11.731551448884145,0.6666666666666666,27.754301603819883,55.64630904921203,8.54974955363594,0.4166666666666667,12
all_history,NDX,5,kalman_gex,2026-07-31,156.9304964576253,10.195027939442477,0.8,27.26717622524785,44.63740159673365,7.118593320304586,0.4,40
all_history,NDX,5,kalman_gex,2026-08-03,13.8387188887791,2.5720309323991906,1.0,27.603488068201397,27.603488068201397,3.0154498431885406,0.7058823529411765,17
all_history,NDX,5,kalman_gex,2026-08-11,19.764970640410883,3.3516016002827236,1.0,28.13533283213025,28.13533283213025,3.252263108540931,0.7857142857142857,14
all_history,NDX,5,kalman_gex,2026-08-12,35.564979719584194,4.827533591013525,1.0,27.81202384407504,27.81202384407504,3.757166295555053,0.4838709677419355,31
all_history,NDX,5,kalman_gex,2026-08-13,50.22162342422786,6.024620512134227,1.0,27.90969612845881,27.90969612845881,4.2603417397811665,0.375,24
all_history,NDX,5,kalman_gex,2026-08-14,9.511384573265882,2.263476798178985,1.0,28.63553751959062,28.63553751959062,2.946388515859758,0.5,4
all_history,NDX,5,kalman_gex,2026-09-01,46.0796420619573,5.659189319235866,0.9555555555555556,27.686621005201363,28.024040601422076,4.108058447867738,0.4444444444444444,45
all_history,NDX,5,kalman_gex,2026-09-04,31.001531641985448,4.400776493614089,1.0,28.27174921724415,28.27174921724415,3.6425235380249896,0.625,16
all_history,NDX,5,kalman_gex,2026-09-08,39.04696348155042,4.416805703094103,0.9459459459459459,27.993628849602786,30.598695706334656,3.8140380385222517,0.4594594594594595,37
all_history,NDX,5,kalman_gex,2026-09-09,152.35963150209943,10.588430786729642,0.6666666666666666,26.452147801889257,41.027009509350144,7.300323945615944,0.4666666666666667,15
all_history,NDX,5,kalman_gex,2026-09-10,32.05800717394786,4.5525252425734495,0.9782608695652174,26.070750602894627,26.78488355484664,3.5411653868802775,0.43478260869565216,46
all_history,NDX,5,kalman_gex,2026-09-11,38.36999228890338,4.520110106246846,0.9411764705882353,26.402562062422728,28.30199032869351,3.7303810923406933,0.5294117647058824,34
all_history,NDX,5,kalman_gex,2026-09-14,53.39087376128973,5.325463946923213,0.9180327868852459,26.003894846847434,30.873975281940385,4.139539286840894,0.4918032786885246,61
all_history,NDX,5,kalman_gex,2026-09-15,14.367022709354899,3.0911004014059724,1.0,26.575517712554753,26.575517712554753,2.9647231317130287,0.5454545454545454,11
all_history,NDX,5,kalman_gex,2026-09-16,102.2741489767538,6.998458555982702,0.85,26.007436083875696,39.53216522425107,5.426992680921197,0.5166666666666667,60
all_history,NDX,5,kalman_gex,2026-09-18,18.089972819887258,3.0876545545937266,0.9833333333333333,26.007436083875696,26.13533269070098,3.0386330181525714,0.5166666666666667,60
all_history,NDX,5,kalman_gex,2026-09-21,0.48570018718724084,0.6969219376567514,1.0,25.946024371253138,25.946024371253138,2.3848036010104336,1.0,1
all_history,NDX,5,kalman_gex,2026-09-22,22.44195764465984,3.73156194976585,0.9824561403508771,24.859089106702406,25.248575481845823,3.133994363560553,0.49122807017543857,57
all_history,NDX,5,kalman_gex,2026-09-23,32.93419302145526,4.209545358335869,0.9555555555555556,24.904854603130772,26.820425760656725,3.48688189582274,0.6222222222222222,45
all_history,NDX,5,kalman_gex,2026-09-24,106.59492266807806,7.3646351032430095,0.8524590163934426,24.84756938578084,36.27082850667204,5.402838673061791,0.5245901639344263,61
all_history,NDX,5,kalman_gex,2026-09-25,74.22992079213526,6.333256310708566,0.8852459016393442,24.84756938578084,32.70398603326822,4.764037433100168,0.47540983606557374,61
all_history,NDX,5,kalman_gex,2026-09-28,97.60220774233333,6.903565029781107,0.8245614035087719,24.859089106702406,38.263301951328174,5.30400049114217,0.45614035087719296,57
all_history,NDX,5,kalman_gex,2026-09-29,43.964195438024596,5.094784081412264,0.9180327868852459,24.84756938578084,27.53861272747152,3.874640466889531,0.5409836065573771,61
all_history,NDX,5,kalman_price,2026-07-21,34.38338713814374,4.431539326243975,0.9672131147540983,27.41517591918214,29.282861300421242,3.631948876031297,0.4918032786885246,61
all_history,NDX,5,kalman_price,2026-07-22,27.252491812274602,4.498332548564603,1.0,27.806997821647332,27.806997821647332,3.5049980684837645,0.47619047619047616,21
all_history,NDX,5,kalman_price,2026-07-23,140.8506650078689,9.467121023860193,0.8032786885245902,27.41517591918214,40.72973204405367,6.63930688141354,0.5409836065573771,61
all_history,NDX,5,kalman_price,2026-07-24,176.13046850373408,10.376719561979904,0.8181818181818182,27.519365586057265,46.39621774431081,7.297571768784881,0.36363636363636365,44
all_history,NDX,5,kalman_price,2026-07-30,227.02322016017106,11.744623237093215,0.6666666666666666,28.0513241059846,55.981451557193196,8.623332897288693,0.4166666666666667,12
all_history,NDX,5,kalman_price,2026-07-31,156.17095923687356,10.056399104814336,0.75,27.552709044462908,45.37525274809914,7.047034421122817,0.45,40
all_history,NDX,5,kalman_price,2026-08-03,13.815582365062461,2.5945124572587956,1.0,27.898197468027373,27.898197468027373,3.0354472140012576,0.8235294117647058,17
all_history,NDX,5,kalman_price,2026-08-11,21.98830124549288,3.3746500236256813,1.0,28.44281803160468,28.44281803160468,3.3414956813625487,0.7857142857142857,14
all_history,NDX,5,kalman_price,2026-08-12,35.839764337756,4.8596863927843845,1.0,28.10718980424465,28.10718980424465,3.7784526583197864,0.41935483870967744,31
all_history,NDX,5,kalman_price,2026-08-13,53.70814721514193,6.109541838544345,0.9166666666666666,28.20965741323256,28.443160819506016,4.374815478874313,0.4583333333333333,24
all_history,NDX,5,kalman_price,2026-08-14,9.684811929401068,2.3655669195216062,1.0,28.951363221356672,28.951363221356672,2.9772801852815527,0.5,4
all_history,NDX,5,kalman_price,2026-09-01,44.03953232990413,5.614642764897548,0.9777777777777777,27.973194915996064,28.072637859490552,4.058273605303659,0.5111111111111111,45
all_history,NDX,5,kalman_price,2026-09-04,32.309345937058445,4.531575615782408,1.0,28.581603473293658,28.581603473293658,3.7045223634070275,0.625,16
all_history,NDX,5,kalman_price,2026-09-08,37.97728207709883,4.405384252017291,0.9459459459459459,28.296075210141378,30.61957725996099,3.80027270018106,0.5405405405405406,37
all_history,NDX,5,kalman_price,2026-09-09,159.60396059685252,10.985679460816543,0.6,26.734560995478823,41.19496225255089,7.536114371729442,0.4666666666666667,15
all_history,NDX,5,kalman_price,2026-09-10,31.41823998773046,4.38035592188179,0.9782608695652174,26.328378220617424,27.161311256834676,3.5232803267698563,0.43478260869565216,46
all_history,NDX,5,kalman_price,2026-09-11,40.115368026371904,4.592602764469767,0.9411764705882353,26.683010963955706,28.865724007304326,3.798258514267085,0.47058823529411764,34
all_history,NDX,5,kalman_price,2026-09-14,51.70401177063863,5.30098809006196,0.9180327868852459,26.252914861166627,30.455284755345012,4.111388929290241,0.4918032786885246,61
all_history,NDX,5,kalman_price,2026-09-15,14.17005823745564,3.0636622652012444,1.0,26.86189521886204,26.86189521886204,2.97861744610159,0.6363636363636364,11
all_history,NDX,5,kalman_price,2026-09-16,102.87287572176595,7.028704654726514,0.8666666666666667,26.256970098641254,39.51915299494579,5.472895886079282,0.4666666666666667,60
all_history,NDX,5,kalman_price,2026-09-18,17.816416210423917,3.1236132086492714,0.9833333333333333,26.256970098641254,26.32058137867211,3.0485260586080374,0.5333333333333333,60
all_history,NDX,5,kalman_price,2026-09-21,0.03267415765205677,0.18075994482201185,1.0,26.26281640298167,26.26281640298167,2.3958258961630055,1.0,1
all_history,NDX,5,kalman_price,2026-09-22,21.503272794980493,3.6932326575778744,0.9824561403508771,25.082637834969024,25.33845693460086,3.1147265614943733,0.5789473684210527,57
all_history,NDX,5,kalman_price,2026-09-23,33.65477247783204,4.29087826761791,0.9555555555555556,25.14172516046575,27.07483817330571,3.5252825001289767,0.5111111111111111,45
all_history,NDX,5,kalman_price,2026-09-24,108.86272042135175,7.53771412879878,0.8360655737704918,25.067341839887426,37.04741864184068,5.449227569376483,0.4262295081967213,61
all_history,NDX,5,kalman_price,2026-09-25,77.01953337220776,6.384341037170715,0.8360655737704918,25.067341839887426,33.07059109598592,4.845903782926734,0.47540983606557374,61
all_history,NDX,5,kalman_price,2026-09-28,100.97293617247924,7.023024407155708,0.8245614035087719,25.082637834969024,38.88858845504897,5.398902332385332,0.42105263157894735,57
all_history,NDX,5,kalman_price,2026-09-29,45.785274861717774,5.191020380209317,0.9180327868852459,25.067341839887426,27.987200894656972,3.940067308143356,0.45901639344262296,61
all_history,NDX,5,markov_gex,2026-07-21,33.11366801925428,4.240491102895443,0.9016393442622951,17.660658072640626,20.694591444147008,3.044094239751429,0.5573770491803278,61
all_history,NDX,5,markov_gex,2026-07-22,25.802912866252594,3.999067193278568,0.7619047619047619,13.788637805175116,18.533158704516577,2.9370805251655305,0.47619047619047616,21
all_history,NDX,5,markov_gex,2026-07-23,133.39768636767639,9.426539832470057,0.8360655737704918,30.26438465893651,39.489933028345625,6.493122790560709,0.5573770491803278,61
all_history,NDX,5,markov_gex,2026-07-24,164.32222479921597,9.714500721996352,0.9090909090909091,31.768543777230448,46.135440426324124,6.940895695016073,0.5,44
all_history,NDX,5,markov_gex,2026-07-30,198.29035958336445,9.523931049041252,0.8333333333333334,31.789609446878604,57.084132477451355,7.530457220657628,0.5833333333333334,12
all_history,NDX,5,markov_gex,2026-07-31,141.03505999158043,9.637087805456376,0.825,32.02066412530184,44.096286717462846,6.7359883079400635,0.475,40
all_history,NDX,5,markov_gex,2026-08-03,15.363222610309098,3.21859516011175,0.8823529411764706,13.811014007207048,15.520881756728924,2.3373450527701713,0.17647058823529413,17
all_history,NDX,5,markov_gex,2026-08-11,21.773545009916212,3.9485867036382345,0.8571428571428571,16.881867577645398,18.359920967263548,2.8258708158814825,0.6428571428571429,14
all_history,NDX,5,markov_gex,2026-08-12,33.39609369489136,4.704580534990409,0.9032258064516129,20.08758194696302,22.158622634360867,3.3708881891733222,0.5806451612903226,31
all_history,NDX,5,markov_gex,2026-08-13,47.77998211659374,5.874387397867088,0.7083333333333334,15.322376790948603,25.357124483585142,4.093867507717174,0.375,24
all_history,NDX,5,markov_gex,2026-08-14,9.12217586341309,2.1818842951932327,1.0,15.499437319907885,15.499437319907885,2.0051871579934932,0.5,4
all_history,NDX,5,markov_gex,2026-09-01,36.75104513702189,5.2122382376352965,0.8222222222222222,18.78586779041314,22.485802490466273,3.6352234181075045,0.4,45
all_history,NDX,5,markov_gex,2026-09-04,32.402437798559916,4.077703677605383,0.8125,21.482074537668463,23.256396825333525,3.3713481277175816,0.625,16
all_history,NDX,5,markov_gex,2026-09-08,36.366171764509055,4.170291612682983,0.8918918918918919,17.237890627986502,24.53142508061557,3.332211276982031,0.7027027027027027,37
all_history,NDX,5,markov_gex,2026-09-09,148.98353555549195,10.296691894630152,0.8666666666666667,31.685703165167766,38.03897294530114,7.001609587546905,0.5333333333333333,15
all_history,NDX,5,markov_gex,2026-09-10,25.355352911448723,4.057167382474643,0.9130434782608695,17.379094485654424,18.932586954749635,2.8873144740865495,0.6086956521739131,46
all_history,NDX,5,markov_gex,2026-09-11,36.72508928000643,4.287799228417475,0.9411764705882353,21.330336462759796,22.554491408542916,3.3235219251247834,0.5588235294117647,34
all_history,NDX,5,markov_gex,2026-09-14,51.16261952355485,4.932623571691636,0.9180327868852459,23.054491187612033,27.17094941657692,3.7520056227958762,0.5409836065573771,61
all_history,NDX,5,markov_gex,2026-09-15,12.821133771056425,3.0192626750922376,1.0,13.377156246451035,13.377156246451035,2.136959823703091,0.5454545454545454,11
all_history,NDX,5,markov_gex,2026-09-16,102.3141628484945,6.990692346018586,0.7166666666666667,17.59161284166619,33.99641166551383,5.082286349659821,0.48333333333333334,60
all_history,NDX,5,markov_gex,2026-09-18,17.550503629471397,3.069700372036563,0.8666666666666667,13.382504777517708,16.233016499009626,2.341474825151165,0.48333333333333334,60
all_history,NDX,5,markov_gex,2026-09-21,2.6144082928753147,1.6169131989303924,1.0,14.007151513981189,14.007151513981189,1.4665973146584717,0.0,1
all_history,NDX,5,markov_gex,2026-09-22,21.457742054192977,3.663236817027321,0.8421052631578947,14.844756914754287,18.347520076283118,2.68510148622384,0.5263157894736842,57
all_history,NDX,5,markov_gex,2026-09-23,31.892902860911587,4.17210893711281,0.8222222222222222,16.3800030887697,23.1482216811821,3.260220511587662,0.6222222222222222,45
all_history,NDX,5,markov_gex,2026-09-24,105.26703046295181,7.295942532342016,0.8032786885245902,26.377272363176736,39.226357049754384,5.533324427235501,0.5409836065573771,61
all_history,NDX,5,markov_gex,2026-09-25,66.81582384638475,5.957078483012017,0.9016393442622951,23.10371459120178,28.11505023299949,4.341102307379147,0.5245901639344263,61
all_history,NDX,5,markov_gex,2026-09-28,84.95869133174683,6.415327058452627,0.7894736842105263,23.275509929717167,33.30358091113364,4.8009590970210825,0.5087719298245614,57
all_history,NDX,5,markov_gex,2026-09-29,43.090796463056996,4.987992609144882,0.8688524590163934,19.642655259334504,25.745208023630912,3.7156917650480397,0.5737704918032787,61
all_history,NDX,5,markov_price,2026-07-21,33.010941854776945,4.241882220448756,0.8852459016393442,17.64914022478127,20.65038061219788,3.0403478403606536,0.5737704918032787,61
all_history,NDX,5,markov_price,2026-07-22,25.81194843485611,4.002526034924619,0.7619047619047619,13.797935403659514,18.53745034104089,2.9388517317399923,0.47619047619047616,21
all_history,NDX,5,markov_price,2026-07-23,133.27366963915256,9.414976025145638,0.8524590163934426,30.23387905247592,39.44852823876168,6.489726428353201,0.5245901639344263,61
all_history,NDX,5,markov_price,2026-07-24,164.44012469167643,9.718372520773993,0.9090909090909091,31.767556944930025,46.14896626549139,6.942353578262634,0.5,44
all_history,NDX,5,markov_price,2026-07-30,198.2166265226398,9.50131526715717,0.8333333333333334,31.77775100446324,57.0845923626639,7.523554958950093,0.5833333333333334,12
all_history,NDX,5,markov_price,2026-07-31,140.95007757492496,9.631311595757321,0.825,32.01555523048357,44.0971784169602,6.73342553351074,0.45,40
all_history,NDX,5,markov_price,2026-08-03,15.046662327339721,3.1531076031087615,0.8823529411764706,13.758867172743036,15.353625573316315,2.313761106925539,0.29411764705882354,17
all_history,NDX,5,markov_price,2026-08-11,21.745896489245215,3.944347513452908,0.8571428571428571,16.869329850255117,18.348727875034232,2.823938021513804,0.6428571428571429,14
all_history,NDX,5,markov_price,2026-08-12,33.41793112979715,4.7086435483939795,0.9032258064516129,20.0576180973,22.152987142483884,3.372655799468503,0.5483870967741935,31
all_history,NDX,5,markov_price,2026-08-13,47.69769512618126,5.869202899379329,0.7083333333333334,15.29508468989377,25.299680637762137,4.092678336124902,0.375,24
all_history,NDX,5,markov_price,2026-08-14,9.099832609743737,2.1819783675679125,1.0,15.493754964716677,15.493754964716677,2.003767437850156,0.5,4
all_history,NDX,5,markov_price,2026-09-01,36.810987452545845,5.215264265721895,0.8222222222222222,18.760930226001886,22.504597836173794,3.6387619658002412,0.4,45
all_history,NDX,5,markov_price,2026-09-04,32.32504859861614,4.06941387099578,0.8125,21.43913079969456,23.240690776407774,3.36712460965398,0.625,16
all_history,NDX,5,markov_price,2026-09-08,36.39695996867426,4.176433192273858,0.8918918918918919,17.24306768801465,24.529007505843623,3.3336290458379683,0.6486486486486487,37
all_history,NDX,5,markov_price,2026-09-09,148.92115286466253,10.293956227782324,0.8666666666666667,31.687520242989233,38.03768697957892,7.000217793324925,0.5333333333333333,15
all_history,NDX,5,markov_price,2026-09-10,25.36632837944692,4.060602981573297,0.9130434782608695,17.379411025515147,18.93279730093176,2.88898940031939,0.5869565217391305,46
all_history,NDX,5,markov_price,2026-09-11,36.704329097411794,4.2875389108632795,0.9411764705882353,21.338717525566956,22.556771194882867,3.3225853694954424,0.5882352941176471,34
all_history,NDX,5,markov_price,2026-09-14,51.12950323657615,4.932887349130938,0.9180327868852459,23.05677543834995,27.165342752109492,3.751480078235031,0.5409836065573771,61
all_history,NDX,5,markov_price,2026-09-15,12.836064809366126,3.013294569380743,1.0,13.37505525983574,13.37505525983574,2.1375855425680332,0.6363636363636364,11
all_history,NDX,5,markov_price,2026-09-16,102.25606601710594,6.989727237617531,0.7166666666666667,17.5757935193716,34.002138291948185,5.081593644364099,0.5,60
all_history,NDX,5,markov_price,2026-09-18,17.569051506494198,3.0708253786428172,0.8833333333333333,13.378671327297258,16.239531359322225,2.342555110317556,0.45,60
all_history,NDX,5,markov_price,2026-09-21,2.2060680859914314,1.4852838402108304,1.0,13.949418543156636,13.949418543156636,1.4325747896668246,0.0,1
all_history,NDX,5,markov_price,2026-09-22,21.25095557524466,3.6541986329965237,0.8421052631578947,14.83828979827794,18.20412635622215,2.6736895425596523,0.5614035087719298,57
all_history,NDX,5,markov_price,2026-09-23,31.90186270450295,4.172375405071765,0.8222222222222222,16.42977674615276,23.16811516690892,3.262329675661279,0.6222222222222222,45
all_history,NDX,5,markov_price,2026-09-24,105.30231427356283,7.299182870532314,0.8032786885245902,26.37697456173448,39.25492923057205,5.533357559658471,0.5901639344262295,61
all_history,NDX,5,markov_price,2026-09-25,66.80677807187647,5.952454631149045,0.9016393442622951,23.096580251498953,28.146547515883448,4.341179980315118,0.5081967213114754,61
all_history,NDX,5,markov_price,2026-09-28,85.13398221246385,6.418242491379736,0.7894736842105263,23.268634760302568,33.32373139487365,4.804084007158095,0.5263157894736842,57
all_history,NDX,5,markov_price,2026-09-29,43.143881779828554,4.993866147496683,0.8688524590163934,19.670129526837773,25.74072721175704,3.719364381935216,0.5573770491803278,61
all_history,NDX,5,momentum,2026-07-21,43.20371154342323,4.587393106747902,0.8852459016393442,19.60611410104758,23.452641511200767,3.428697339855608,0.4098360655737705,61
all_history,NDX,5,momentum,2026-07-22,39.850327982977184,5.196777229447247,0.8571428571428571,19.8228806365915,23.604082619360767,3.6815460851625934,0.47619047619047616,21
all_history,NDX,5,momentum,2026-07-23,182.749642948367,10.484819383403783,0.8032786885245902,30.35504657143034,48.121221328997514,7.446397467720267,0.6065573770491803,61
all_history,NDX,5,momentum,2026-07-24,199.29902088253505,11.33080339394523,0.8409090909090909,37.93597313183031,47.00782781349262,7.8180125630284865,0.4772727272727273,44
all_history,NDX,5,momentum,2026-07-30,281.4026952532477,12.431171760469928,0.8333333333333334,35.08665939540327,67.032594823254,8.99570060434085,0.25,12
all_history,NDX,5,momentum,2026-07-31,193.14785275291138,10.875562755127977,0.825,36.59067492707899,45.728785696216576,7.82459366539158,0.575,40
all_history,NDX,5,momentum,2026-08-03,14.349995792009265,3.0828127335684545,1.0,20.078818215404322,20.078818215404322,2.5388566169500097,0.6470588235294118,17
all_history,NDX,5,momentum,2026-08-11,28.08167746342774,4.009909306128975,0.9285714285714286,22.37284343800383,22.49212613000584,3.2298210918091286,0.7142857142857143,14
all_history,NDX,5,momentum,2026-08-12,48.45956375800046,5.564254962193269,0.8387096774193549,20.795296816822066,22.84600130118453,3.868469824588834,0.3870967741935484,31
all_history,NDX,5,momentum,2026-08-13,71.93527643790405,6.992512327219729,0.8333333333333334,21.004234123734918,30.52090036016682,4.813320529763783,0.5,24
all_history,NDX,5,momentum,2026-08-14,18.915063819105445,4.162397064502633,1.0,23.1952978598542,23.1952978598542,2.9279897504489467,0.25,4
all_history,NDX,5,momentum,2026-09-01,41.345783520853914,4.911022338866691,0.9111111111111111,19.89514010444898,23.160198219380234,3.633720547817952,0.5555555555555556,45
all_history,NDX,5,momentum,2026-09-04,35.155653196592915,4.644725500424708,0.875,23.11211000243671,24.69354279966723,3.4967345310434816,0.5625,16
all_history,NDX,5,momentum,2026-09-08,50.21829647290636,5.297681950661851,0.918918918918919,21.665196550384458,28.5237262919985,3.9453935463693397,0.4594594594594595,37
all_history,NDX,5,momentum,2026-09-09,189.05750012135576,11.668158169582279,0.8,29.114380909523042,46.94795989789289,7.864919917988337,0.4666666666666667,15
all_history,NDX,5,momentum,2026-09-10,27.418544953641533,4.19825404384281,0.9565217391304348,21.694944161597938,22.556472974087672,3.141897636801989,0.5217391304347826,46
all_history,NDX,5,momentum,2026-09-11,54.3912940459538,5.4689277843595026,0.9117647058823529,21.782155609901267,26.188549501015956,3.91267837786669,0.6176470588235294,34
all_history,NDX,5,momentum,2026-09-14,67.46541779879564,6.018575892746885,0.8688524590163934,21.04644934966048,27.98758360939936,4.30881817492144,0.4918032786885246,61
all_history,NDX,5,momentum,2026-09-15,16.470138045149255,3.3032770965823364,1.0,19.224592859619378,19.224592859619378,2.607338804781452,0.45454545454545453,11
all_history,NDX,5,momentum,2026-09-16,127.28077584450168,8.228158233220004,0.6666666666666666,19.794853489378873,38.11062820099809,5.946434209346046,0.4666666666666667,60
all_history,NDX,5,momentum,2026-09-18,23.333539311862996,3.4913067291102684,0.9,14.4407455654852,18.218221033863486,2.642379549881061,0.5833333333333334,60
all_history,NDX,5,momentum,2026-09-21,0.721563427968137,0.84944889661953,1.0,21.14370974589709,21.14370974589709,1.9626758418339874,1.0,1
all_history,NDX,5,momentum,2026-09-22,29.064611790504948,4.305534573782805,0.8596491228070176,16.23898982196288,19.242469210051212,3.0845489627699196,0.49122807017543857,57
all_history,NDX,5,momentum,2026-09-23,47.00308077363441,5.518154452905529,0.8,18.427338779908673,24.893089895879964,3.905631047184161,0.4222222222222222,45
all_history,NDX,5,momentum,2026-09-24,154.82491633283294,9.172643954474164,0.7868852459016393,25.970127875236933,45.681259210389356,6.69308197046658,0.4918032786885246,61
all_history,NDX,5,momentum,2026-09-25,93.05076858036644,7.269970010671446,0.8688524590163934,24.21443127254454,32.209216158155954,5.192188991546439,0.4098360655737705,61
all_history,NDX,5,momentum,2026-09-28,138.51891460895595,8.497604984886589,0.8070175438596491,26.392569407677435,41.93094269639127,6.295082272701572,0.43859649122807015,57
all_history,NDX,5,momentum,2026-09-29,62.331784169515025,6.0143089697595595,0.8360655737704918,19.028491571780012,27.58947178509261,4.298348695250599,0.45901639344262296,61
all_history,NDX,5,ou_gex,2026-07-21,33.18820298434252,4.276944020282349,0.9836065573770492,27.045495695131606,29.117125095506225,3.5497220117053034,0.5,61
all_history,NDX,5,ou_gex,2026-07-22,26.486193653740234,3.975381284560648,1.0,27.045495695131606,27.045495695131606,3.422053550998448,0.5,21
all_history,NDX,5,ou_gex,2026-07-23,135.5060038348977,9.45776883311919,0.8032786885245902,27.045495695131606,39.97984478690405,6.5447958288262535,0.5,61
all_history,NDX,5,ou_gex,2026-07-24,165.25829035199752,9.761709534296228,0.8409090909090909,27.045495695131606,45.79010129313797,6.989240077288482,0.5,44
all_history,NDX,5,ou_gex,2026-07-30,203.57713592664436,9.65041323330297,0.8333333333333334,27.045495695131606,55.52721142928976,7.526555521484422,0.5,12
all_history,NDX,5,ou_gex,2026-07-31,140.1032820945082,9.59225840265899,0.8,27.045495695131603,42.6445329395865,6.709261952399333,0.5,40
all_history,NDX,5,ou_gex,2026-08-03,14.286753641986005,2.982945499832139,1.0,27.045495695131606,27.045495695131606,2.9921838108822976,0.5,17
all_history,NDX,5,ou_gex,2026-08-11,23.10457276451992,4.03966044792365,1.0,27.424155520523282,27.424155520523282,3.3348476550975765,0.5,14
all_history,NDX,5,ou_gex,2026-08-12,33.94136889378475,4.7215446579695355,1.0,27.424155520523286,27.424155520523286,3.6860127994777536,0.5,31
all_history,NDX,5,ou_gex,2026-08-13,46.98673613936336,5.774010949817845,1.0,27.424155520523286,27.424155520523286,4.1308053524489035,0.5,24
all_history,NDX,5,ou_gex,2026-08-14,9.386477465619874,2.1631473086963524,1.0,27.424155520523286,27.424155520523286,2.8436951610994043,0.5,4
all_history,NDX,5,ou_gex,2026-09-01,36.51727096575894,5.192716355626342,1.0,27.424155520523286,27.424155520523286,3.7939349481655245,0.5,45
all_history,NDX,5,ou_gex,2026-09-04,33.50929788994033,4.10279498822274,0.9375,27.424155520523286,28.954413294020473,3.630215590940922,0.5,16
all_history,NDX,5,ou_gex,2026-09-08,37.199258231875056,4.232431211019945,0.9459459459459459,27.424155520523286,30.183570286140373,3.7181419621509932,0.5,37
all_history,NDX,5,ou_gex,2026-09-09,152.76571049661408,10.407994543169236,0.6666666666666666,25.80391022990876,43.453621334066,7.219976941347164,0.5,15
all_history,NDX,5,ou_gex,2026-09-10,25.72652714202366,4.108661445069352,1.0,25.803910229908755,25.803910229908755,3.3194315021706733,0.5,46
all_history,NDX,5,ou_gex,2026-09-11,36.60893062647203,4.259006455886051,0.9411764705882353,25.80391022990876,28.049604307118475,3.6440375457421865,0.5,34
all_history,NDX,5,ou_gex,2026-09-14,50.24843336408477,4.917710329316743,0.9180327868852459,25.80391022990876,31.021883687135105,4.014915001005548,0.5,61
all_history,NDX,5,ou_gex,2026-09-15,13.118297371509517,3.007229979732074,1.0,25.803910229908755,25.803910229908755,2.8615226097515367,0.5,11
all_history,NDX,5,ou_gex,2026-09-16,100.32656868818759,6.9487631025588295,0.8666666666666667,25.80391022990876,38.935769288973084,5.36213572989261,0.5,60
all_history,NDX,5,ou_gex,2026-09-18,17.462528916860798,3.0421817178003647,0.9833333333333333,25.80391022990876,25.939146264010585,3.006248746682942,0.5,60
all_history,NDX,5,ou_gex,2026-09-21,1.954770868963445,1.3981312059186166,1.0,24.612258888150215,24.612258888150215,2.32513048063599,0.5,1
all_history,NDX,5,ou_gex,2026-09-22,21.318568728377198,3.6914793971643616,0.9824561403508771,24.612258888150215,24.90308046929955,3.0784202478754725,0.5,57
all_history,NDX,5,ou_gex,2026-09-23,32.50082214988368,4.240087330252734,0.9555555555555556,24.612258888150215,26.048035164089676,3.4655009065497495,0.5,45
all_history,NDX,5,ou_gex,2026-09-24,106.02471938614607,7.276343621183321,0.8524590163934426,24.612258888150215,36.803688270131076,5.357267954996458,0.5,61
all_history,NDX,5,ou_gex,2026-09-25,66.95620566460724,5.933711506117166,0.8360655737704918,24.612258888150215,31.18842382023384,4.539073096220685,0.5,61
all_history,NDX,5,ou_gex,2026-09-28,85.46553199193,6.450715901895851,0.8596491228070176,24.612258888150215,35.8924618114438,4.917633250013418,0.5,57
all_history,NDX,5,ou_gex,2026-09-29,43.78839716844529,5.051591941436989,0.9180327868852459,24.612258888150215,27.52215002053382,3.857497090217447,0.5,61
all_history,NDX,5,ou_price,2026-07-21,33.144825395177634,4.2728750497104295,0.9836065573770492,27.04511751383885,29.112145453970502,3.5486224298401523,0.5737704918032787,61
all_history,NDX,5,ou_price,2026-07-22,26.467545938116874,3.9779881519603255,1.0,27.04511751383885,27.04511751383885,3.421377336934925,0.5238095238095238,21
all_history,NDX,5,ou_price,2026-07-23,135.50178009908825,9.463005126820224,0.8032786885245902,27.04511751383885,39.98958108128089,6.545922583916759,0.4426229508196721,61
all_history,NDX,5,ou_price,2026-07-24,165.1354576210177,9.748524708188931,0.8409090909090909,27.04511751383885,45.78152618804479,6.984146450430881,0.5454545454545454,44
all_history,NDX,5,ou_price,2026-07-30,203.26884375946983,9.627441953655053,0.8333333333333334,27.04511751383885,55.50971612243663,7.5186629575864,0.6666666666666666,12
all_history,NDX,5,ou_price,2026-07-31,140.14189005147034,9.594023064191484,0.8,27.045117513838854,42.656418856642006,6.709674671568811,0.475,40
all_history,NDX,5,ou_price,2026-08-03,14.321077064552917,2.9907289907770016,1.0,27.04511751383885,27.04511751383885,2.9934090456665947,0.4117647058823529,17
all_history,NDX,5,ou_price,2026-08-11,23.11317047596057,4.050780278393462,1.0,27.423359518029816,27.423359518029816,3.3352350871674723,0.2857142857142857,14
all_history,NDX,5,ou_price,2026-08-12,33.84767429984191,4.715286165572766,1.0,27.423359518029816,27.423359518029816,3.6829041249108947,0.6129032258064516,31
all_history,NDX,5,ou_price,2026-08-13,46.99044877456226,5.778068401319685,1.0,27.423359518029816,27.423359518029816,4.131230722950527,0.4583333333333333,24
all_history,NDX,5,ou_price,2026-08-14,9.41176960849269,2.165376425225775,1.0,27.423359518029816,27.423359518029816,2.8444994345405608,0.5,4
all_history,NDX,5,ou_price,2026-09-01,36.6667994919497,5.196756211529264,1.0,27.42335951802982,27.42335951802982,3.798778306943573,0.4444444444444444,45
all_history,NDX,5,ou_price,2026-09-04,33.60963415715853,4.1162037845336705,0.9375,27.423359518029816,28.96995104450171,3.6334647482919906,0.4375,16
all_history,NDX,5,ou_price,2026-09-08,37.13041445869499,4.222992617206009,0.9459459459459459,27.423359518029816,30.183407230842803,3.7157725288002195,0.6486486486486487,37
all_history,NDX,5,ou_price,2026-09-09,152.62155268773103,10.393026725442903,0.6666666666666666,25.803395076070604,43.46506688095937,7.213158923635039,0.6,15
all_history,NDX,5,ou_price,2026-09-10,25.744734022841534,4.10864733368619,1.0,25.803395076070604,25.803395076070604,3.3201051235518717,0.43478260869565216,46
all_history,NDX,5,ou_price,2026-09-11,36.57739117062181,4.259122071044389,0.9411764705882353,25.803395076070604,28.029466001180356,3.6433070048520975,0.4411764705882353,34
all_history,NDX,5,ou_price,2026-09-14,50.303199998361684,4.918277526720179,0.9180327868852459,25.803395076070604,31.039760429681397,4.015865900835486,0.5081967213114754,61
all_history,NDX,5,ou_price,2026-09-15,13.09603342019746,3.0033706713566883,1.0,25.803395076070604,25.803395076070604,2.860636720705694,0.6363636363636364,11
all_history,NDX,5,ou_price,2026-09-16,100.57311485218978,6.952411881276675,0.8666666666666667,25.803395076070604,39.00026012726607,5.366773869874594,0.5,60
all_history,NDX,5,ou_price,2026-09-18,17.44056148446938,3.0418313833676702,0.9833333333333333,25.803395076070604,25.93675791718742,3.005416230665154,0.5,60
all_history,NDX,5,ou_price,2026-09-21,1.9762927695759713,1.405806803787765,1.0,24.61215874266481,24.61215874266481,2.3260126550669518,0.0,1
all_history,NDX,5,ou_price,2026-09-22,21.303511447862665,3.6897096213887464,0.9824561403508771,24.612158742664814,24.902917109899906,3.077812732119354,0.5614035087719298,57
all_history,NDX,5,ou_price,2026-09-23,32.47381459249266,4.238039589439092,0.9555555555555556,24.61215874266481,26.047706217155028,3.4644291472708955,0.6222222222222222,45
all_history,NDX,5,ou_price,2026-09-24,106.0091467087338,7.2780660593635265,0.8524590163934426,24.61215874266481,36.79141786419852,5.357124529706736,0.47540983606557374,61
all_history,NDX,5,ou_price,2026-09-25,66.89187362498758,5.9304479065316285,0.8360655737704918,24.61215874266481,31.176118991131247,4.537126714701692,0.5737704918032787,61
all_history,NDX,5,ou_price,2026-09-28,85.36908708600728,6.445900283855224,0.8596491228070176,24.612158742664814,35.894270929210705,4.914524840666812,0.5087719298245614,57
all_history,NDX,5,ou_price,2026-09-29,43.76121209569183,5.050979212766278,0.9180327868852459,24.61215874266481,27.517615210724372,3.856642051462903,0.5409836065573771,61
all_history,NDX,5,random_walk,2026-07-21,33.18820298434252,4.276944020282349,0.9180327868852459,19.60611410104758,21.99586288508359,3.101252865494939,0.5,61
all_history,NDX,5,random_walk,2026-07-22,26.486193653740234,3.975381284560648,0.8571428571428571,19.8228806365915,20.250959384457826,3.0940057979443574,0.5,21
all_history,NDX,5,random_walk,2026-07-23,135.5060038348977,9.45776883311919,0.8852459016393442,30.35504657143034,39.32142581652379,6.459509523853515,0.5,61
all_history,NDX,5,random_walk,2026-07-24,165.25829035199752,9.761709534296228,0.8863636363636364,37.93597313183031,47.92737076122814,6.9742092055304,0.5,44
all_history,NDX,5,random_walk,2026-07-30,203.57713592664436,9.65041323330297,0.8333333333333334,35.08665939540327,59.550835949227064,7.708635469725775,0.5,12
all_history,NDX,5,random_walk,2026-07-31,140.1032820945082,9.59225840265899,0.875,36.59067492707899,42.48473351748717,6.737342897311859,0.5,40
all_history,NDX,5,random_walk,2026-08-03,14.286753641986005,2.982945499832139,1.0,20.078818215404322,20.078818215404322,2.5244256215682976,0.5,17
all_history,NDX,5,random_walk,2026-08-11,23.10457276451992,4.03966044792365,1.0,22.37284343800383,22.37284343800383,3.044046690836628,0.5,14
all_history,NDX,5,random_walk,2026-08-12,33.94136889378475,4.7215446579695355,0.967741935483871,20.795296816822066,21.593813986701207,3.349144840452788,0.5,31
all_history,NDX,5,random_walk,2026-08-13,46.98673613936336,5.774010949817845,0.875,21.004234123734918,25.05828392164277,3.9788328073661017,0.5,24
all_history,NDX,5,random_walk,2026-08-14,9.386477465619874,2.1631473086963524,1.0,23.1952978598542,23.1952978598542,2.517507988744648,0.5,4
all_history,NDX,5,random_walk,2026-09-01,36.51727096575894,5.192716355626342,0.8888888888888888,19.89514010444898,21.09400569098875,3.5321141091947035,0.5,45
all_history,NDX,5,random_walk,2026-09-04,33.50929788994033,4.10279498822274,0.9375,23.11211000243671,25.434124079033666,3.403587108898005,0.5,16
all_history,NDX,5,random_walk,2026-09-08,37.199258231875056,4.232431211019945,0.918918918918919,21.665196550384458,26.635084266853994,3.4594679173129137,0.5,37
all_history,NDX,5,random_walk,2026-09-09,152.76571049661408,10.407994543169236,0.6666666666666666,29.114380909523042,43.32857638525952,7.209538991727521,0.5,15
all_history,NDX,5,random_walk,2026-09-10,25.72652714202366,4.108661445069352,0.9782608695652174,21.694944161597938,21.908186508331983,3.0603690575931948,0.5,46
all_history,NDX,5,random_walk,2026-09-11,36.60893062647203,4.259006455886051,0.9411764705882353,21.782155609901267,24.15770878784882,3.3566662298290906,0.5,34
all_history,NDX,5,random_walk,2026-09-14,50.24843336408477,4.917710329316743,0.9180327868852459,21.04644934966048,26.941772344865075,3.707957980698755,0.5,61
all_history,NDX,5,random_walk,2026-09-15,13.118297371509517,3.007229979732074,1.0,19.224592859619378,19.224592859619378,2.43853025689185,0.5,11
all_history,NDX,5,random_walk,2026-09-16,100.32656868818759,6.9487631025588295,0.75,19.794853489378873,35.17200481008692,5.117399616910726,0.5,60
all_history,NDX,5,random_walk,2026-09-18,17.462528916860798,3.0421817178003647,0.95,14.4407455654852,16.81169675811755,2.3536652197460395,0.5,60
all_history,NDX,5,random_walk,2026-09-21,1.954770868963445,1.3981312059186166,1.0,21.14370974589709,21.14370974589709,2.0221200985545518,0.5,1
all_history,NDX,5,random_walk,2026-09-22,21.318568728377198,3.6914793971643616,0.9122807017543859,16.23898982196288,18.389392309498806,2.70375502350141,0.5,57
all_history,NDX,5,random_walk,2026-09-23,32.50082214988368,4.240087330252734,0.8666666666666667,18.427338779908673,22.587521549516563,3.2548865484883915,0.5,45
all_history,NDX,5,random_walk,2026-09-24,106.02471938614607,7.276343621183321,0.8524590163934426,25.970127875236933,38.362348132241245,5.4530293754623225,0.5,61
all_history,NDX,5,random_walk,2026-09-25,66.95620566460724,5.933711506117166,0.9016393442622951,24.21443127254454,29.220701715408023,4.4161264437401115,0.5,61
all_history,NDX,5,random_walk,2026-09-28,85.46553199193,6.450715901895851,0.8596491228070176,26.392569407677435,35.97570295039491,4.9614663361148175,0.5,57
all_history,NDX,5,random_walk,2026-09-29,43.78839716844529,5.051591941436989,0.8852459016393442,19.028491571780012,24.653792700457853,3.662816733895424,0.5,61
all_history,NDX,10,garch_gex,2026-07-21,49.258019574397466,4.852106483691118,0.9180327868852459,22.128110496042666,26.354851409042286,3.756076766620366,0.5,61
all_history,NDX,10,garch_gex,2026-07-22,51.23342877981855,5.650353564563418,0.9047619047619048,23.537950657130665,27.82877544634749,4.078572505963374,0.5,21
all_history,NDX,10,garch_gex,2026-07-23,223.81100264854706,11.3734421391261,0.8360655737704918,43.19577623393125,53.19139899581884,8.32718497035254,0.5,61
all_history,NDX,10,garch_gex,2026-07-24,285.27695273882705,13.775414288303265,0.8636363636363636,47.47416217911265,56.15337561362011,9.343792389464847,0.5,44
all_history,NDX,10,garch_gex,2026-07-30,235.1786016745776,12.871178235525198,0.75,48.50819879100669,58.725788391545024,9.19046741187948,0.5,12
all_history,NDX,10,garch_gex,2026-07-31,269.6685123591332,13.40246404321806,0.825,44.66107751695532,56.89982839721731,9.34224933004762,0.5,40
all_history,NDX,10,garch_gex,2026-08-03,33.06600073318572,4.861289136938628,0.8823529411764706,19.58367340405015,22.734641557555648,3.4168687285797987,0.5,17
all_history,NDX,10,garch_gex,2026-08-11,31.340297465584,4.656557844190892,1.0,24.68033129520467,24.68033129520467,3.438655914826828,0.5,14
all_history,NDX,10,garch_gex,2026-08-12,46.48099846213053,5.377792042441621,0.9032258064516129,21.998838738140602,23.02771993700997,3.8547162832717894,0.5,31
all_history,NDX,10,garch_gex,2026-08-13,104.5542129334825,8.578585776985468,0.75,23.306100257189485,37.32148175258542,5.904350792927038,0.5,24
all_history,NDX,10,garch_gex,2026-08-14,19.170529535760828,4.072215855579998,1.0,25.164560257961334,25.164560257961334,3.0368277284938157,0.5,4
all_history,NDX,10,garch_gex,2026-09-01,90.48589839441809,7.868413209179481,0.8222222222222222,28.286553157017217,33.926057586783735,5.529067360419666,0.5,45
all_history,NDX,10,garch_gex,2026-09-04,57.02376113358953,5.7196478790501715,0.9375,25.878352222706756,28.851629931348043,4.353206086371924,0.5,16
all_history,NDX,10,garch_gex,2026-09-08,53.55616123315816,5.359142534542558,0.8648648648648649,23.46680766683157,31.01439129170072,4.158958573217299,0.5,37
all_history,NDX,10,garch_gex,2026-09-09,223.43435854243646,11.353872546213097,0.8666666666666667,40.168150283179564,59.826816099000446,8.419415860599795,0.5,15
all_history,NDX,10,garch_gex,2026-09-10,49.12569917273261,5.51495204127834,0.9565217391304348,28.986829403709525,29.690114512191762,4.1853595281030485,0.5,46
all_history,NDX,10,garch_gex,2026-09-11,74.55711854876999,6.057986369770386,0.9117647058823529,23.798022758956638,28.805576774807662,4.4630603017228045,0.5,34
all_history,NDX,10,garch_gex,2026-09-14,103.8643853467242,7.278218072251041,0.9016393442622951,27.735562518751276,37.17587221991132,5.340659052738617,0.5,61
all_history,NDX,10,garch_gex,2026-09-15,23.634336412609585,4.576588084238623,1.0,23.535646264678743,23.535646264678743,3.149816805162327,0.5,11
all_history,NDX,10,garch_gex,2026-09-16,245.5287484531523,10.504954345249523,0.7833333333333333,26.705073619423516,48.87908067371809,7.582794614175815,0.5,60
all_history,NDX,10,garch_gex,2026-09-18,30.33886962182635,3.9159801204247437,0.9,17.79085622174982,22.933752603740025,3.071536995798114,0.5,60
all_history,NDX,10,garch_gex,2026-09-21,12.43077353325352,3.5257302127720322,1.0,21.236255838761902,21.236255838761902,2.525922380452928,0.5,1
all_history,NDX,10,garch_gex,2026-09-22,33.83713738407146,4.767889429612663,0.8596491228070176,18.907036978958025,22.056868999518013,3.4121917370556587,0.5,57
all_history,NDX,10,garch_gex,2026-09-23,47.74752094889781,5.367943331346032,0.8888888888888888,23.728923900979776,27.559804641634702,4.013022424831825,0.5,45
all_history,NDX,10,garch_gex,2026-09-24,182.96233500699302,9.409157149409246,0.8360655737704918,34.219804571134624,50.25498358659552,7.170642953216978,0.5,61
all_history,NDX,10,garch_gex,2026-09-25,120.07087600106257,8.110394633785663,0.8688524590163934,28.720673331823292,38.34528207149687,5.7530955455342045,0.5,61
all_history,NDX,10,garch_gex,2026-09-28,150.63839510492306,8.667408987369415,0.8596491228070176,34.58950084901933,47.07756964451025,6.752496185337035,0.5,57
all_history,NDX,10,garch_gex,2026-09-29,69.58552050460952,6.505957706564452,0.8360655737704918,24.606376647569583,31.145820257222915,4.721111386152286,0.5,61
all_history,NDX,10,garch_price,2026-07-21,49.258019574397466,4.852106483691118,0.9180327868852459,23.54809170837327,27.36734485180969,3.8133187240526896,0.5,61
all_history,NDX,10,garch_price,2026-07-22,51.23342877981855,5.650353564563418,0.9047619047619048,22.25311682046498,27.815736354434556,4.068922843419848,0.5,21
all_history,NDX,10,garch_price,2026-07-23,223.81100264854706,11.3734421391261,0.8360655737704918,40.421457082511154,53.26203366980831,8.314152173983853,0.5,61
all_history,NDX,10,garch_price,2026-07-24,285.27695273882705,13.775414288303265,0.8863636363636364,50.17345918477494,57.960445489413104,9.379851303510222,0.5,44
all_history,NDX,10,garch_price,2026-07-30,235.1786016745776,12.871178235525198,0.8333333333333334,52.37972493454303,59.33719247793106,9.225733775166207,0.5,12
all_history,NDX,10,garch_price,2026-07-31,269.6685123591332,13.40246404321806,0.85,48.67565031126807,57.37226107808906,9.359921501174385,0.5,40
all_history,NDX,10,garch_price,2026-08-03,33.06600073318572,4.861289136938628,0.9411764705882353,21.823174636513397,23.540721374169237,3.4742343914319385,0.5,17
all_history,NDX,10,garch_price,2026-08-11,31.340297465584,4.656557844190892,1.0,25.320891196109304,25.320891196109304,3.468357921046078,0.5,14
all_history,NDX,10,garch_price,2026-08-12,46.48099846213053,5.377792042441621,0.9354838709677419,24.149096696646602,24.382042395619287,3.911252835067857,0.5,31
all_history,NDX,10,garch_price,2026-08-13,104.5542129334825,8.578585776985468,0.7916666666666666,25.689614361023445,36.80184171998236,5.877954404801084,0.5,24
all_history,NDX,10,garch_price,2026-08-14,19.170529535760828,4.072215855579998,1.0,26.19676183775225,26.19676183775225,3.102265891113087,0.5,4
all_history,NDX,10,garch_price,2026-09-01,90.48589839441809,7.868413209179481,0.7555555555555555,24.47562916441233,34.126046560072915,5.539161739477951,0.5,45
all_history,NDX,10,garch_price,2026-09-04,57.02376113358953,5.7196478790501715,0.9375,27.355401163158135,29.848904567756016,4.401167801443747,0.5,16
all_history,NDX,10,garch_price,2026-09-08,53.55616123315816,5.359142534542558,0.8648648648648649,25.118704481041284,31.864668217368514,4.225285967144547,0.5,37
all_history,NDX,10,garch_price,2026-09-09,223.43435854243646,11.353872546213097,0.8666666666666667,42.55974277183688,60.81376759138103,8.465854142212262,0.5,15
all_history,NDX,10,garch_price,2026-09-10,49.12569917273261,5.51495204127834,0.8695652173913043,25.314734239041012,28.210099653594693,4.090013536674519,0.5,46
all_history,NDX,10,garch_price,2026-09-11,74.55711854876999,6.057986369770386,0.9411764705882353,25.466158211969343,29.528961011650114,4.498178210900426,0.5,34
all_history,NDX,10,garch_price,2026-09-14,103.8643853467242,7.278218072251041,0.8524590163934426,25.957587914035372,35.61988714281868,5.293418292466693,0.5,61
all_history,NDX,10,garch_price,2026-09-15,23.634336412609585,4.576588084238623,1.0,19.380201328616607,19.380201328616607,2.9893098691270907,0.5,11
all_history,NDX,10,garch_price,2026-09-16,245.5287484531523,10.504954345249523,0.8,27.604919345036738,48.771190418925556,7.565753958585857,0.5,60
all_history,NDX,10,garch_price,2026-09-18,30.33886962182635,3.9159801204247437,0.9,17.317738995810362,22.982402062775453,3.071436894424831,0.5,60
all_history,NDX,10,garch_price,2026-09-21,12.43077353325352,3.5257302127720322,1.0,22.885535132882165,22.885535132882165,2.63492847799149,0.5,1
all_history,NDX,10,garch_price,2026-09-22,33.83713738407146,4.767889429612663,0.9122807017543859,20.44984192493082,22.59671302181681,3.4436179896921213,0.5,57
all_history,NDX,10,garch_price,2026-09-23,47.74752094889781,5.367943331346032,0.8888888888888888,23.31888052006402,27.45054961401594,4.0073604257601385,0.5,45
all_history,NDX,10,garch_price,2026-09-24,182.96233500699302,9.409157149409246,0.8360655737704918,35.04731914737432,50.68993587060266,7.20038796859691,0.5,61
all_history,NDX,10,garch_price,2026-09-25,120.07087600106257,8.110394633785663,0.8688524590163934,30.129295338382903,38.93717426113663,5.781133284674249,0.5,61
all_history,NDX,10,garch_price,2026-09-28,150.63839510492306,8.667408987369415,0.8245614035087719,34.221619355685085,47.51484499540865,6.7698291902829535,0.5,57
all_history,NDX,10,garch_price,2026-09-29,69.58552050460952,6.505957706564452,0.8360655737704918,25.069937544095758,31.41263545978526,4.736621305478841,0.5,61
all_history,NDX,10,kalman_gex,2026-07-21,46.88620386828776,4.847200572636725,0.9836065573770492,37.95537721392991,39.88844130075661,4.579701331242746,0.5245901639344263,61
all_history,NDX,10,kalman_gex,2026-07-22,50.80581464658807,5.659275042539676,0.9523809523809523,38.9619366075253,39.42240778308884,4.812938487872318,0.47619047619047616,21
all_history,NDX,10,kalman_gex,2026-07-23,246.02987553463285,12.095583520075762,0.7704918032786885,37.95537721392991,57.52184697392229,8.76734423684889,0.47540983606557374,61
all_history,NDX,10,kalman_gex,2026-07-24,301.1429152729368,13.963093660522382,0.6818181818181818,38.2193307852808,58.32427422331129,9.735843118240366,0.45454545454545453,44
all_history,NDX,10,kalman_gex,2026-07-30,397.6680916225602,17.672092026880147,0.5,39.59782870786743,67.67224311534959,12.18038092401356,0.3333333333333333,12
all_history,NDX,10,kalman_gex,2026-07-31,332.5838192508523,15.295437582011008,0.7,38.304631080804725,61.388328299565046,10.599387608175745,0.35,40
all_history,NDX,10,kalman_gex,2026-08-03,31.62859824303269,4.624414444319746,1.0,39.199126714212284,39.199126714212284,4.378226922503419,0.5294117647058824,17
all_history,NDX,10,kalman_gex,2026-08-11,22.92745595904989,3.983649773618936,1.0,40.05080410355277,40.05080410355277,4.227491527752631,0.6428571428571429,14
all_history,NDX,10,kalman_gex,2026-08-12,54.327071154044674,6.073883690830921,1.0,39.194362441698836,39.194362441698836,4.912632095785758,0.41935483870967744,31
all_history,NDX,10,kalman_gex,2026-08-13,116.11171087052846,8.996108955111758,0.9583333333333334,39.45377121477371,42.24793683521663,6.346884614272176,0.4166666666666667,24
all_history,NDX,10,kalman_gex,2026-08-14,21.12636926589458,4.537446554492887,1.0,41.361772113529895,41.361772113529895,4.289444930412573,0.5,4
all_history,NDX,10,kalman_gex,2026-09-01,122.437416151029,8.885202495118717,0.9111111111111111,38.86053532511003,39.83055776528564,6.459935158233572,0.4,45
all_history,NDX,10,kalman_gex,2026-09-04,55.53700992035833,6.021197438292367,1.0,40.408399227055085,40.408399227055085,5.026386811836939,0.8125,16
all_history,NDX,10,kalman_gex,2026-09-08,62.14261292608862,5.873373413686824,0.972972972972973,39.67556715846786,40.643828476579316,5.099583984484161,0.4594594594594595,37
all_history,NDX,10,kalman_gex,2026-09-09,219.76782272145073,11.95485665345592,0.7333333333333333,37.605373119091226,53.60867779357893,8.429460726831882,0.4666666666666667,15
all_history,NDX,10,kalman_gex,2026-09-10,74.3012067206961,7.288441121551333,0.9782608695652174,36.59608124827511,37.77255495142802,5.251530360405814,0.34782608695652173,46
all_history,NDX,10,kalman_gex,2026-09-11,85.6295578967546,6.549223450722363,0.9117647058823529,37.47464193808054,40.0512978941251,5.489825680739587,0.5588235294117647,34
all_history,NDX,10,kalman_gex,2026-09-14,116.24791694644271,8.257387923979719,0.9180327868852459,36.4183897207884,42.75810865578079,6.135838380810996,0.4262295081967213,61
all_history,NDX,10,kalman_gex,2026-09-15,30.655661692097784,4.993627229977704,1.0,37.92985163444927,37.92985163444927,4.274469961147989,0.2727272727272727,11
all_history,NDX,10,kalman_gex,2026-09-16,242.2031144343121,10.504106317622536,0.8333333333333334,36.42780561499936,59.64110981353199,8.125075416915427,0.5,60
all_history,NDX,10,kalman_gex,2026-09-18,33.746061369447055,4.2477562822190045,0.9833333333333333,36.42780561499936,36.62546979767457,4.208469732920902,0.4166666666666667,60
all_history,NDX,10,kalman_gex,2026-09-21,5.152338375576651,2.269876290808962,1.0,37.917398691878326,37.917398691878326,3.5958514740850194,1.0,1
all_history,NDX,10,kalman_gex,2026-09-22,38.62032800694599,5.202869231428969,1.0,35.06660354331036,35.06660354331036,4.2825130558725535,0.38596491228070173,57
all_history,NDX,10,kalman_gex,2026-09-23,50.90291818271535,5.467162569470792,0.9333333333333333,35.188147047937804,35.48878231119501,4.587889264666997,0.5111111111111111,45
all_history,NDX,10,kalman_gex,2026-09-24,187.9592716841655,9.717750838856466,0.8852459016393442,35.03600196067579,48.89204554854709,7.213521754987623,0.5081967213114754,61
all_history,NDX,10,kalman_gex,2026-09-25,145.4972176491324,8.533049043055685,0.8688524590163934,35.03600196067579,47.955565412022295,6.520936812780607,0.4426229508196721,61
all_history,NDX,10,kalman_gex,2026-09-28,203.39411259979582,9.953921394275286,0.8596491228070176,35.06660354331036,52.70546390923503,7.701686809529281,0.43859649122807015,57
all_history,NDX,10,kalman_gex,2026-09-29,73.61280856225243,6.713004435456071,0.9672131147540983,35.03600196067579,36.86496265922072,5.120287357384844,0.4098360655737705,61
all_history,NDX,10,kalman_price,2026-07-21,53.62650196829589,5.42041306153949,0.9836065573770492,38.423992006977834,40.18139853327005,4.786767191040583,0.5573770491803278,61
all_history,NDX,10,kalman_price,2026-07-22,55.39949987996489,5.991948568358378,1.0,39.47294075610265,39.47294075610265,4.973883706178673,0.5714285714285714,21
all_history,NDX,10,kalman_price,2026-07-23,242.2108841110276,12.028171690667369,0.7704918032786885,38.423992006977834,56.618035989543735,8.708387938790986,0.47540983606557374,61
all_history,NDX,10,kalman_price,2026-07-24,322.45496954645847,14.377259212305876,0.6363636363636364,38.70382638154566,61.85001278307209,10.105471317009187,0.45454545454545453,44
all_history,NDX,10,kalman_price,2026-07-30,403.16414869851616,17.72502381372622,0.4166666666666667,40.12198162515852,67.97620093893599,12.233734252258344,0.3333333333333333,12
all_history,NDX,10,kalman_price,2026-07-31,328.6083637900269,14.923651790882996,0.775,38.79324767775412,62.52222765258871,10.42098991349837,0.375,40
all_history,NDX,10,kalman_price,2026-08-03,30.9916434234308,4.61642907614988,1.0,39.71568682075051,39.71568682075051,4.399478537331829,0.6470588235294118,17
all_history,NDX,10,kalman_price,2026-08-11,32.157195136001576,4.5228907849200475,1.0,40.56471005111293,40.56471005111293,4.491374315711688,0.6428571428571429,14
all_history,NDX,10,kalman_price,2026-08-12,53.25284786268052,5.894384975072001,1.0,39.672160493307096,39.672160493307096,4.910244209387718,0.3870967741935484,31
all_history,NDX,10,kalman_price,2026-08-13,132.77651971390023,9.426539123416509,0.9166666666666666,39.94541393989819,43.448092427036805,6.709293088051847,0.4583333333333333,24
all_history,NDX,10,kalman_price,2026-08-14,20.986914252676872,4.553244269768489,1.0,41.902267588519784,41.902267588519784,4.328974758608662,0.5,4
all_history,NDX,10,kalman_price,2026-09-01,115.75083370022351,8.6479176921986,0.9555555555555556,39.31390119024441,39.360765903930236,6.331044114524661,0.4444444444444444,45
all_history,NDX,10,kalman_price,2026-09-04,60.53432289151183,6.453864259798745,1.0,40.92981606124356,40.92981606124356,5.17604879878157,0.8125,16
all_history,NDX,10,kalman_price,2026-09-08,58.84565382523415,5.752450299140075,0.972972972972973,40.17463361765036,40.568082999489015,5.066545277767784,0.5405405405405406,37
all_history,NDX,10,kalman_price,2026-09-09,244.14559570395707,12.715992768657582,0.7333333333333333,38.074953049837475,57.81556667375529,8.953186704019224,0.4666666666666667,15
all_history,NDX,10,kalman_price,2026-09-10,73.56761909819598,7.035755271170852,0.9782608695652174,36.99492010879546,38.40441870793762,5.230682963025964,0.34782608695652173,46
all_history,NDX,10,kalman_price,2026-09-11,90.0734347759398,6.946854169156013,0.9117647058823529,37.93845411715972,41.15715240082643,5.601761648049789,0.4117647058823529,34
all_history,NDX,10,kalman_price,2026-09-14,108.42629139415814,8.252619090351562,0.9180327868852459,36.79322298752725,41.28496631518714,6.008016718582126,0.4918032786885246,61
all_history,NDX,10,kalman_price,2026-09-15,27.831174021579713,4.92578618816423,1.0,38.41126525992847,38.41126525992847,4.236545017937825,0.36363636363636365,11
all_history,NDX,10,kalman_price,2026-09-16,248.5093847163534,10.790839191900556,0.8166666666666667,36.80406827099027,61.02434405953485,8.302215586648364,0.4166666666666667,60
all_history,NDX,10,kalman_price,2026-09-18,31.55428455174278,3.904564845418728,1.0,36.80406827099027,36.80406827099027,4.1773042740713,0.5666666666666667,60
all_history,NDX,10,kalman_price,2026-09-21,0.3157747744638117,0.5619384080696137,1.0,38.46937874781574,38.46937874781574,3.5158988116522534,1.0,1
all_history,NDX,10,kalman_price,2026-09-22,34.97602204853372,4.831686160764872,1.0,35.350569378001744,35.350569378001744,4.2006089504246695,0.5614035087719298,57
all_history,NDX,10,kalman_price,2026-09-23,53.20715520925485,5.563506784385812,0.9333333333333333,35.50903371086837,36.02283110546935,4.665107103488019,0.4666666666666667,45
all_history,NDX,10,kalman_price,2026-09-24,196.75384569964973,10.069305309755185,0.8524590163934426,35.309522718245056,49.522848291426875,7.37373077290786,0.4918032786885246,61
all_history,NDX,10,kalman_price,2026-09-25,154.46013931873773,8.711944357778606,0.8524590163934426,35.309522718245056,49.13480742006001,6.697511123923407,0.4098360655737705,61
all_history,NDX,10,kalman_price,2026-09-28,216.6105091278498,10.318184905565499,0.8245614035087719,35.350569378001744,54.50028369440358,7.941582820932275,0.40350877192982454,57
all_history,NDX,10,kalman_price,2026-09-29,79.66429029012708,6.725184231414366,0.9508196721311475,35.309522718245056,37.03723288280237,5.280305012531578,0.5081967213114754,61
all_history,NDX,10,markov_gex,2026-07-21,49.74646417848464,4.9402870116907,0.9180327868852459,24.393335379439794,27.8128058538584,3.8287765900285327,0.45901639344262296,61
all_history,NDX,10,markov_gex,2026-07-22,49.489485106592774,5.599367447501216,0.9047619047619048,19.068909905806773,25.098203624242654,3.9742285966670816,0.6190476190476191,21
all_history,NDX,10,markov_gex,2026-07-23,222.65145619524247,11.421037181180834,0.8032786885245902,41.72231197991993,55.768608191895076,8.450131431784754,0.39344262295081966,61
all_history,NDX,10,markov_gex,2026-07-24,283.52342036818715,13.732527137414678,0.8409090909090909,43.79223288771812,57.58582869076229,9.442890884919315,0.5454545454545454,44
all_history,NDX,10,markov_gex,2026-07-30,237.66897025876946,12.97195761873524,0.8333333333333334,43.82121832652904,52.594863344787,8.963097871639006,0.4166666666666667,12
all_history,NDX,10,markov_gex,2026-07-31,273.38537089230516,13.650355686896336,0.875,44.13927439663841,58.15184424257484,9.411005634536718,0.375,40
all_history,NDX,10,markov_gex,2026-08-03,37.030070394014906,5.029300323028185,0.8235294117647058,19.09951862745035,23.7525323930536,3.6142693217546755,0.35294117647058826,17
all_history,NDX,10,markov_gex,2026-08-11,29.23700025366127,4.545339472910392,1.0,23.264199755392788,23.264199755392788,3.3122878536261564,0.6428571428571429,14
all_history,NDX,10,markov_gex,2026-08-12,46.12504076816772,5.414231616069221,0.9354838709677419,27.667284617298822,28.52233810357771,4.09994535905064,0.41935483870967744,31
all_history,NDX,10,markov_gex,2026-08-13,103.93023563968042,8.538447212680792,0.75,21.122195781131058,38.85789734167863,6.012615348385108,0.5416666666666666,24
all_history,NDX,10,markov_gex,2026-08-14,18.36774192343837,4.040020219668008,1.0,21.36454092707325,21.36454092707325,2.7717411311934397,0.5,4
all_history,NDX,10,markov_gex,2026-09-01,90.4349494862518,7.861087214127768,0.7333333333333333,25.877577517210163,37.20314787178518,5.678488176412732,0.5555555555555556,45
all_history,NDX,10,markov_gex,2026-09-04,53.960977416209445,5.545481081027942,0.875,29.57889960637264,30.357647224120317,4.510158929862812,0.6875,16
all_history,NDX,10,markov_gex,2026-09-08,52.73569615690019,5.292235410763991,0.8648648648648649,23.753084819034967,31.663585482787184,4.203592708044207,0.5675675675675675,37
all_history,NDX,10,markov_gex,2026-09-09,218.90467627471656,11.326739684103813,0.8666666666666667,43.50300915554625,56.294247832694815,8.299644939471277,0.4666666666666667,15
all_history,NDX,10,markov_gex,2026-09-10,47.56698415538614,5.342195777865034,0.9130434782608695,23.936457270002116,27.1184397788605,3.9829352981302613,0.6956521739130435,46
all_history,NDX,10,markov_gex,2026-09-11,75.43235088693301,6.061184425937053,0.9117647058823529,29.338702662651304,31.43109832843543,4.641236944033331,0.5294117647058824,34
all_history,NDX,10,markov_gex,2026-09-14,106.95238042562252,7.329147359191615,0.9180327868852459,31.697874385199263,38.439005457058386,5.433240067345375,0.47540983606557374,61
all_history,NDX,10,markov_gex,2026-09-15,22.280809483323647,4.433131964468054,1.0,18.46486976171604,18.46486976171604,2.8573557983246958,0.6363636363636364,11
all_history,NDX,10,markov_gex,2026-09-16,244.88830660545077,10.52339471365899,0.7,24.22689125457637,51.38965150692405,7.692352205235262,0.48333333333333334,60
all_history,NDX,10,markov_gex,2026-09-18,31.118182951476285,4.050728798470807,0.9,18.472168734370335,23.03624324593428,3.1017713110523277,0.36666666666666664,60
all_history,NDX,10,markov_gex,2026-09-21,16.451031030975212,4.055987060010819,1.0,19.526107000114298,19.526107000114298,2.622032798831409,0.0,1
all_history,NDX,10,markov_gex,2026-09-22,35.295524243284746,4.906301754023189,0.8947368421052632,20.673270239828117,22.917381021844445,3.5299785909598596,0.38596491228070173,57
all_history,NDX,10,markov_gex,2026-09-23,47.7388618108488,5.3587184604149245,0.8666666666666667,22.753661302409117,28.613569085064775,4.08523209362335,0.5333333333333333,45
all_history,NDX,10,markov_gex,2026-09-24,183.6622630066795,9.363353606142775,0.8688524590163934,36.3569300755807,51.52359049449126,7.196250922629569,0.5737704918032787,61
all_history,NDX,10,markov_gex,2026-09-25,120.76183578712751,8.11236706226094,0.9016393442622951,31.914831251355864,38.09146792845497,5.760680326746767,0.5081967213114754,61
all_history,NDX,10,markov_gex,2026-09-28,151.40255801074895,8.66130780514084,0.8245614035087719,32.14491034354979,45.92016902888169,6.615100433616615,0.49122807017543857,57
all_history,NDX,10,markov_gex,2026-09-29,68.31847013602484,6.463856011816373,0.8360655737704918,27.18915181288,33.6847798257409,4.841967258893698,0.5409836065573771,61
all_history,NDX,10,markov_price,2026-07-21,49.34160338627443,4.910783252573457,0.9344262295081968,24.375397931885725,27.70020267512883,3.8161665770128566,0.45901639344262296,61
all_history,NDX,10,markov_price,2026-07-22,49.47558629862057,5.599469565800691,0.9047619047619048,19.080098814126387,25.080589535167757,3.9760570752226414,0.6190476190476191,21
all_history,NDX,10,markov_price,2026-07-23,222.23080671069508,11.419836782042406,0.8032786885245902,41.676545186516904,55.65554995002298,8.444368068577493,0.4262295081967213,61
all_history,NDX,10,markov_price,2026-07-24,284.0646886132649,13.742608828762696,0.8409090909090909,43.786872487975145,57.6454207067554,9.45092132935769,0.5227272727272727,44
all_history,NDX,10,markov_price,2026-07-30,236.21777148161996,12.92665901080757,0.8333333333333334,43.800892046214095,52.59725753346098,8.93141536964636,0.5,12
all_history,NDX,10,markov_price,2026-07-31,273.0019922816656,13.629100237503806,0.875,44.12820748206653,58.151070979644395,9.402461294960425,0.4,40
all_history,NDX,10,markov_price,2026-08-03,35.79158798680858,4.970288603046924,0.8235294117647058,19.026277145837643,23.339287513145287,3.553554848070325,0.35294117647058826,17
all_history,NDX,10,markov_price,2026-08-11,29.13313720150231,4.540117439140181,1.0,23.248633698709178,23.248633698709178,3.307780161164174,0.6428571428571429,14
all_history,NDX,10,markov_price,2026-08-12,46.26086574027687,5.439776150599538,0.9354838709677419,27.628090689546667,28.540022468706827,4.108362054374704,0.45161290322580644,31
all_history,NDX,10,markov_price,2026-08-13,103.58071014019468,8.528082037331432,0.7083333333333334,21.086266137343006,38.82469462042942,6.008402858913503,0.4583333333333333,24
all_history,NDX,10,markov_price,2026-08-14,18.29466367665247,4.040265620446785,1.0,21.358258250867806,21.358258250867806,2.769293851844595,0.5,4
all_history,NDX,10,markov_price,2026-09-01,90.64956453552152,7.872254273273469,0.7333333333333333,25.845172334007536,37.32236687943091,5.688969420313117,0.4888888888888889,45
all_history,NDX,10,markov_price,2026-09-04,53.68138636974607,5.519875596645363,0.875,29.522029682601282,30.31378183940606,4.499174127105622,0.6875,16
all_history,NDX,10,markov_price,2026-09-08,52.827328938195556,5.2935444814333765,0.8648648648648649,23.761871644266137,31.67245590651647,4.204169454105227,0.5405405405405406,37
all_history,NDX,10,markov_price,2026-09-09,218.6692453488424,11.322198176429447,0.8666666666666667,43.508974747163,56.26352031568155,8.296077391050044,0.4666666666666667,15
all_history,NDX,10,markov_price,2026-09-10,47.6075390867407,5.357944112250531,0.9130434782608695,23.93720802774471,27.095871482525254,3.9870355011572083,0.6956521739130435,46
all_history,NDX,10,markov_price,2026-09-11,75.41057320830737,6.05474277380392,0.9117647058823529,29.35140198255661,31.448901683833334,4.640095174858248,0.5,34
all_history,NDX,10,markov_price,2026-09-14,106.84362615742648,7.326312313419331,0.9180327868852459,31.702581137470336,38.418631029389445,5.432167737990324,0.47540983606557374,61
all_history,NDX,10,markov_price,2026-09-15,22.35645533391045,4.444494432604806,1.0,18.4613956392237,18.4613956392237,2.8610556411222707,0.6363636363636364,11
all_history,NDX,10,markov_price,2026-09-16,244.67284856404916,10.517831261254798,0.7,24.2056303246419,51.40855842553154,7.689783078139559,0.48333333333333334,60
all_history,NDX,10,markov_price,2026-09-18,31.197878694262666,4.061275962877555,0.9,18.46633473128518,23.043385714400603,3.104772514802199,0.36666666666666664,60
all_history,NDX,10,markov_price,2026-09-21,14.432334416863041,3.798991236744702,1.0,19.44999068323662,19.44999068323662,2.516665876241704,0.0,1
all_history,NDX,10,markov_price,2026-09-22,34.503515913727895,4.832946563053031,0.8947368421052632,20.66591863539995,22.824611791554545,3.4926366183344513,0.40350877192982454,57
all_history,NDX,10,markov_price,2026-09-23,47.77938530456626,5.360994033439776,0.8666666666666667,22.82163296067641,28.666988528970386,4.0887129576362815,0.5333333333333333,45
all_history,NDX,10,markov_price,2026-09-24,183.81363235116652,9.365577971683697,0.8688524590163934,36.350956794098074,51.53755935099024,7.199396031668818,0.5409836065573771,61
all_history,NDX,10,markov_price,2026-09-25,120.69491992819357,8.102742355956783,0.9016393442622951,31.90179179632121,38.12398058129565,5.763235378179198,0.47540983606557374,61
all_history,NDX,10,markov_price,2026-09-28,152.0650277607425,8.68039236133579,0.8245614035087719,32.1320771307756,45.97368601554672,6.624157060410426,0.45614035087719296,57
all_history,NDX,10,markov_price,2026-09-29,68.53749474273755,6.465626353735808,0.8360655737704918,27.224929726651297,33.76802954723079,4.849876020509372,0.5409836065573771,61
all_history,NDX,10,momentum,2026-07-21,80.75192374714909,6.457119697567169,0.9180327868852459,27.72723246713587,32.683961263561315,4.753645533135267,0.5081967213114754,61
all_history,NDX,10,momentum,2026-07-22,95.48998953412507,7.618625706466265,0.8571428571428571,28.033786641570707,36.924577596488234,5.513696072856513,0.47619047619047616,21
all_history,NDX,10,momentum,2026-07-23,314.4455467201145,14.321508709672596,0.7704918032786885,42.9285185477837,62.89481531582986,10.028913754396012,0.5737704918032787,61
all_history,NDX,10,momentum,2026-07-24,413.1959175763048,16.01175835496787,0.8409090909090909,53.649567704855755,69.59889611856639,11.24023336005938,0.5454545454545454,44
all_history,NDX,10,momentum,2026-07-30,377.2023506913984,16.182568645375916,0.8333333333333334,49.62002957534468,69.5252586912268,11.152028771938461,0.5,12
all_history,NDX,10,momentum,2026-07-31,405.8626787284953,15.485708575373284,0.85,51.74702873826027,68.57521026600081,11.17135652015396,0.675,40
all_history,NDX,10,momentum,2026-08-03,41.879494108121065,5.1163185553048285,0.9411764705882353,28.39573703664874,29.35028145812023,4.007743078015529,0.5882352941176471,17
all_history,NDX,10,momentum,2026-08-11,42.88263226553757,5.9439904284330884,1.0,31.63997861887492,31.63997861887492,4.222881218258563,0.5714285714285714,14
all_history,NDX,10,momentum,2026-08-12,82.72589760642296,7.362159613774424,0.9354838709677419,29.408990791923816,31.15204985610574,5.082343667545349,0.45161290322580644,31
all_history,NDX,10,momentum,2026-08-13,185.5450926641927,11.14413776767069,0.625,29.704472765045683,45.611171536900855,7.855299425101809,0.4166666666666667,24
all_history,NDX,10,momentum,2026-08-14,35.238332007331465,5.309804049703962,1.0,32.803104816689434,32.803104816689434,4.076461323850889,0.25,4
all_history,NDX,10,momentum,2026-09-01,106.61854767786338,8.45097371045319,0.8888888888888888,28.13597696102462,36.1533512050656,5.762935171748064,0.5111111111111111,45
all_history,NDX,10,momentum,2026-09-04,60.912684585946195,6.3452506496072605,1.0,32.68545942050486,32.68545942050486,4.740064183510267,0.75,16
all_history,NDX,10,momentum,2026-09-08,76.83049423763624,6.5944905745683595,0.918918918918919,30.639214793032494,36.04989830586639,5.014707417582311,0.4864864864864865,37
all_history,NDX,10,momentum,2026-09-09,274.0729711136592,13.240453835688337,0.8,41.17395234234381,59.93566340223674,9.399534960746594,0.6,15
all_history,NDX,10,momentum,2026-09-10,60.19689637862987,6.095872244360078,0.9347826086956522,30.6812842682588,32.594669408617726,4.599385707738592,0.6086956521739131,46
all_history,NDX,10,momentum,2026-09-11,129.4854503186755,7.984686904130264,0.8823529411764706,30.80461988124357,38.69824704658828,5.878692924133681,0.5882352941176471,34
all_history,NDX,10,momentum,2026-09-14,157.18995421734851,9.096014041083743,0.8032786885245902,29.76417411008826,42.82343522330479,6.549176786040881,0.5737704918032787,61
all_history,NDX,10,momentum,2026-09-15,39.60947823770548,5.318256759793307,1.0,27.187679953174687,27.187679953174687,3.926683855977149,0.5454545454545454,11
all_history,NDX,10,momentum,2026-09-16,318.165916931331,12.504951962381359,0.6833333333333333,27.994150269867987,66.30651340258207,9.344940170944051,0.48333333333333334,60
all_history,NDX,10,momentum,2026-09-18,49.37668281434503,5.3226147308058955,0.8666666666666667,20.4222982294883,27.072372944972354,3.9101678229531185,0.5166666666666667,60
all_history,NDX,10,momentum,2026-09-21,6.441962046842376,2.5381020560336767,1.0,29.901721081527853,29.901721081527853,2.9457635387837735,1.0,1
all_history,NDX,10,momentum,2026-09-22,56.87159710378303,6.302258309693762,0.8421052631578947,22.965399645458557,26.87075891017668,4.349679997384809,0.45614035087719296,57
all_history,NDX,10,momentum,2026-09-23,88.69012093788427,7.8726001678338635,0.7777777777777778,26.060192420990532,32.206434430100806,5.431481909610823,0.37777777777777777,45
all_history,NDX,10,momentum,2026-09-24,282.44446401288053,12.165809295091588,0.8032786885245902,36.72730705772364,60.45523316772354,8.901833998932585,0.5081967213114754,61
all_history,NDX,10,momentum,2026-09-25,229.71118662220115,11.763468660356107,0.8360655737704918,34.244377110783695,50.59233932981488,8.221250695881482,0.3114754098360656,61
all_history,NDX,10,momentum,2026-09-28,330.04195789175515,13.301837579901544,0.7192982456140351,37.324729602210674,69.21571767333747,9.984241904540422,0.38596491228070173,57
all_history,NDX,10,momentum,2026-09-29,113.62738654654702,8.389817394791114,0.819672131147541,26.910350852313428,37.511658377594266,5.90350392776697,0.4262295081967213,61
all_history,NDX,10,ou_gex,2026-07-21,49.258019574397466,4.852106483691118,0.9836065573770492,38.24810681315827,40.69965928572549,4.632311225591831,0.5,61
all_history,NDX,10,ou_gex,2026-07-22,51.23342877981855,5.650353564563418,0.9523809523809523,38.24810681315827,38.49092691257134,4.771253324693344,0.5,21
all_history,NDX,10,ou_gex,2026-07-23,223.81100264854706,11.3734421391261,0.7213114754098361,38.24810681315827,55.102488029713626,8.363569570784504,0.5,61
all_history,NDX,10,ou_gex,2026-07-24,285.27695273882705,13.775414288303265,0.7727272727272727,38.24810681315827,57.86152796920107,9.548323346371216,0.5,44
all_history,NDX,10,ou_gex,2026-07-30,235.1786016745776,12.871178235525198,0.8333333333333334,38.24810681315827,50.36782835198604,8.84944487449609,0.5,12
all_history,NDX,10,ou_gex,2026-07-31,269.6685123591332,13.40246404321806,0.825,38.24810681315827,55.653896079378455,9.323700334730123,0.5,40
all_history,NDX,10,ou_gex,2026-08-03,33.06600073318572,4.861289136938628,1.0,38.24810681315827,38.24810681315827,4.345650974028333,0.5,17
all_history,NDX,10,ou_gex,2026-08-11,31.340297465584,4.656557844190892,1.0,38.78361267375302,38.78361267375302,4.342630317211283,0.5,14
all_history,NDX,10,ou_gex,2026-08-12,46.48099846213053,5.377792042441621,1.0,38.78361267375302,38.78361267375302,4.707002434538509,0.5,31
all_history,NDX,10,ou_gex,2026-08-13,104.5542129334825,8.578585776985468,0.9583333333333334,38.78361267375302,41.51339745559993,6.040820155625575,0.5,24
all_history,NDX,10,ou_gex,2026-08-14,19.170529535760828,4.072215855579998,1.0,38.78361267375302,38.78361267375302,4.03649663609906,0.5,4
all_history,NDX,10,ou_gex,2026-09-01,90.48589839441809,7.868413209179481,1.0,38.78361267375302,38.78361267375302,5.765282495309069,0.5,45
all_history,NDX,10,ou_gex,2026-09-04,57.02376113358953,5.7196478790501715,0.9375,38.78361267375302,38.99246416415923,4.939559253854691,0.5,16
all_history,NDX,10,ou_gex,2026-09-08,53.55616123315816,5.359142534542558,0.972972972972973,38.78361267375302,39.988031278506014,4.835899120594124,0.5,37
all_history,NDX,10,ou_gex,2026-09-09,223.43435854243646,11.353872546213097,0.8,36.49223980939482,55.77166541579451,8.339877560755594,0.5,15
all_history,NDX,10,ou_gex,2026-09-10,49.12569917273261,5.51495204127834,0.9782608695652174,36.49223980939482,36.8082418450288,4.624124406163088,0.5,46
all_history,NDX,10,ou_gex,2026-09-11,74.55711854876999,6.057986369770386,0.9411764705882353,36.49223980939482,39.52406427408695,5.179469101758149,0.5,34
all_history,NDX,10,ou_gex,2026-09-14,103.8643853467242,7.278218072251041,0.9180327868852459,36.49223980939482,43.6133406713824,5.794524182767548,0.5,61
all_history,NDX,10,ou_gex,2026-09-15,23.634336412609585,4.576588084238623,1.0,36.49223980939482,36.49223980939482,3.9796532327189222,0.5,11
all_history,NDX,10,ou_gex,2026-09-16,245.5287484531523,10.504954345249523,0.8333333333333334,36.49223980939482,59.96508209653073,8.127175975573541,0.5,60
all_history,NDX,10,ou_gex,2026-09-18,30.33886962182635,3.9159801204247437,1.0,36.49223980939482,36.49223980939482,4.127634715984521,0.5,60
all_history,NDX,10,ou_gex,2026-09-21,12.43077353325352,3.5257302127720322,1.0,34.80699032025979,34.80699032025979,3.5367255106628837,0.5,1
all_history,NDX,10,ou_gex,2026-09-22,33.83713738407146,4.767889429612663,1.0,34.80699032025979,34.80699032025979,4.134367258761907,0.5,57
all_history,NDX,10,ou_gex,2026-09-23,47.74752094889781,5.367943331346032,1.0,34.80699032025979,34.80699032025979,4.492528690381838,0.5,45
all_history,NDX,10,ou_gex,2026-09-24,182.96233500699302,9.409157149409246,0.9016393442622951,34.80699032025979,48.823876320864265,7.060527768804043,0.5,61
all_history,NDX,10,ou_gex,2026-09-25,120.07087600106257,8.110394633785663,0.8524590163934426,34.80699032025979,43.08469629346555,6.0795988195181625,0.5,61
all_history,NDX,10,ou_gex,2026-09-28,150.63839510492306,8.667408987369415,0.8947368421052632,34.80699032025979,46.14880761455061,6.724766591188306,0.5,57
all_history,NDX,10,ou_gex,2026-09-29,69.58552050460952,6.505957706564452,0.9836065573770492,34.80699032025979,36.30715782486061,5.030550980468349,0.5,61
all_history,NDX,10,ou_price,2026-07-21,49.15739882845183,4.847527984335555,0.9836065573770492,38.16947752688269,40.618229042133116,4.625184843899354,0.5409836065573771,61
all_history,NDX,10,ou_price,2026-07-22,51.175260630661555,5.649878023655922,0.9523809523809523,38.16947752688269,38.41321208476034,4.765178581884248,0.5238095238095238,21
all_history,NDX,10,ou_price,2026-07-23,224.14328363087077,11.383777010481893,0.7213114754098361,38.16947752688269,55.19178400564807,8.37115163332815,0.4426229508196721,61
all_history,NDX,10,ou_price,2026-07-24,285.0743574758468,13.771248009590765,0.7727272727272727,38.16947752688269,57.76993896129374,9.546637545517603,0.4318181818181818,44
all_history,NDX,10,ou_price,2026-07-30,234.97540192081047,12.875770364914032,0.8333333333333334,38.16947752688269,50.31993017759782,8.847230354783493,0.4166666666666667,12
all_history,NDX,10,ou_price,2026-07-31,269.89935166864547,13.432235296518309,0.825,38.16947752688269,55.65504696659775,9.331867771315249,0.375,40
all_history,NDX,10,ou_price,2026-08-03,33.18089551119004,4.863253532872272,1.0,38.16947752688269,38.16947752688269,4.343093163827847,0.5882352941176471,17
all_history,NDX,10,ou_price,2026-08-11,31.58917396840646,4.663782918033303,1.0,38.665930165946364,38.665930165946364,4.340475919415307,0.42857142857142855,14
all_history,NDX,10,ou_price,2026-08-12,46.317566561007375,5.371271369357903,1.0,38.665930165946364,38.665930165946364,4.695834078794521,0.4838709677419355,31
all_history,NDX,10,ou_price,2026-08-13,104.28746874836939,8.5680141320675,0.9583333333333334,38.665930165946364,41.386416600409966,6.03114129104127,0.5416666666666666,24
all_history,NDX,10,ou_price,2026-08-14,19.252550952202352,4.060711769830889,1.0,38.665930165946364,38.665930165946364,4.029302467102951,0.5,4
all_history,NDX,10,ou_price,2026-09-01,91.0227894191028,7.881099691246147,1.0,38.665930165946364,38.665930165946364,5.772002766374987,0.4888888888888889,45
all_history,NDX,10,ou_price,2026-09-04,57.39927406317179,5.754199568944629,0.9375,38.665930165946364,38.94363061461595,4.9416993658739825,0.25,16
all_history,NDX,10,ou_price,2026-09-08,53.548408921869125,5.347712865177388,0.972972972972973,38.665930165946364,39.891046329331424,4.828170707173838,0.5675675675675675,37
all_history,NDX,10,ou_price,2026-09-09,223.41599167579085,11.359526314859037,0.8,36.40065058243839,55.85463202127008,8.339000246187993,0.4666666666666667,15
all_history,NDX,10,ou_price,2026-09-10,49.15128190853283,5.528108870608836,0.9782608695652174,36.40065058243839,36.749276346672936,4.6192992970336375,0.391304347826087,46
all_history,NDX,10,ou_price,2026-09-11,74.46499794331979,6.049880649573541,0.9411764705882353,36.40065058243839,39.41996231680648,5.17393719881438,0.47058823529411764,34
all_history,NDX,10,ou_price,2026-09-14,104.09449302878294,7.2824557583509515,0.9180327868852459,36.40065058243839,43.57784614823082,5.7945951384053735,0.4262295081967213,61
all_history,NDX,10,ou_price,2026-09-15,23.53897766064042,4.569908046360155,1.0,36.40065058243839,36.40065058243839,3.970265954578893,0.5454545454545454,11
all_history,NDX,10,ou_price,2026-09-16,246.17344280016943,10.505985284466425,0.8333333333333334,36.40065058243839,60.01921779393429,8.133283436150544,0.48333333333333334,60
all_history,NDX,10,ou_price,2026-09-18,30.29680658525371,3.92251530796292,1.0,36.40065058243839,36.40065058243839,4.120096927486541,0.43333333333333335,60
all_history,NDX,10,ou_price,2026-09-21,12.539134781732407,3.5410640747849236,1.0,34.767568929028435,34.767568929028435,3.536689634790031,0.0,1
all_history,NDX,10,ou_price,2026-09-22,33.807510426946195,4.767189837133173,1.0,34.767568929028435,34.767568929028435,4.13093843095847,0.5263157894736842,57
all_history,NDX,10,ou_price,2026-09-23,47.71621520985403,5.366965667255811,1.0,34.767568929028435,34.767568929028435,4.489373549018364,0.5333333333333333,45
all_history,NDX,10,ou_price,2026-09-24,183.06826004349395,9.413275294051004,0.9016393442622951,34.767568929028435,48.80080001174969,7.063012779901216,0.4918032786885246,61
all_history,NDX,10,ou_price,2026-09-25,119.85432522514694,8.099632376552359,0.8524590163934426,34.767568929028435,43.065084331593965,6.072991071799227,0.6721311475409836,61
all_history,NDX,10,ou_price,2026-09-28,150.28313497744918,8.653205924212873,0.8947368421052632,34.767568929028435,46.08822178194878,6.715044846677176,0.5614035087719298,57
all_history,NDX,10,ou_price,2026-09-29,69.5159985427619,6.502018416329614,0.9836065573770492,34.767568929028435,36.27519158761836,5.02687322874613,0.5737704918032787,61
all_history,NDX,10,random_walk,2026-07-21,49.258019574397466,4.852106483691118,0.9672131147540983,27.72723246713587,30.597240733782222,3.976124554895239,0.5,61
all_history,NDX,10,random_walk,2026-07-22,51.23342877981855,5.650353564563418,0.9523809523809523,28.033786641570707,31.764679058745724,4.271647897452009,0.5,21
all_history,NDX,10,random_walk,2026-07-23,223.81100264854706,11.3734421391261,0.8032786885245902,42.9285185477837,52.40459790130145,8.331219345390059,0.5,61
all_history,NDX,10,random_walk,2026-07-24,285.27695273882705,13.775414288303265,0.9318181818181818,53.649567704855755,60.90744321666627,9.502198028466909,0.5,44
all_history,NDX,10,random_walk,2026-07-30,235.1786016745776,12.871178235525198,0.9166666666666666,49.62002957534468,56.37954643479599,9.039279403614847,0.5,12
all_history,NDX,10,random_walk,2026-07-31,269.6685123591332,13.40246404321806,0.9,51.74702873826027,58.89781049171255,9.353017334154309,0.5,40
all_history,NDX,10,random_walk,2026-08-03,33.06600073318572,4.861289136938628,1.0,28.39573703664874,28.39573703664874,3.7373731995762824,0.5,17
all_history,NDX,10,random_walk,2026-08-11,31.340297465584,4.656557844190892,1.0,31.63997861887492,31.63997861887492,3.8429073844198656,0.5,14
all_history,NDX,10,random_walk,2026-08-12,46.48099846213053,5.377792042441621,1.0,29.408990791923816,29.408990791923816,4.123550209637783,0.5,31
all_history,NDX,10,random_walk,2026-08-13,104.5542129334825,8.578585776985468,0.8333333333333334,29.704472765045683,37.52275958713092,5.87944542513495,0.5,24
all_history,NDX,10,random_walk,2026-08-14,19.170529535760828,4.072215855579998,1.0,32.803104816689434,32.803104816689434,3.57237428257668,0.5,4
all_history,NDX,10,random_walk,2026-09-01,90.48589839441809,7.868413209179481,0.8222222222222222,28.13597696102462,32.98542611814209,5.480155884858538,0.5,45
all_history,NDX,10,random_walk,2026-09-04,57.02376113358953,5.7196478790501715,0.9375,32.68545942050486,34.01402341284915,4.598622495924706,0.5,16
all_history,NDX,10,random_walk,2026-09-08,53.55616123315816,5.359142534542558,0.9459459459459459,30.639214793032494,33.83849039928939,4.404535576944929,0.5,37
all_history,NDX,10,random_walk,2026-09-09,223.43435854243646,11.353872546213097,0.8666666666666667,41.17395234234381,58.41137486340689,8.42519578705832,0.5,15
all_history,NDX,10,random_walk,2026-09-10,49.12569917273261,5.51495204127834,0.9782608695652174,30.6812842682588,30.90333569841415,4.2716707166121735,0.5,46
all_history,NDX,10,random_walk,2026-09-11,74.55711854876999,6.057986369770386,0.9411764705882353,30.80461988124357,34.020092847396725,4.761450554001538,0.5,34
all_history,NDX,10,random_walk,2026-09-14,103.8643853467242,7.278218072251041,0.9180327868852459,29.76417411008826,37.78999532616446,5.392260235605228,0.5,61
all_history,NDX,10,random_walk,2026-09-15,23.634336412609585,4.576588084238623,1.0,27.187679953174687,27.187679953174687,3.3648526691348293,0.5,11
all_history,NDX,10,random_walk,2026-09-16,245.5287484531523,10.504954345249523,0.7833333333333333,27.994150269867987,54.27175044753057,7.800350274974923,0.5,60
all_history,NDX,10,random_walk,2026-09-18,30.33886962182635,3.9159801204247437,0.9,20.4222982294883,24.403419480422595,3.166666712686669,0.5,60
all_history,NDX,10,random_walk,2026-09-21,12.43077353325352,3.5257302127720322,1.0,29.901721081527853,29.901721081527853,3.1482178057396393,0.5,1
all_history,NDX,10,random_walk,2026-09-22,33.83713738407146,4.767889429612663,0.9473684210526315,22.965399645458557,24.564037065012993,3.5405160406013976,0.5,57
all_history,NDX,10,random_walk,2026-09-23,47.74752094889781,5.367943331346032,0.9111111111111111,26.060192420990532,28.184748660771415,4.08695347906074,0.5,45
all_history,NDX,10,random_walk,2026-09-24,182.96233500699302,9.409157149409246,0.8852459016393442,36.72730705772364,51.03086963039311,7.180466668920485,0.5,61
all_history,NDX,10,random_walk,2026-09-25,120.07087600106257,8.110394633785663,0.9344262295081968,34.244377110783695,40.745622804116266,5.916672336588649,0.5,61
all_history,NDX,10,random_walk,2026-09-28,150.63839510492306,8.667408987369415,0.8771929824561403,37.324729602210674,47.46582861360012,6.823200087759054,0.5,57
all_history,NDX,10,random_walk,2026-09-29,69.58552050460952,6.505957706564452,0.8852459016393442,26.910350852313428,31.080110250981942,4.733071754626005,0.5,61
all_history,NDX,15,garch_gex,2026-07-21,56.62535444560296,5.433787790298382,0.9508196721311475,27.064952837981547,30.333605109950348,4.202362120546328,0.5,61
all_history,NDX,15,garch_gex,2026-07-22,62.65711345805028,6.6340151460816355,0.9047619047619048,29.038406258141723,31.02688892280857,4.692423610557056,0.5,21
all_history,NDX,15,garch_gex,2026-07-23,357.27857008248037,14.930578475456148,0.7868852459016393,53.10122932449197,65.59810098376897,10.576266570338062,0.5,61
all_history,NDX,15,garch_gex,2026-07-24,357.9258185790557,14.716363121527882,0.8636363636363636,57.93798193669477,63.87772081119683,10.588709710220739,0.5,44
all_history,NDX,15,garch_gex,2026-07-30,332.2160028917195,14.66837296471931,0.8333333333333334,58.99737432356113,71.1756415594276,11.038273290603984,0.5,12
all_history,NDX,15,garch_gex,2026-07-31,382.29665313008957,15.987239665247762,0.775,54.374908934410016,69.84692356593273,11.245979904661493,0.5,40
all_history,NDX,15,garch_gex,2026-08-03,62.39874876053303,5.891565072375884,0.7647058823529411,23.910515188692347,32.27858907581138,4.720970392604625,0.5,17
all_history,NDX,15,garch_gex,2026-08-11,40.15808761171193,5.447383182354055,1.0,30.277417359563753,30.277417359563753,4.0214107835862976,0.5,14
all_history,NDX,15,garch_gex,2026-08-12,64.36133383884106,6.302035901388022,0.9032258064516129,26.837084941504134,28.629513048973084,4.574130623918891,0.5,31
all_history,NDX,15,garch_gex,2026-08-13,146.21944119293144,9.959714509977857,0.8333333333333334,28.37557306936708,44.69976633139809,7.052329633742314,0.5,24
all_history,NDX,15,garch_gex,2026-08-14,15.989110907454457,3.830313281461713,1.0,30.795846317659695,30.795846317659695,3.320119480156926,0.5,4
all_history,NDX,15,garch_gex,2026-09-01,177.8970641714374,10.973792215253667,0.7555555555555555,34.9835648543583,47.76709913957606,7.745013892062128,0.5,45
all_history,NDX,15,garch_gex,2026-09-04,60.262685549124605,6.06412611817268,0.9375,31.620273633891504,32.55253935349549,4.639024547151341,0.5,16
all_history,NDX,15,garch_gex,2026-09-08,65.0618193731192,6.050272710846715,0.918918918918919,28.667507834747,35.7455679582313,4.745741513608871,0.5,37
all_history,NDX,15,garch_gex,2026-09-09,317.515095392608,13.123872942302842,0.8,48.88585732327476,70.50017487267706,10.035028188641077,0.5,15
all_history,NDX,15,garch_gex,2026-09-10,57.548337001162736,6.32326253125749,0.9565217391304348,35.81387356976322,37.70867373843208,4.934828667798002,0.5,46
all_history,NDX,15,garch_gex,2026-09-11,111.08990119491337,7.228869631548364,0.9117647058823529,29.06912479261701,37.34947873850365,5.345845483352397,0.5,34
all_history,NDX,15,garch_gex,2026-09-14,164.58159712387774,9.231262530451144,0.8524590163934426,34.13380588919362,46.02486809582041,6.714396570677677,0.5,61
all_history,NDX,15,garch_gex,2026-09-15,26.66577066342121,4.262317604926383,1.0,29.2443178322045,29.2443178322045,3.578512240257591,0.5,11
all_history,NDX,15,garch_gex,2026-09-16,375.4230541044352,12.96185055371631,0.7166666666666667,32.64085044235798,61.16476112161785,9.410372327166723,0.5,60
all_history,NDX,15,garch_gex,2026-09-18,40.3386038226682,4.856907250030296,0.9,21.923202032186165,26.402040112634936,3.6710513220113343,0.5,60
all_history,NDX,15,garch_gex,2026-09-21,28.540800665690202,5.342359091795515,1.0,25.95152386744147,25.95152386744147,3.4653417821229677,0.5,1
all_history,NDX,15,garch_gex,2026-09-22,44.25355151355125,5.222219961655036,0.9473684210526315,23.18603255507608,25.56886626169914,3.90448717211089,0.5,57
all_history,NDX,15,garch_gex,2026-09-23,71.42480497886812,6.568097923650445,0.8666666666666667,29.209288330717097,33.91684671816847,4.892186377924253,0.5,45
all_history,NDX,15,garch_gex,2026-09-24,274.73635153397817,12.137536828995389,0.8360655737704918,41.79687041481858,61.02762056979513,8.92941144291783,0.5,61
all_history,NDX,15,garch_gex,2026-09-25,173.43491336930117,9.004450019497423,0.819672131147541,35.08748308303337,47.19899924673958,6.8910906951196385,0.5,61
all_history,NDX,15,garch_gex,2026-09-28,230.17354217577955,10.739282375294255,0.8771929824561403,42.382372827475876,57.08099691838393,8.24366976618542,0.5,57
all_history,NDX,15,garch_gex,2026-09-29,92.52835970731405,7.452275479567851,0.8852459016393442,30.177715349170672,36.697815696567424,5.515834353528821,0.5,61
all_history,NDX,15,garch_price,2026-07-21,56.62535444560296,5.433787790298382,0.9508196721311475,28.874222372656018,31.591439095401675,4.289099170719774,0.5,61
all_history,NDX,15,garch_price,2026-07-22,62.65711345805028,6.6340151460816355,0.8571428571428571,27.283131095639003,31.212936292442432,4.691167711257165,0.5,21
all_history,NDX,15,garch_price,2026-07-23,357.27857008248037,14.930578475456148,0.7540983606557377,49.46876987518873,66.34481213659117,10.597582219909993,0.5,61
all_history,NDX,15,garch_price,2026-07-24,357.9258185790557,14.716363121527882,0.8863636363636364,61.385834611969905,65.66236454373893,10.675757524423956,0.5,44
all_history,NDX,15,garch_price,2026-07-30,332.2160028917195,14.66837296471931,0.9166666666666666,64.0791148220113,72.821291315583,11.082670193021512,0.5,12
all_history,NDX,15,garch_price,2026-07-31,382.29665313008957,15.987239665247762,0.825,59.553296871677574,69.63289633760917,11.270905435748253,0.5,40
all_history,NDX,15,garch_price,2026-08-03,62.39874876053303,5.891565072375884,0.8235294117647058,26.759217665869787,31.754342127930915,4.759074220213968,0.5,17
all_history,NDX,15,garch_price,2026-08-11,40.15808761171193,5.447383182354055,1.0,31.043512768433157,31.043512768433157,4.0641247742403825,0.5,14
all_history,NDX,15,garch_price,2026-08-12,64.36133383884106,6.302035901388022,0.9354838709677419,29.618897462789885,30.143736428551684,4.659568314704757,0.5,31
all_history,NDX,15,garch_price,2026-08-13,146.21944119293144,9.959714509977857,0.8333333333333334,31.49288453855081,45.20829251694178,7.026725764856274,0.5,24
all_history,NDX,15,garch_price,2026-08-14,15.989110907454457,3.830313281461713,1.0,32.10993973454529,32.10993973454529,3.419242481617019,0.5,4
all_history,NDX,15,garch_price,2026-09-01,177.8970641714374,10.973792215253667,0.6888888888888889,30.01507435641358,50.14753620502623,7.823092869427118,0.5,45
all_history,NDX,15,garch_price,2026-09-04,60.262685549124605,6.06412611817268,0.9375,33.523946129845505,33.82035758344765,4.7272644305942535,0.5,16
all_history,NDX,15,garch_price,2026-09-08,65.0618193731192,6.050272710846715,0.918918918918919,30.799382608346228,37.20935961095911,4.839171886911009,0.5,37
all_history,NDX,15,garch_price,2026-09-09,317.515095392608,13.123872942302842,0.8,52.02231919613187,70.85614906343426,10.104010156515114,0.5,15
all_history,NDX,15,garch_price,2026-09-10,57.548337001162736,6.32326253125749,0.9347826086956522,31.03384835540145,34.83490425800704,4.836762555910256,0.5,46
all_history,NDX,15,garch_price,2026-09-11,111.08990119491337,7.228869631548364,0.9117647058823529,31.214792988046693,38.27180099491847,5.400044517713553,0.5,34
all_history,NDX,15,garch_price,2026-09-14,164.58159712387774,9.231262530451144,0.8032786885245902,31.819708738104822,44.86284807893459,6.652970647506339,0.5,61
all_history,NDX,15,garch_price,2026-09-15,26.66577066342121,4.262317604926383,1.0,23.809170828592187,23.809170828592187,3.2973070424985407,0.5,11
all_history,NDX,15,garch_price,2026-09-16,375.4230541044352,12.96185055371631,0.7333333333333333,33.824074362445906,60.586014302067234,9.375572182735244,0.5,60
all_history,NDX,15,garch_price,2026-09-18,40.3386038226682,4.856907250030296,0.9166666666666666,21.318977261204207,26.55985296833737,3.6739959829072557,0.5,60
all_history,NDX,15,garch_price,2026-09-21,28.540800665690202,5.342359091795515,1.0,28.133734377943593,28.133734377943593,3.58246035103787,0.5,1
all_history,NDX,15,garch_price,2026-09-22,44.25355151355125,5.222219961655036,0.9473684210526315,25.206329854172473,26.984612199691803,3.9639778243214376,0.5,57
all_history,NDX,15,garch_price,2026-09-23,71.42480497886812,6.568097923650445,0.8444444444444444,28.665126215345353,33.87728487582062,4.883479765810518,0.5,45
all_history,NDX,15,garch_price,2026-09-24,274.73635153397817,12.137536828995389,0.8524590163934426,42.879389516961304,61.59965912856838,8.963810574363462,0.5,61
all_history,NDX,15,garch_price,2026-09-25,173.43491336930117,9.004450019497423,0.8360655737704918,36.92680097873552,47.58208313209645,6.9367680701536605,0.5,61
all_history,NDX,15,garch_price,2026-09-28,230.17354217577955,10.739282375294255,0.8421052631578947,41.88319381669659,57.36177036100213,8.264161049360057,0.5,57
all_history,NDX,15,garch_price,2026-09-29,92.52835970731405,7.452275479567851,0.8852459016393442,30.783684222887857,37.053144221530786,5.539757647626878,0.5,61
all_history,NDX,15,kalman_gex,2026-07-21,51.874799016921024,5.181674143946393,0.9836065573770492,46.87995751941025,47.02325023366148,5.329330690839631,0.6065573770491803,61
all_history,NDX,15,kalman_gex,2026-07-22,65.78360501080398,6.275963384220285,1.0,48.66363881781618,48.66363881781618,5.792384162660445,0.5714285714285714,21
all_history,NDX,15,kalman_gex,2026-07-23,412.9076163568203,15.534384763749882,0.7377049180327869,46.87995751941025,70.073981920012,11.302935406891008,0.4262295081967213,61
all_history,NDX,15,kalman_gex,2026-07-24,391.70950194516826,15.810568943616467,0.8181818181818182,47.34898590321919,68.47031775954207,11.027995780409203,0.4090909090909091,44
all_history,NDX,15,kalman_gex,2026-07-30,735.776529175496,24.84544569880455,0.5833333333333334,49.782991647476926,94.82744121221725,16.78474753034432,0.3333333333333333,12
all_history,NDX,15,kalman_gex,2026-07-31,510.6444573931579,18.92311375875486,0.625,47.500375269897816,78.84635234058422,13.159306594840569,0.35,40
all_history,NDX,15,kalman_gex,2026-08-03,56.653355336701516,6.347775078672434,1.0,49.08188007987941,49.08188007987941,5.6302050415299725,0.5294117647058824,17
all_history,NDX,15,kalman_gex,2026-08-11,26.948072259643876,4.037670212789027,1.0,50.27973493601165,50.27973493601165,5.128662392526359,0.8571428571428571,14
all_history,NDX,15,kalman_gex,2026-08-12,79.16753700410099,7.660961331842912,1.0,48.770352784042196,48.770352784042196,6.039931060022421,0.3870967741935484,31
all_history,NDX,15,kalman_gex,2026-08-13,171.48381006999043,10.935406918434945,0.9583333333333334,49.22859775030373,51.66415006394518,7.75622593643454,0.3333333333333333,24
all_history,NDX,15,kalman_gex,2026-08-14,24.090014756776387,4.543654918614879,1.0,52.56874824640293,52.56874824640293,5.2614709882019906,0.5,4
all_history,NDX,15,kalman_gex,2026-09-01,246.559439103626,12.613273750407261,0.8444444444444444,48.179418299827766,54.527967203455646,8.982231188435327,0.37777777777777777,45
all_history,NDX,15,kalman_gex,2026-09-04,74.07150261170501,7.672828684697731,1.0,50.90423077820695,50.90423077820695,6.101452410955634,0.75,16
all_history,NDX,15,kalman_gex,2026-09-08,82.6654362529598,7.26300992827864,1.0,49.61864111647547,49.61864111647547,6.13018143301049,0.4594594594594595,37
all_history,NDX,15,kalman_gex,2026-09-09,301.4891991321964,13.823664209431577,0.8,47.19085477664773,63.19631508582799,9.72337292198405,0.6,15
all_history,NDX,15,kalman_gex,2026-09-10,124.01239380354663,9.644687049589868,1.0,45.41254338655734,45.41254338655734,6.756419799158349,0.391304347826087,46
all_history,NDX,15,kalman_gex,2026-09-11,142.64662322554284,8.398849987936373,0.9117647058823529,46.96127636505172,51.59245020819107,6.987222069844472,0.5,34
all_history,NDX,15,kalman_gex,2026-09-14,187.74308786337158,10.619918294264377,0.9344262295081968,45.09824093491308,52.15965987052515,7.7883771384797855,0.4098360655737705,61
all_history,NDX,15,kalman_gex,2026-09-15,44.39130029414831,6.032589394726765,1.0,47.75947374873447,47.75947374873447,5.295978714084903,0.0,11
all_history,NDX,15,kalman_gex,2026-09-16,366.65013360389815,13.113274524976367,0.8333333333333334,45.11490204530893,73.18616117702456,10.128815822407775,0.43333333333333335,60
all_history,NDX,15,kalman_gex,2026-09-18,49.53097632937592,5.586973097653763,1.0,45.11490204530893,45.11490204530893,5.185213590606414,0.36666666666666664,60
all_history,NDX,15,kalman_gex,2026-09-21,12.474038705406828,3.53186051613124,1.0,48.618984090492766,48.618984090492766,4.694505139775208,1.0,1
all_history,NDX,15,kalman_gex,2026-09-22,56.24430550485989,6.043115215733232,1.0,43.644198788019416,43.644198788019416,5.2453121211929945,0.3684210526315789,57
all_history,NDX,15,kalman_gex,2026-09-23,79.56277780162267,6.690842449391664,0.9555555555555556,43.8585783165939,44.696330947587676,5.718180568486283,0.6,45
all_history,NDX,15,kalman_gex,2026-09-24,281.92737390331695,12.582590527935055,0.8852459016393442,43.59021149693092,61.25791987699992,9.054884802201288,0.47540983606557374,61
all_history,NDX,15,kalman_gex,2026-09-25,220.9617177148905,10.084517094316325,0.8852459016393442,43.59021149693092,59.96793222765559,7.966120056646833,0.5737704918032787,61
all_history,NDX,15,kalman_gex,2026-09-28,346.61937366743007,12.810138072107442,0.8245614035087719,43.644198788019416,68.19909638400807,9.816811186178844,0.45614035087719296,57
all_history,NDX,15,kalman_gex,2026-09-29,101.406410533626,7.8370208926700275,0.9508196721311475,43.59021149693092,45.48873791905965,6.12905972555929,0.47540983606557374,61
all_history,NDX,15,kalman_price,2026-07-21,64.4677623744813,6.240754171487372,1.0,47.46761607903,47.46761607903,5.634707932324305,0.6065573770491803,61
all_history,NDX,15,kalman_price,2026-07-22,73.24313152134285,6.56493106682531,1.0,49.329951734967004,49.329951734967004,5.984107256422962,0.7142857142857143,21
all_history,NDX,15,kalman_price,2026-07-23,400.88904454306476,15.37052845670089,0.7704918032786885,47.46761607903,69.89499866172856,11.15116649838677,0.5573770491803278,61
all_history,NDX,15,kalman_price,2026-07-24,435.2450930047831,16.70523429218905,0.7954545454545454,47.96592038383401,72.5200111744117,11.65760436615189,0.4090909090909091,44
all_history,NDX,15,kalman_price,2026-07-30,743.7176563739122,24.93415692217724,0.5833333333333334,50.47424446165309,93.49878547913295,16.830415908072247,0.3333333333333333,12
all_history,NDX,15,kalman_price,2026-07-31,501.3881862942902,18.66083488382779,0.675,48.124935728008566,75.29998794767405,12.95394589733796,0.4,40
all_history,NDX,15,kalman_price,2026-08-03,54.89456112194169,6.61636050748238,1.0,49.758677748567024,49.758677748567024,5.642064249092499,0.6470588235294118,17
all_history,NDX,15,kalman_price,2026-08-11,47.796713941266816,5.648583944380992,1.0,50.93592745079543,50.93592745079543,5.5881589700211425,0.8571428571428571,14
all_history,NDX,15,kalman_price,2026-08-12,77.29240799575489,7.294405161992565,1.0,49.35975889216079,49.35975889216079,6.028059723740497,0.3225806451612903,31
all_history,NDX,15,kalman_price,2026-08-13,208.5432555089922,11.957537775379853,0.9583333333333334,49.843504533193794,53.23646137266201,8.39540402153641,0.3333333333333333,24
all_history,NDX,15,kalman_price,2026-08-14,23.062194532775095,4.566542647071307,1.0,53.27522105793186,53.27522105793186,5.300620487222,0.5,4
all_history,NDX,15,kalman_price,2026-09-01,234.06106046470265,12.204277462682077,0.8444444444444444,48.7240227339163,53.32295841717243,8.775031930721324,0.4888888888888889,45
all_history,NDX,15,kalman_price,2026-09-04,83.60199516755685,8.315407334018978,1.0,51.57460768684033,51.57460768684033,6.32589288100881,0.75,16
all_history,NDX,15,kalman_price,2026-09-08,77.69468937466158,7.220671094340343,1.0,50.24734990568698,50.24734990568698,6.086677762501279,0.43243243243243246,37
all_history,NDX,15,kalman_price,2026-09-09,360.8302539649384,15.365338385249766,0.8,47.779937430786696,70.71001313992494,10.712352005524764,0.6,15
all_history,NDX,15,kalman_price,2026-09-10,122.4247155214213,9.430707338891546,0.9782608695652174,45.871842025108585,46.087931243256506,6.71368415792937,0.391304347826087,46
all_history,NDX,15,kalman_price,2026-09-11,150.96931097822946,8.696944558936725,0.9117647058823529,47.53968678756771,53.039591710634284,7.147071279444942,0.4117647058823529,34
all_history,NDX,15,kalman_price,2026-09-14,175.7076901139426,10.42733247939535,0.9344262295081968,45.51383411557566,50.53602783821879,7.618440702818847,0.45901639344262296,61
all_history,NDX,15,kalman_price,2026-09-15,35.35615389654051,5.243847365931579,1.0,48.37055458665082,48.37055458665082,5.154702803921629,0.09090909090909091,11
all_history,NDX,15,kalman_price,2026-09-16,382.3060978066294,13.635638666735298,0.7833333333333333,45.53309481968416,75.8003603734309,10.526376956547853,0.4166666666666667,60
all_history,NDX,15,kalman_price,2026-09-18,42.29036766820161,5.1090117898574166,1.0,45.53309481968416,45.53309481968416,5.060033121326907,0.5166666666666667,60
all_history,NDX,15,kalman_price,2026-09-21,0.9873733777985068,0.9936666331313067,1.0,49.320305841524174,49.320305841524174,4.517322913094759,1.0,1
all_history,NDX,15,kalman_price,2026-09-22,47.21824498951472,5.463161219189757,1.0,43.85259926505521,43.85259926505521,5.057363529155671,0.5614035087719298,57
all_history,NDX,15,kalman_price,2026-09-23,83.67418393215038,7.037209204282939,0.9555555555555556,44.13399453889731,45.05810182408618,5.819714676708674,0.4888888888888889,45
all_history,NDX,15,kalman_price,2026-09-24,303.35268101060177,12.868808930578101,0.8360655737704918,43.779669974603046,62.86676189493227,9.369565584914135,0.45901639344262296,61
all_history,NDX,15,kalman_price,2026-09-25,240.87824579851588,10.61568608767894,0.8852459016393442,43.779669974603046,60.843446276140966,8.287469133557549,0.4262295081967213,61
all_history,NDX,15,kalman_price,2026-09-28,373.7309599924472,13.270859947914806,0.7894736842105263,43.85259926505521,70.9020751916399,10.18934489954787,0.40350877192982454,57
all_history,NDX,15,kalman_price,2026-09-29,114.48640158191272,8.352083698978353,0.9508196721311475,43.779669974603046,45.78140842687192,6.407070410913854,0.47540983606557374,61
all_history,NDX,15,markov_gex,2026-07-21,60.49911936529609,5.724959350556693,0.9344262295081968,29.628144399740076,31.427142299896325,4.367652156343566,0.39344262295081966,61
all_history,NDX,15,markov_gex,2026-07-22,59.373257101166864,6.319652964947693,0.8571428571428571,23.18885978931174,29.17152437545111,4.553142813436351,0.7142857142857143,21
all_history,NDX,15,markov_gex,2026-07-23,353.32145137248034,14.941964023119432,0.819672131147541,50.58272245388768,65.83321587722146,10.581625604691125,0.45901639344262296,61
all_history,NDX,15,markov_gex,2026-07-24,361.2219516683057,14.774507866759562,0.8863636363636364,53.087865003340355,67.88555347874508,10.652038412192345,0.5227272727272727,44
all_history,NDX,15,markov_gex,2026-07-30,346.29453963080454,15.211234849833732,0.75,53.12294058715326,63.86839781513803,10.819960670989081,0.25,12
all_history,NDX,15,markov_gex,2026-07-31,389.9216683812494,16.286116966195802,0.875,53.507981999186015,68.6892699139526,11.300126603176968,0.4,40
all_history,NDX,15,markov_gex,2026-08-03,72.13922782594682,6.286149595560046,0.7058823529411765,23.22569138732323,34.696734962473485,5.072980510220037,0.35294117647058826,17
all_history,NDX,15,markov_gex,2026-08-11,36.26490888878017,5.151750147948796,0.9285714285714286,28.242705063786268,28.845773435266373,3.8590045439118903,0.8571428571428571,14
all_history,NDX,15,markov_gex,2026-08-12,64.01152142272726,6.363780819255406,0.9032258064516129,33.57100820150974,35.12594083066941,4.918017493223633,0.4838709677419355,31
all_history,NDX,15,markov_gex,2026-08-13,143.5500968031801,9.929902427692037,0.75,25.65057668093753,44.43032832511526,7.0675671562921165,0.4583333333333333,24
all_history,NDX,15,markov_gex,2026-08-14,15.507476851210061,3.797957790352497,1.0,25.94286022093174,25.94286022093174,2.95029028012275,0.5,4
all_history,NDX,15,markov_gex,2026-09-01,175.7191999651591,10.863040011791703,0.6666666666666666,31.403151603204044,53.6760338211633,7.918363634501062,0.6888888888888889,45
all_history,NDX,15,markov_gex,2026-09-04,56.38705160862922,5.923851412027515,0.9375,35.879968808205554,36.39754637564139,4.874650169554809,0.625,16
all_history,NDX,15,markov_gex,2026-09-08,65.196329909677,5.966294554344204,0.8918918918918919,28.83418299145864,36.82485026605943,4.80179681605873,0.5945945945945946,37
all_history,NDX,15,markov_gex,2026-09-09,311.5594626930105,13.195217453645999,0.9333333333333333,52.65374107886404,66.92282652227749,9.86601608467867,0.4666666666666667,15
all_history,NDX,15,markov_gex,2026-09-10,55.4004129110807,6.158502313580328,0.9130434782608695,29.059590460467167,33.03861821231019,4.642862243848174,0.6086956521739131,46
all_history,NDX,15,markov_gex,2026-09-11,113.01396153684088,7.247745895183499,0.9117647058823529,35.57186677039085,40.351967541983385,5.585794108142753,0.47058823529411764,34
all_history,NDX,15,markov_gex,2026-09-14,170.45043197337347,9.242769781985068,0.9180327868852459,38.41794708632359,45.09708375853114,6.760719365108352,0.5081967213114754,61
all_history,NDX,15,markov_gex,2026-09-15,24.03898722589047,3.9369813650769037,1.0,22.46368274102133,22.46368274102133,3.089180290934134,0.7272727272727273,11
all_history,NDX,15,markov_gex,2026-09-16,372.3215506111371,12.850129620484825,0.6833333333333333,29.409559244668753,64.35453168574875,9.567491608121648,0.55,60
all_history,NDX,15,markov_gex,2026-09-18,42.71872763618839,4.9895088889206205,0.9166666666666666,22.472465647512273,25.707771532605033,3.736244971586592,0.4166666666666667,60
all_history,NDX,15,markov_gex,2026-09-21,38.193685228838895,6.18010398204099,1.0,23.911832693287,23.911832693287,3.756251925407022,0.0,1
all_history,NDX,15,markov_gex,2026-09-22,48.036500127722256,5.516242219017671,0.9298245614035088,25.292810993990123,26.991297177967205,4.134962247926196,0.3684210526315789,57
all_history,NDX,15,markov_gex,2026-09-23,71.2668200488235,6.495471216018436,0.8444444444444444,27.772663554607906,35.86157458285134,4.960542307996911,0.5555555555555556,45
all_history,NDX,15,markov_gex,2026-09-24,275.2778406001093,12.152901768957099,0.8524590163934426,44.05131815537363,61.72149868848623,8.945124535745505,0.5409836065573771,61
all_history,NDX,15,markov_gex,2026-09-25,174.86896452913004,8.879119520209494,0.9180327868852459,38.749398052694566,46.12983560851939,6.863324463716836,0.5573770491803278,61
all_history,NDX,15,markov_gex,2026-09-28,230.4020859301157,10.718449137408713,0.8421052631578947,39.02056245088779,54.633119112301785,8.052952671419423,0.49122807017543857,57
all_history,NDX,15,markov_gex,2026-09-29,90.23177880768468,7.396540955476436,0.8688524590163934,33.07595591496412,39.28285430303784,5.67293153467372,0.5081967213114754,61
all_history,NDX,15,markov_price,2026-07-21,59.530868948685345,5.656922016897936,0.9344262295081968,29.605719494818484,31.284969500830027,4.342107403020547,0.39344262295081966,61
all_history,NDX,15,markov_price,2026-07-22,59.270058648978235,6.305484230109577,0.8571428571428571,23.201866997061728,29.15087538354981,4.551456595807241,0.7142857142857143,21
all_history,NDX,15,markov_price,2026-07-23,352.15768247121395,14.909944494995482,0.819672131147541,50.525876992723205,65.81456136063386,10.567193480272794,0.47540983606557374,61
all_history,NDX,15,markov_price,2026-07-24,362.4446153576032,14.791492096261425,0.8863636363636364,53.07982153551297,67.96821634865141,10.666965010167274,0.5,44
all_history,NDX,15,markov_price,2026-07-30,342.5259610569267,15.111465251750852,0.8333333333333334,53.09677952355032,63.86155269055235,10.759159075988942,0.25,12
all_history,NDX,15,markov_price,2026-07-31,389.1014936412954,16.263877295990703,0.875,53.49301686893161,68.6780889351367,11.286173170183357,0.375,40
all_history,NDX,15,markov_price,2026-08-03,69.14299898325241,6.134003133746483,0.7058823529411765,23.13665820870931,33.75687071891724,4.960380212519141,0.35294117647058826,17
all_history,NDX,15,markov_price,2026-08-11,36.07471892050866,5.135825023685304,0.9285714285714286,28.224456017485284,28.815371999093724,3.8523017528542334,0.8571428571428571,14
all_history,NDX,15,markov_price,2026-08-12,64.24945956207394,6.409063462776464,0.9032258064516129,33.524268420337506,35.20387068376524,4.932602420768779,0.4838709677419355,31
all_history,NDX,15,markov_price,2026-08-13,142.74882423021646,9.91334758983951,0.75,25.607696731887305,44.511929088939524,7.053642978397774,0.4583333333333333,24
all_history,NDX,15,markov_price,2026-08-14,15.484212018091942,3.798281212169967,1.0,25.935801026967365,25.935801026967365,2.9504367081912504,0.5,4
all_history,NDX,15,markov_price,2026-09-01,176.21806056711645,10.887086699374809,0.6666666666666666,31.36459694707604,53.8164885187105,7.937297068652639,0.6666666666666666,45
all_history,NDX,15,markov_price,2026-09-04,55.870518310211324,5.893185119354264,0.9375,35.8119043892854,36.29791933267362,4.85809045577662,0.625,16
all_history,NDX,15,markov_price,2026-09-08,65.35200711876404,5.952208078955536,0.8918918918918919,28.84539909168514,36.85666453766512,4.8012297516426345,0.6216216216216216,37
all_history,NDX,15,markov_price,2026-09-09,310.9715278788468,13.183579157552666,0.9333333333333333,52.66286537298775,66.89557186807586,9.857624727641804,0.4666666666666667,15
all_history,NDX,15,markov_price,2026-09-10,55.541792642132194,6.175735466327352,0.9130434782608695,29.05972251578923,33.004044403449896,4.651462458794341,0.6304347826086957,46
all_history,NDX,15,markov_price,2026-09-11,113.06193235674903,7.241048747652972,0.9117647058823529,35.58720500050055,40.36004390994299,5.586174036178833,0.47058823529411764,34
all_history,NDX,15,markov_price,2026-09-14,170.15956911335985,9.242998787473915,0.9180327868852459,38.423933542040544,45.06979244152439,6.758026193359327,0.5081967213114754,61
all_history,NDX,15,markov_price,2026-09-15,24.243961465037707,3.956459289189766,1.0,22.45792610140342,22.45792610140342,3.097306220954263,0.7272727272727273,11
all_history,NDX,15,markov_price,2026-09-16,371.84037360396087,12.834514401621318,0.6833333333333333,29.38320086259159,64.33226414185633,9.560540302927931,0.55,60
all_history,NDX,15,markov_price,2026-09-18,42.92431052878756,5.002551718013438,0.9166666666666666,22.46387408074475,25.729532298820235,3.7431307986589752,0.4166666666666667,60
all_history,NDX,15,markov_price,2026-09-21,33.610383562280845,5.79744629662758,1.0,23.82541303176817,23.82541303176817,3.569797417241545,0.0,1
all_history,NDX,15,markov_price,2026-09-22,46.27403029601027,5.363514138227082,0.9298245614035088,25.287672128806108,26.74248618772467,4.068015786519436,0.3684210526315789,57
all_history,NDX,15,markov_price,2026-09-23,71.34439870201416,6.4997157906463325,0.8444444444444444,27.856543085750815,35.905767797483584,4.965885301267251,0.5555555555555556,45
all_history,NDX,15,markov_price,2026-09-24,275.64128350893174,12.156060401636594,0.8524590163934426,44.04154319971178,61.73710307868543,8.95042327009156,0.5409836065573771,61
all_history,NDX,15,markov_price,2026-09-25,174.7004200489738,8.894500965354075,0.8852459016393442,38.733212028064855,46.13924699526084,6.866779175645573,0.5573770491803278,61
all_history,NDX,15,markov_price,2026-09-28,231.778200015403,10.744356272575159,0.8421052631578947,39.004488375644264,54.777372689761584,8.067979227107074,0.49122807017543857,57
all_history,NDX,15,markov_price,2026-09-29,90.74749905717465,7.40882748149503,0.8688524590163934,33.11968186903648,39.381648273184965,5.687978928351484,0.5409836065573771,61
all_history,NDX,15,momentum,2026-07-21,97.36558650177848,7.341512590811405,0.9344262295081968,33.95878576200702,38.5883432732242,5.444481776212837,0.5573770491803278,61
all_history,NDX,15,momentum,2026-07-22,125.58285566042109,8.936701679897748,0.8571428571428571,34.334236414949764,43.564724421652684,6.509268218694982,0.5238095238095238,21
all_history,NDX,15,momentum,2026-07-23,529.1555732898706,18.538868152135773,0.7704918032786885,52.57648292783679,81.15090581983847,13.029071594317518,0.5737704918032787,61
all_history,NDX,15,momentum,2026-07-24,561.3794857561912,17.927610608942135,0.8863636363636364,65.70703289889792,82.71380753620393,12.915621694376158,0.6818181818181818,44
all_history,NDX,15,momentum,2026-07-30,574.8163831031703,19.872637139930433,0.8333333333333334,60.77187674070236,86.34931557441558,13.872760027381537,0.5,12
all_history,NDX,15,momentum,2026-07-31,620.2156444736413,20.83697792504985,0.85,63.37690805693744,82.23119059298686,14.225181508225273,0.625,40
all_history,NDX,15,momentum,2026-08-03,82.2235016252781,7.532328321112139,0.9411764705882353,34.777533305019745,35.55719121339415,5.482631474017506,0.5882352941176471,17
all_history,NDX,15,momentum,2026-08-11,55.54590717555949,6.027134682195971,1.0,38.750901544406595,38.750901544406595,4.956335929483245,0.7857142857142857,14
all_history,NDX,15,momentum,2026-08-12,127.3407074368512,9.049060106892778,0.9354838709677419,36.01851064521116,37.15435085629474,6.327056446148753,0.4838709677419355,31
all_history,NDX,15,momentum,2026-08-13,281.7743902987125,14.139839841806712,0.75,36.38040067638084,60.38426757910913,9.746753237611486,0.4166666666666667,24
all_history,NDX,15,momentum,2026-08-14,47.509577021843995,6.285305802769485,1.0,40.17543438996112,40.17543438996112,4.862404673852121,0.25,4
all_history,NDX,15,momentum,2026-09-01,223.89894060086962,12.400658878160472,0.7777777777777778,34.459393484606814,51.92449226595536,8.44325732706675,0.5333333333333333,45
all_history,NDX,15,momentum,2026-09-04,74.19090966883483,7.081092263266462,1.0,40.031348794341234,40.031348794341234,5.416767096857262,0.6875,16
all_history,NDX,15,momentum,2026-09-08,91.25745549766563,7.594291894032378,0.918918918918919,37.525221181231856,40.32838616719788,5.68086578451853,0.6486486486486487,37
all_history,NDX,15,momentum,2026-09-09,457.80432366218537,16.26186374585421,0.8,50.427586966207286,82.79764642899211,11.890910351147381,0.6,15
all_history,NDX,15,momentum,2026-09-10,96.26903254033233,7.903416323252846,0.8913043478260869,37.57674555525741,40.779467439364474,5.846247154398365,0.5217391304347826,46
all_history,NDX,15,momentum,2026-09-11,218.40309574622026,10.215295299185144,0.8823529411764706,37.727800214720446,50.32839887337561,7.587026176612596,0.47058823529411764,34
all_history,NDX,15,momentum,2026-09-14,261.6360553488176,11.992592863324491,0.8032786885245902,36.45351959253691,53.70424811681515,8.53835467021543,0.5901639344262295,61
all_history,NDX,15,momentum,2026-09-15,58.68225384250158,6.720926397876678,1.0,33.29797158768662,33.29797158768662,4.7960839757864315,0.45454545454545453,11
all_history,NDX,15,momentum,2026-09-16,487.41443966651025,15.343356412272492,0.65,34.28569197198628,79.05712537633423,11.431853157518768,0.5166666666666667,60
all_history,NDX,15,momentum,2026-09-18,69.43560426387674,6.520167731009618,0.8666666666666667,25.012105018595324,31.027869383989678,4.711212729199219,0.5,60
all_history,NDX,15,momentum,2026-09-21,16.028606832159806,4.003574257105743,1.0,36.621979540383,36.621979540383,3.7836997185840495,1.0,1
all_history,NDX,15,momentum,2026-09-22,77.49591231273402,6.965778767722165,0.8421052631578947,28.126755435233587,31.782886063492327,5.0444277729165075,0.47368421052631576,57
all_history,NDX,15,momentum,2026-09-23,134.9966068401132,10.090758199600245,0.8444444444444444,31.91708701508611,36.93210676613104,6.692257270832717,0.37777777777777777,45
all_history,NDX,15,momentum,2026-09-24,423.8431667357045,15.617279469238783,0.8360655737704918,44.98158095897114,71.9468616469373,11.208511431248478,0.47540983606557374,61
all_history,NDX,15,momentum,2026-09-25,384.8802231639379,14.561436784554877,0.7704918032786885,41.94062524043186,68.12450900290345,10.475659704510837,0.32786885245901637,61
all_history,NDX,15,momentum,2026-09-28,583.3479552209336,17.204195142682728,0.7368421052631579,45.71327115638535,89.17495967195259,12.926104000528527,0.47368421052631576,57
all_history,NDX,15,momentum,2026-09-29,162.4475466710208,10.202676877759846,0.819672131147541,32.95831419371915,44.74182392693033,7.123677144469553,0.4918032786885246,61
all_history,NDX,15,ou_gex,2026-07-21,56.62535444560296,5.433787790298382,0.9836065573770492,46.84417265985329,47.76222694973492,5.418636985981747,0.5,61
all_history,NDX,15,ou_gex,2026-07-22,62.65711345805028,6.6340151460816355,1.0,46.84417265985329,46.84417265985329,5.59098427847271,0.5,21
all_history,NDX,15,ou_gex,2026-07-23,357.27857008248037,14.930578475456148,0.8032786885245902,46.84417265985329,65.42231276743381,10.547068528624944,0.5,61
all_history,NDX,15,ou_gex,2026-07-24,357.9258185790557,14.716363121527882,0.8181818181818182,46.844172659853285,66.0962084664702,10.581091765406924,0.5,44
all_history,NDX,15,ou_gex,2026-07-30,332.2160028917195,14.66837296471931,0.75,46.84417265985329,63.89636087168538,10.446155836020525,0.5,12
all_history,NDX,15,ou_gex,2026-07-31,382.29665313008957,15.987239665247762,0.75,46.84417265985329,65.99532345670757,11.115183785116068,0.5,40
all_history,NDX,15,ou_gex,2026-08-03,62.39874876053303,5.891565072375884,1.0,46.84417265985329,46.84417265985329,5.581050206556697,0.5,17
all_history,NDX,15,ou_gex,2026-08-11,40.15808761171193,5.447383182354055,1.0,47.50003071621684,47.50003071621684,5.177195218547146,0.5,14
all_history,NDX,15,ou_gex,2026-08-12,64.36133383884106,6.302035901388022,1.0,47.50003071621684,47.50003071621684,5.66280854179725,0.5,31
all_history,NDX,15,ou_gex,2026-08-13,146.21944119293144,9.959714509977857,0.9583333333333334,47.50003071621685,49.92616318138645,7.215702406118576,0.5,24
all_history,NDX,15,ou_gex,2026-08-14,15.989110907454457,3.830313281461713,1.0,47.50003071621684,47.50003071621684,4.673266989728158,0.5,4
all_history,NDX,15,ou_gex,2026-09-01,177.8970641714374,10.973792215253667,0.9333333333333333,47.50003071621684,48.77423281072551,7.83661504762287,0.5,45
all_history,NDX,15,ou_gex,2026-09-04,60.262685549124605,6.06412611817268,1.0,47.50003071621684,47.50003071621684,5.565303168817704,0.5,16
all_history,NDX,15,ou_gex,2026-09-08,65.0618193731192,6.050272710846715,1.0,47.50003071621684,47.50003071621684,5.650963706474007,0.5,37
all_history,NDX,15,ou_gex,2026-09-09,317.515095392608,13.123872942302842,0.8666666666666667,44.693683552148286,63.98618637032147,9.763488066167053,0.5,15
all_history,NDX,15,ou_gex,2026-09-10,57.548337001162736,6.32326253125749,1.0,44.693683552148286,44.693683552148286,5.337351275807195,0.5,46
all_history,NDX,15,ou_gex,2026-09-11,111.08990119491337,7.228869631548364,0.9411764705882353,44.693683552148286,50.15178270792582,6.288033861594775,0.5,34
all_history,NDX,15,ou_gex,2026-09-14,164.58159712387774,9.231262530451144,0.8688524590163934,44.693683552148286,53.19896536615112,7.257846701777752,0.5,61
all_history,NDX,15,ou_gex,2026-09-15,26.66577066342121,4.262317604926383,1.0,44.693683552148286,44.693683552148286,4.6755135255105005,0.5,11
all_history,NDX,15,ou_gex,2026-09-16,375.4230541044352,12.96185055371631,0.8,44.693683552148286,73.50476987883303,10.192805386936634,0.5,60
all_history,NDX,15,ou_gex,2026-09-18,40.3386038226682,4.856907250030296,1.0,44.693683552148286,44.693683552148286,4.962041018435289,0.5,60
all_history,NDX,15,ou_gex,2026-09-21,28.540800665690202,5.342359091795515,1.0,42.629682883314864,42.629682883314864,4.5655922634403545,0.5,1
all_history,NDX,15,ou_gex,2026-09-22,44.25355151355125,5.222219961655036,1.0,42.629682883314864,42.629682883314864,4.91376712450118,0.5,57
all_history,NDX,15,ou_gex,2026-09-23,71.42480497886812,6.568097923650445,0.9777777777777777,42.629682883314864,42.86717182839268,5.488482932314658,0.5,45
all_history,NDX,15,ou_gex,2026-09-24,274.73635153397817,12.137536828995389,0.8852459016393442,42.629682883314864,61.343186296752194,8.844500181899347,0.5,61
all_history,NDX,15,ou_gex,2026-09-25,173.43491336930117,9.004450019497423,0.9180327868852459,42.629682883314864,53.07707590630173,7.281290486195693,0.5,61
all_history,NDX,15,ou_gex,2026-09-28,230.17354217577955,10.739282375294255,0.8596491228070176,42.629682883314864,57.13465692047337,8.222788035217492,0.5,57
all_history,NDX,15,ou_gex,2026-09-29,92.52835970731405,7.452275479567851,0.9672131147540983,42.629682883314864,43.85355660899012,5.931373306452889,0.5,61
all_history,NDX,15,ou_price,2026-07-21,56.6535253438331,5.450393435073312,0.9836065573770492,46.65255181014505,47.57247208342519,5.406342743479594,0.45901639344262296,61
all_history,NDX,15,ou_price,2026-07-22,62.569197342989504,6.637712218493823,1.0,46.65255181014504,46.65255181014504,5.577016673778143,0.47619047619047616,21
all_history,NDX,15,ou_price,2026-07-23,357.96090544683176,14.95645153473596,0.8032786885245902,46.65255181014505,65.46539689511546,10.562933032005681,0.47540983606557374,61
all_history,NDX,15,ou_price,2026-07-24,358.27538321438635,14.74811932159527,0.8181818181818182,46.65255181014504,66.08180083833058,10.59216138081405,0.38636363636363635,44
all_history,NDX,15,ou_price,2026-07-30,332.21007194954626,14.704883098539666,0.75,46.65255181014504,63.73281060632473,10.451200092645468,0.4166666666666667,12
all_history,NDX,15,ou_price,2026-07-31,382.9247068925886,15.992326731563361,0.75,46.65255181014504,66.09782046556788,11.124196039995425,0.425,40
all_history,NDX,15,ou_price,2026-08-03,62.60266696403956,5.894686267837435,1.0,46.65255181014504,46.65255181014504,5.572750132992655,0.5882352941176471,17
all_history,NDX,15,ou_price,2026-08-11,40.68433720861405,5.503027933240911,1.0,47.213863245006884,47.213863245006884,5.167080113062277,0.21428571428571427,14
all_history,NDX,15,ou_price,2026-08-12,64.11764473325395,6.285082591285877,1.0,47.213863245006884,47.213863245006884,5.639231765256329,0.5161290322580645,31
all_history,NDX,15,ou_price,2026-08-13,145.53488585305817,9.956583315256099,0.9583333333333334,47.213863245006884,49.649043149096,7.192466837223072,0.5416666666666666,24
all_history,NDX,15,ou_price,2026-08-14,16.00479820533154,3.813109040498801,1.0,47.213863245006884,47.213863245006884,4.649514038434569,0.5,4
all_history,NDX,15,ou_price,2026-09-01,178.69191285652934,10.98250767331879,0.9333333333333333,47.213863245006884,48.712395618613805,7.840190928503213,0.4666666666666667,45
all_history,NDX,15,ou_price,2026-09-04,61.23710491273147,6.137951290930118,1.0,47.213863245006884,47.213863245006884,5.565804245900537,0.3125,16
all_history,NDX,15,ou_price,2026-09-08,65.46178139688114,6.07008656105795,1.0,47.213863245006884,47.213863245006884,5.639584017090627,0.40540540540540543,37
all_history,NDX,15,ou_price,2026-09-09,317.66083314259265,13.176861345344793,0.8666666666666667,44.470691214475956,64.07179552170197,9.768216437155987,0.3333333333333333,15
all_history,NDX,15,ou_price,2026-09-10,57.61936103450966,6.3402104000259225,1.0,44.470691214475956,44.470691214475956,5.324675676745719,0.391304347826087,46
all_history,NDX,15,ou_price,2026-09-11,110.79466893147642,7.20127937807473,0.9411764705882353,44.470691214475956,49.935347649355435,6.271992344334192,0.5882352941176471,34
all_history,NDX,15,ou_price,2026-09-14,164.94391049798833,9.236986454732598,0.8688524590163934,44.470691214475956,53.17498827888592,7.252623128030721,0.4426229508196721,61
all_history,NDX,15,ou_price,2026-09-15,26.5116696341876,4.231638138369325,1.0,44.470691214475956,44.470691214475956,4.6546020042078275,0.6363636363636364,11
all_history,NDX,15,ou_price,2026-09-16,376.8825624940343,12.977446956239781,0.8,44.470691214475956,73.71853436140354,10.201007231858075,0.45,60
all_history,NDX,15,ou_price,2026-09-18,40.32639948794771,4.856397122588949,1.0,44.470691214475956,44.470691214475956,4.945505754763324,0.48333333333333334,60
all_history,NDX,15,ou_price,2026-09-21,28.786808109279104,5.365333923371322,1.0,42.53338457089137,42.53338457089137,4.564135839841518,0.0,1
all_history,NDX,15,ou_price,2026-09-22,44.20440107555211,5.217858014104822,1.0,42.53338457089137,42.53338457089137,4.90608398998508,0.543859649122807,57
all_history,NDX,15,ou_price,2026-09-23,71.36635915395411,6.561904710700548,0.9777777777777777,42.53338457089137,42.783353633301516,5.481470623384911,0.6222222222222222,45
all_history,NDX,15,ou_price,2026-09-24,275.06385242760945,12.14934643928067,0.8852459016393442,42.53338457089137,61.32652538562433,8.850351887870913,0.4918032786885246,61
all_history,NDX,15,ou_price,2026-09-25,172.9500531854002,8.983494473818698,0.9180327868852459,42.53338457089137,52.99306963331543,7.268693099602278,0.6885245901639344,61
all_history,NDX,15,ou_price,2026-09-28,229.30469458684368,10.723309882440326,0.8596491228070176,42.53338457089137,57.025662253383594,8.205295116223741,0.5087719298245614,57
all_history,NDX,15,ou_price,2026-09-29,92.43409378866605,7.447651932035354,0.9508196721311475,42.53338457089137,43.79074384471546,5.924378322239689,0.5409836065573771,61
all_history,NDX,15,random_walk,2026-07-21,56.62535444560296,5.433787790298382,0.9672131147540983,33.95878576200702,35.93869185391134,4.549541640202018,0.5,61
all_history,NDX,15,random_walk,2026-07-22,62.65711345805028,6.6340151460816355,0.9047619047619048,34.334236414949764,35.527302663844566,4.966096113890796,0.5,21
all_history,NDX,15,random_walk,2026-07-23,357.27857008248037,14.930578475456148,0.8688524590163934,52.57648292783679,66.31843061117407,10.568769633461567,0.5,61
all_history,NDX,15,random_walk,2026-07-24,357.9258185790557,14.716363121527882,0.9318181818181818,65.70703289889792,71.41544483414492,10.81560760245602,0.5,44
all_history,NDX,15,random_walk,2026-07-30,332.2160028917195,14.66837296471931,0.8333333333333334,60.77187674070236,68.09382392178985,10.77467690547901,0.5,12
all_history,NDX,15,random_walk,2026-07-31,382.29665313008957,15.987239665247762,0.925,63.37690805693744,69.28479564986367,11.238364887116862,0.5,40
all_history,NDX,15,random_walk,2026-08-03,62.39874876053303,5.891565072375884,1.0,34.777533305019745,34.777533305019745,4.962959121836685,0.5,17
all_history,NDX,15,random_walk,2026-08-11,40.15808761171193,5.447383182354055,1.0,38.750901544406595,38.750901544406595,4.550690407935162,0.5,14
all_history,NDX,15,random_walk,2026-08-12,64.36133383884106,6.302035901388022,1.0,36.01851064521116,36.01851064521116,4.939897166070044,0.5,31
all_history,NDX,15,random_walk,2026-08-13,146.21944119293144,9.959714509977857,0.8333333333333334,36.38040067638084,44.919730986308856,6.973178236902157,0.5,24
all_history,NDX,15,random_walk,2026-08-14,15.989110907454457,3.830313281461713,1.0,40.17543438996112,40.17543438996112,4.062295078128777,0.5,4
all_history,NDX,15,random_walk,2026-09-01,177.8970641714374,10.973792215253667,0.7555555555555555,34.459393484606814,46.6625096033334,7.66236020594997,0.5,45
all_history,NDX,15,random_walk,2026-09-04,60.262685549124605,6.06412611817268,1.0,40.031348794341234,40.031348794341234,5.063846791216545,0.5,16
all_history,NDX,15,random_walk,2026-09-08,65.0618193731192,6.050272710846715,0.918918918918919,37.525221181231856,39.80960682751594,5.070870561007118,0.5,37
all_history,NDX,15,random_walk,2026-09-09,317.515095392608,13.123872942302842,0.8666666666666667,50.427586966207286,68.5993851469663,9.969983554810879,0.5,15
all_history,NDX,15,random_walk,2026-09-10,57.548337001162736,6.32326253125749,0.9782608695652174,37.57674555525741,38.758960720648936,5.0011942741907145,0.5,46
all_history,NDX,15,random_walk,2026-09-11,111.08990119491337,7.228869631548364,0.9411764705882353,37.727800214720446,43.41082193080111,5.749867105174535,0.5,34
all_history,NDX,15,random_walk,2026-09-14,164.58159712387774,9.231262530451144,0.8688524590163934,36.45351959253691,46.306271535208964,6.772040911681772,0.5,61
all_history,NDX,15,random_walk,2026-09-15,26.66577066342121,4.262317604926383,1.0,33.29797158768662,33.29797158768662,3.855669977657465,0.5,11
all_history,NDX,15,random_walk,2026-09-16,375.4230541044352,12.96185055371631,0.75,34.28569197198628,67.05996628855064,9.727461513115376,0.5,60
all_history,NDX,15,random_walk,2026-09-18,40.3386038226682,4.856907250030296,0.95,25.012105018595324,28.990617333776928,3.8103132702248534,0.5,60
all_history,NDX,15,random_walk,2026-09-21,28.540800665690202,5.342359091795515,1.0,36.621979540383,36.621979540383,4.12680492227195,0.5,1
all_history,NDX,15,random_walk,2026-09-22,44.25355151355125,5.222219961655036,0.9473684210526315,28.126755435233587,29.523474689348685,4.105567142897937,0.5,57
all_history,NDX,15,random_walk,2026-09-23,71.42480497886812,6.568097923650445,0.8888888888888888,31.91708701508611,34.84422301943058,4.969050259757441,0.5,45
all_history,NDX,15,random_walk,2026-09-24,274.73635153397817,12.137536828995389,0.9016393442622951,44.98158095897114,62.76630575296996,8.948831503347558,0.5,61
all_history,NDX,15,random_walk,2026-09-25,173.43491336930117,9.004450019497423,0.9180327868852459,41.94062524043186,50.13660122863924,7.117093130179716,0.5,61
all_history,NDX,15,random_walk,2026-09-28,230.17354217577955,10.739282375294255,0.8771929824561403,45.71327115638535,58.35274412470919,8.344071153128032,0.5,57
all_history,NDX,15,random_walk,2026-09-29,92.52835970731405,7.452275479567851,0.9016393442622951,32.95831419371915,37.57598005544937,5.544058076270882,0.5,61
all_history,NDX,20,garch_gex,2026-07-21,81.98944477831458,6.53415380559001,0.9180327868852459,31.21005062867145,35.09369715739539,4.9935812277278115,0.5,61
all_history,NDX,20,garch_gex,2026-07-22,62.532592299015526,6.782826776934338,1.0,33.766231222121206,33.766231222121206,4.839238794231342,0.5,21
all_history,NDX,20,garch_gex,2026-07-23,465.2106730716815,18.29207451601888,0.8524590163934426,61.536817099533785,70.09055406669121,12.293990698767907,0.5,61
all_history,NDX,20,garch_gex,2026-07-24,532.2658645893812,17.8057032177613,0.8409090909090909,66.66716726938488,77.73328979931848,12.87604283219781,0.5,44
all_history,NDX,20,garch_gex,2026-07-30,475.00141552119726,18.58209290206044,0.75,67.65478455610945,84.686251325979,13.180623551789324,0.5,12
all_history,NDX,20,garch_gex,2026-07-31,498.2230835634624,18.861480605666294,0.8,62.41912920780328,74.58852987066932,12.794133596728223,0.5,40
all_history,NDX,20,garch_gex,2026-08-03,112.01084845619944,7.952766662376234,0.7058823529411765,27.525003091242063,43.83388304377821,6.309771909842133,0.5,17
all_history,NDX,20,garch_gex,2026-08-11,47.01813998692368,5.605802472743172,1.0,35.01755001758253,35.01755001758253,4.47969858294063,0.5,14
all_history,NDX,20,garch_gex,2026-08-12,79.71271037227486,7.236634398953737,0.8709677419354839,30.869001459659327,34.0856751937761,5.187507326726217,0.5,31
all_history,NDX,20,garch_gex,2026-08-13,165.4667349775904,11.147779171193179,0.8333333333333334,32.57454213801302,47.9384284088357,7.6667762543671705,0.5,24
all_history,NDX,20,garch_gex,2026-08-14,11.148750281762183,3.32804992815727,1.0,35.53255384562849,35.53255384562849,3.562857136618208,0.5,4
all_history,NDX,20,garch_gex,2026-09-01,268.18282996279675,13.33981163857841,0.7111111111111111,40.77342095025374,60.51211196305609,9.498229148002006,0.5,45
all_history,NDX,20,garch_gex,2026-09-04,87.12550055472241,7.623035139588865,1.0,36.42820192042172,36.42820192042172,5.595325723962269,0.5,16
all_history,NDX,20,garch_gex,2026-09-08,92.36033129207559,7.535984140594657,0.8648648648648649,33.01929620554563,38.72229180135816,5.692902979117462,0.5,37
all_history,NDX,20,garch_gex,2026-09-09,443.2454069555477,17.162096319205013,0.7333333333333333,56.098419426536076,86.57406223737513,12.498423808906514,0.5,15
all_history,NDX,20,garch_gex,2026-09-10,79.95496500487805,7.263341666625701,0.9565217391304348,41.69867198435421,43.860974546999586,5.827641726440198,0.5,46
all_history,NDX,20,garch_gex,2026-09-11,138.99091747498534,8.144215211211463,0.8529411764705882,33.47822506104081,42.46783397970343,6.073551077403168,0.5,34
all_history,NDX,20,garch_gex,2026-09-14,218.65134886343697,10.751566231229292,0.9016393442622951,39.594944016633505,50.904044611132775,7.744495425311386,0.5,61
all_history,NDX,20,garch_gex,2026-09-15,36.176001485566125,4.411779485960406,1.0,34.23227293357252,34.23227293357252,4.1540908709727296,0.5,11
all_history,NDX,20,garch_gex,2026-09-16,526.1517948592032,15.65111170403931,0.7333333333333333,37.61509476051646,73.08531558244867,11.200967320563523,0.5,60
all_history,NDX,20,garch_gex,2026-09-18,54.31905099238324,5.784054499900231,0.9166666666666666,25.463156678137032,30.95025114300271,4.284611292986724,0.5,60
all_history,NDX,20,garch_gex,2026-09-21,52.99808315066331,7.279978238337208,1.0,29.901292224603228,29.901292224603228,4.482064855848483,0.5,1
all_history,NDX,20,garch_gex,2026-09-22,56.32524518927675,6.036569482660924,0.8947368421052632,26.805968458817954,29.583981868717473,4.48537295649201,0.5,57
all_history,NDX,20,garch_gex,2026-09-23,86.60598093115946,6.856073335341191,0.9111111111111111,33.89272027785713,38.79390078082648,5.420390995959208,0.5,45
all_history,NDX,20,garch_gex,2026-09-24,328.07364626491955,13.481158470368293,0.8524590163934426,48.133831419903764,68.55361203648053,9.868923531948289,0.5,61
all_history,NDX,20,garch_gex,2026-09-25,220.03420629426654,10.344452518158922,0.8688524590163934,40.41520527207844,52.933187756285946,7.673726744211219,0.5,61
all_history,NDX,20,garch_gex,2026-09-28,269.4785596639256,11.60803303996248,0.8596491228070176,48.95901632310452,63.089926508483124,9.058629024881936,0.5,57
all_history,NDX,20,garch_gex,2026-09-29,111.25799826640129,8.289881982627328,0.9016393442622951,34.891893896119456,40.52193963950568,6.1505035341578544,0.5,61
all_history,NDX,20,garch_price,2026-07-21,81.98944477831458,6.53415380559001,0.9180327868852459,33.379721885404074,36.610707350520514,5.0838844974524005,0.5,61
all_history,NDX,20,garch_price,2026-07-22,62.532592299015526,6.782826776934338,1.0,31.53683471958558,31.53683471958558,4.778707542360438,0.5,21
all_history,NDX,20,garch_price,2026-07-23,465.2106730716815,18.29207451601888,0.7704918032786885,57.07879475076537,69.75083080088109,12.31651297066017,0.5,61
all_history,NDX,20,garch_price,2026-07-24,532.2658645893812,17.8057032177613,0.8636363636363636,70.80875529509842,79.67916008953944,12.966974275021533,0.5,44
all_history,NDX,20,garch_price,2026-07-30,475.00141552119726,18.58209290206044,0.75,73.90852442654038,82.67446409449525,13.205667060287245,0.5,12
all_history,NDX,20,garch_price,2026-07-31,498.2230835634624,18.861480605666294,0.85,68.69491160514812,75.88488318576063,12.828830409768605,0.5,40
all_history,NDX,20,garch_price,2026-08-03,112.01084845619944,7.952766662376234,0.7647058823529411,30.93491129286795,42.54611968407273,6.312011588562426,0.5,17
all_history,NDX,20,garch_price,2026-08-11,47.01813998692368,5.605802472743172,1.0,35.88252444934962,35.88252444934962,4.526825158780122,0.5,14
all_history,NDX,20,garch_price,2026-08-12,79.71271037227486,7.236634398953737,0.9354838709677419,34.249532598667386,35.85324954789323,5.30051267409116,0.5,31
all_history,NDX,20,garch_price,2026-08-13,165.4667349775904,11.147779171193179,0.8333333333333334,36.39886671298783,48.71142536734834,7.642584586556066,0.5,24
all_history,NDX,20,garch_price,2026-08-14,11.148750281762183,3.32804992815727,1.0,37.10673197161588,37.10673197161588,3.6930125543313084,0.5,4
all_history,NDX,20,garch_price,2026-09-01,268.18282996279675,13.33981163857841,0.6888888888888889,34.70273647858047,64.04380722090404,9.62518157271166,0.5,45
all_history,NDX,20,garch_price,2026-09-04,87.12550055472241,7.623035139588865,1.0,38.733699748115704,38.733699748115704,5.687017929738893,0.5,16
all_history,NDX,20,garch_price,2026-09-08,92.36033129207559,7.535984140594657,0.8918918918918919,35.6045895870014,40.124457440116224,5.785253393376172,0.5,37
all_history,NDX,20,garch_price,2026-09-09,443.2454069555477,17.162096319205013,0.7333333333333333,59.95264035329179,85.89804197537642,12.51861946183332,0.5,15
all_history,NDX,20,garch_price,2026-09-10,79.95496500487805,7.263341666625701,0.9130434782608695,35.86852128536325,40.66689866022698,5.7298897776439786,0.5,46
all_history,NDX,20,garch_price,2026-09-11,138.99091747498534,8.144215211211463,0.8529411764705882,36.07226931349709,42.588083858844264,6.137467881948051,0.5,34
all_history,NDX,20,garch_price,2026-09-14,218.65134886343697,10.751566231229292,0.8360655737704918,36.77399571671929,49.76345666110391,7.66819661691356,0.5,61
all_history,NDX,20,garch_price,2026-09-15,36.176001485566125,4.411779485960406,0.9090909090909091,27.57613537932414,29.17161876478268,3.772853161189163,0.5,11
all_history,NDX,20,garch_price,2026-09-16,526.1517948592032,15.65111170403931,0.7333333333333333,39.07362078031576,72.1596005061735,11.136663189583373,0.5,60
all_history,NDX,20,garch_price,2026-09-18,54.31905099238324,5.784054499900231,0.9166666666666666,24.740862826699622,30.90866327340785,4.288963666139806,0.5,60
all_history,NDX,20,garch_price,2026-09-21,52.99808315066331,7.279978238337208,1.0,32.604966943148874,32.604966943148874,4.590972645592885,0.5,1
all_history,NDX,20,garch_price,2026-09-22,56.32524518927675,6.036569482660924,0.9122807017543859,29.28685796564446,30.827658850453243,4.556745814310635,0.5,57
all_history,NDX,20,garch_price,2026-09-23,86.60598093115946,6.856073335341191,0.9111111111111111,33.21899675625056,38.53694211188957,5.403768444420026,0.5,45
all_history,NDX,20,garch_price,2026-09-24,328.07364626491955,13.481158470368293,0.8688524590163934,49.46177177739806,69.95867484760979,9.91735690523507,0.5,61
all_history,NDX,20,garch_price,2026-09-25,220.03420629426654,10.344452518158922,0.8688524590163934,42.668265157694094,53.93740423926422,7.742527889841463,0.5,61
all_history,NDX,20,garch_price,2026-09-28,269.4785596639256,11.60803303996248,0.8596491228070176,48.328439633216426,63.441327768751066,9.08188284394165,0.5,57
all_history,NDX,20,garch_price,2026-09-29,111.25799826640129,8.289881982627328,0.8852459016393442,35.635785067244704,41.09285163158947,6.1827688345538,0.5,61
all_history,NDX,20,kalman_gex,2026-07-21,74.08861813102274,6.660093651464777,0.9836065573770492,54.84311697564064,55.19195220555597,6.28790444278023,0.5409836065573771,61
all_history,NDX,20,kalman_gex,2026-07-22,68.05018320522441,6.546029629991424,1.0,57.50989203721344,57.50989203721344,6.446019157700787,0.5238095238095238,21
all_history,NDX,20,kalman_gex,2026-07-23,558.8240686539332,19.43409936195723,0.7540983606557377,54.84311697564064,80.71905907369029,13.454046767022923,0.4426229508196721,61
all_history,NDX,20,kalman_gex,2026-07-24,589.6918581376281,19.988713569236698,0.75,55.54612555065191,83.07630392694038,13.772224130793397,0.3409090909090909,44
all_history,NDX,20,kalman_gex,2026-07-30,1237.4067984118806,33.696093244202245,0.25,59.173363827314866,126.29132127460939,22.842466571483683,0.08333333333333333,12
all_history,NDX,20,kalman_gex,2026-07-31,730.606910673652,22.803571722741836,0.625,55.7727837804753,94.1145973252887,15.854940102469339,0.35,40
all_history,NDX,20,kalman_gex,2026-08-03,93.79661814564142,7.557585204690507,1.0,58.13239655592392,58.13239655592392,6.911238390198425,0.6470588235294118,17
all_history,NDX,20,kalman_gex,2026-08-11,35.07857927036874,4.955380892781394,1.0,59.69949104799878,59.69949104799878,6.031346941437578,0.8571428571428571,14
all_history,NDX,20,kalman_gex,2026-08-12,98.33602589083259,8.412706624015941,1.0,57.453892848099706,57.453892848099706,6.938392238163029,0.45161290322580644,31
all_history,NDX,20,kalman_gex,2026-08-13,213.6378896124625,12.912987050851143,1.0,58.1370782296172,58.1370782296172,8.822024093901192,0.25,24
all_history,NDX,20,kalman_gex,2026-08-14,27.09216935519606,4.289502503550714,1.0,63.07720292713093,63.07720292713093,6.195788731717723,0.5,4
all_history,NDX,20,kalman_gex,2026-09-01,384.0530438425541,15.557146213991025,0.8444444444444444,56.57121627034602,69.89244105742975,11.07261320994523,0.3333333333333333,45
all_history,NDX,20,kalman_gex,2026-09-04,129.61731049089428,10.174267640104748,1.0,60.621179082730855,60.621179082730855,7.674115045811061,0.75,16
all_history,NDX,20,kalman_gex,2026-09-08,120.05598358592181,8.962393192055098,1.0,58.71624246883717,58.71624246883717,7.332569979588,0.4594594594594595,37
all_history,NDX,20,kalman_gex,2026-09-09,428.58847924509485,18.241340115485162,0.8,56.026799775600026,65.41435988861848,12.03720389332089,0.4666666666666667,15
all_history,NDX,20,kalman_gex,2026-09-10,197.19315291324742,12.490650217229714,0.9782608695652174,53.381483579620706,53.38378638478234,8.388442767827053,0.34782608695652173,46
all_history,NDX,20,kalman_gex,2026-09-11,200.04438040698443,9.557611324304284,0.8823529411764706,55.68630266056601,59.985787332255526,8.308511654122572,0.5588235294117647,34
all_history,NDX,20,kalman_gex,2026-09-14,254.23153950773983,12.855775113661055,0.9344262295081968,52.91230644763486,60.94841218099705,9.083625293212487,0.3770491803278688,61
all_history,NDX,20,kalman_gex,2026-09-15,63.700425956595865,6.660227454516505,1.0,56.868573496918565,56.868573496918565,6.301465757465102,0.18181818181818182,11
all_history,NDX,20,kalman_gex,2026-09-16,511.03410281964057,15.53459108949034,0.8,52.93718581002044,87.08801479637671,12.055480995714195,0.4666666666666667,60
all_history,NDX,20,kalman_gex,2026-09-18,73.04986317069036,6.9213416134097425,1.0,52.93718581002044,52.93718581002044,6.177313040039863,0.35,60
all_history,NDX,20,kalman_gex,2026-09-21,24.15560316541412,4.914835008971727,1.0,58.76504786187915,58.76504786187915,5.776708938231911,1.0,1
all_history,NDX,20,kalman_gex,2026-09-22,79.06654355225074,7.243834114619901,1.0,51.43082162967739,51.43082162967739,6.208673114677532,0.3508771929824561,57
all_history,NDX,20,kalman_gex,2026-09-23,102.88481960371968,7.398978239502512,0.9555555555555556,51.74980545425242,52.10889053530491,6.613140716908501,0.6,45
all_history,NDX,20,kalman_gex,2026-09-24,347.22284795112654,14.145568901944378,0.8524590163934426,51.350475965999436,67.45322196090224,10.28941353119074,0.45901639344262296,61
all_history,NDX,20,kalman_gex,2026-09-25,312.12439510874884,11.709533194205603,0.8852459016393442,51.350475965999436,71.38991393250294,9.392646429263124,0.5245901639344263,61
all_history,NDX,20,kalman_gex,2026-09-28,461.11814123732154,14.785382155875762,0.8421052631578947,51.43082162967739,79.7867602045457,11.277978663118464,0.40350877192982454,57
all_history,NDX,20,kalman_gex,2026-09-29,126.36603966680872,8.920653324590587,0.9836065573770492,51.350475965999436,52.45064489142962,6.988833517755063,0.4098360655737705,61
all_history,NDX,20,kalman_price,2026-07-21,96.7665443286471,7.810998001117509,0.9836065573770492,55.51309399750167,55.525585300691596,6.737203809318349,0.5573770491803278,61
all_history,NDX,20,kalman_price,2026-07-22,81.60877350041991,7.334340413412251,1.0,58.301229081680354,58.301229081680354,6.7178448157865205,0.6666666666666666,21
all_history,NDX,20,kalman_price,2026-07-23,543.2670176084605,19.172961624677704,0.7704918032786885,55.51309399750167,80.60227563107233,13.229649922496712,0.5737704918032787,61
all_history,NDX,20,kalman_price,2026-07-24,672.7252262098006,21.470680033401162,0.7727272727272727,56.261152554916116,87.50614966644034,14.778162716259192,0.29545454545454547,44
all_history,NDX,20,kalman_price,2026-07-30,1258.1813000093368,33.820583904101554,0.3333333333333333,60.0035140004595,126.7515196405477,22.940150420228633,0.08333333333333333,12
all_history,NDX,20,kalman_price,2026-07-31,712.8795732554256,22.420417882346303,0.6,56.49956488076153,91.4314376861012,15.51771117376479,0.425,40
all_history,NDX,20,kalman_price,2026-08-03,87.86109019655584,7.915190321130952,1.0,58.94001882484964,58.94001882484964,6.866365732353087,0.8235294117647058,17
all_history,NDX,20,kalman_price,2026-08-11,71.18348961015677,7.369180274125861,1.0,60.464904586192105,60.464904586192105,6.687904584950933,0.8571428571428571,14
all_history,NDX,20,kalman_price,2026-08-12,98.82065679075737,8.474183159012478,1.0,58.1164184651015,58.1164184651015,6.973116140628959,0.3225806451612903,31
all_history,NDX,20,kalman_price,2026-08-13,272.4735574074725,14.427185899669652,0.9583333333333334,58.838818656346085,58.90215969430677,9.695649121612787,0.25,24
all_history,NDX,20,kalman_price,2026-08-14,26.640972002658714,4.319480245187967,1.0,63.92080078630384,63.92080078630384,6.259544121005573,0.5,4
all_history,NDX,20,kalman_price,2026-09-01,365.0075210534284,14.937276543054951,0.8222222222222222,57.16498753768423,69.20477897790245,10.801008134055742,0.5555555555555556,45
all_history,NDX,20,kalman_price,2026-09-04,147.01069188939076,11.026758117240863,1.0,61.408637949275324,61.408637949275324,7.995510694249003,0.75,16
all_history,NDX,20,kalman_price,2026-09-08,107.74079335640508,8.777347674882387,1.0,59.43929177848423,59.43929177848423,7.1911252911501915,0.40540540540540543,37
all_history,NDX,20,kalman_price,2026-09-09,531.1655340128353,20.924774908108038,0.7333333333333333,56.69885534553888,69.86648392645701,13.589250799556465,0.4666666666666667,15
all_history,NDX,20,kalman_price,2026-09-10,193.8238909910529,12.059536536386188,1.0,53.85440391177766,53.85440391177766,8.306361457226547,0.34782608695652173,46
all_history,NDX,20,kalman_price,2026-09-11,214.0418060483985,10.140494026553863,0.8823529411764706,56.341915119630904,60.63754796339334,8.546333352779794,0.4117647058823529,34
all_history,NDX,20,kalman_price,2026-09-14,239.3279527603388,12.565342410820676,0.9180327868852459,53.31844331755219,59.63058113373504,8.882586549775526,0.4098360655737705,61
all_history,NDX,20,kalman_price,2026-09-15,50.200841846230034,5.6127068013061425,1.0,57.57459430330305,57.57459430330305,6.122076536454739,0.2727272727272727,11
all_history,NDX,20,kalman_price,2026-09-16,548.5794108666151,16.66632497661838,0.7666666666666667,53.34729232485264,91.51888105407956,12.803555828516659,0.38333333333333336,60
all_history,NDX,20,kalman_price,2026-09-18,56.92974338856019,6.048071223744571,1.0,53.34729232485264,53.34729232485264,5.906289134603181,0.5,60
all_history,NDX,20,kalman_price,2026-09-21,2.39130695702087,1.5463851257112085,1.0,59.56784342836619,59.56784342836619,5.472225811742316,1.0,1
all_history,NDX,20,kalman_price,2026-09-22,62.035002057764494,6.3372731981726975,1.0,51.47624905861223,51.47624905861223,5.887000643117898,0.5263157894736842,57
all_history,NDX,20,kalman_price,2026-09-23,107.473253793894,7.407312571869688,0.9555555555555556,51.897402361600456,52.83110085148169,6.690755274832264,0.5333333333333333,45
all_history,NDX,20,kalman_price,2026-09-24,379.3131686661736,14.66191219637658,0.8360655737704918,51.367043833667,69.37331768571752,10.713877598067308,0.47540983606557374,61
all_history,NDX,20,kalman_price,2026-09-25,343.86963577832387,12.469199078877159,0.8852459016393442,51.367043833667,73.4474895050287,9.799578599095295,0.36065573770491804,61
all_history,NDX,20,kalman_price,2026-09-28,504.644931211537,15.516557459783533,0.8421052631578947,51.47624905861223,83.03411504472015,11.771486863120765,0.3684210526315789,57
all_history,NDX,20,kalman_price,2026-09-29,148.36726203634583,9.756279425278906,0.9508196721311475,51.367043833667,52.6373539812191,7.374164488663028,0.4098360655737705,61
all_history,NDX,20,markov_gex,2026-07-21,88.7388783627785,6.727837626372746,0.9344262295081968,34.044949830179355,36.26994363911301,5.219972729817804,0.4426229508196721,61
all_history,NDX,20,markov_gex,2026-07-22,57.962476271657394,6.472678168040561,0.9047619047619048,26.6772736439923,28.46827378604124,4.550439844641777,0.6666666666666666,21
all_history,NDX,20,markov_gex,2026-07-23,462.2399042203391,18.24636284635323,0.819672131147541,58.01747376520994,68.19515751602462,12.314620920999337,0.5573770491803278,61
all_history,NDX,20,markov_gex,2026-07-24,534.1550937218021,17.74659147752731,0.7954545454545454,60.8858506913659,82.36962959444855,13.029242678745316,0.6136363636363636,44
all_history,NDX,20,markov_gex,2026-07-30,499.4398152371361,19.515043863225696,0.75,60.92600714516808,75.28345944836418,13.088529560053933,0.16666666666666666,12
all_history,NDX,20,markov_gex,2026-07-31,513.5641245810226,19.195009058450644,0.775,61.3670040774854,76.20694836759255,13.101617333013156,0.4,40
all_history,NDX,20,markov_gex,2026-08-03,131.2028862192661,8.882990775549269,0.5882352941176471,26.719206458413026,48.746421638395816,6.879065041417321,0.17647058823529413,17
all_history,NDX,20,markov_gex,2026-08-11,40.55946010617465,5.19268471540753,1.0,32.44829646180432,32.44829646180432,4.201305611643696,0.8571428571428571,14
all_history,NDX,20,markov_gex,2026-08-12,79.32351519542024,7.250913661608885,0.9354838709677419,38.55065026212251,40.97208396939339,5.64124370674663,0.4838709677419355,31
all_history,NDX,20,markov_gex,2026-08-13,162.86478867050042,11.125673328704842,0.7916666666666666,29.479580509092866,46.42717708817393,7.650720788402249,0.4583333333333333,24
all_history,NDX,20,markov_gex,2026-08-14,11.406001452972445,3.295621219146498,1.0,29.81321142519228,29.81321142519228,3.1320432149205955,0.5,4
all_history,NDX,20,markov_gex,2026-09-01,262.93163863649886,13.05433737312782,0.6666666666666666,36.06551211469371,66.6952868870519,9.639506148608236,0.7111111111111111,45
all_history,NDX,20,markov_gex,2026-09-04,81.4027166544422,7.41308462305594,1.0,41.19012630081949,41.19012630081949,5.867754484760965,0.6875,16
all_history,NDX,20,markov_gex,2026-09-08,93.2881213947289,7.436939828117602,0.8918918918918919,33.125544128880335,40.22098432377347,5.734902312279391,0.6216216216216216,37
all_history,NDX,20,markov_gex,2026-09-09,435.682684781762,17.173084154166165,0.8,60.32123599192525,73.8670707135648,12.019902228089842,0.5333333333333333,15
all_history,NDX,20,markov_gex,2026-09-10,76.67380962323463,6.986249911157364,0.8913043478260869,33.39129326978065,38.44684258226109,5.491001745662033,0.6521739130434783,46
all_history,NDX,20,markov_gex,2026-09-11,142.63720073359923,8.121382843762973,0.8823529411764706,40.822062407368946,44.166352559121,6.349560404434378,0.5294117647058824,34
all_history,NDX,20,markov_gex,2026-09-14,228.75097845287058,10.759688497452009,0.9344262295081968,44.07198931787258,50.861855862691776,7.794440796787315,0.5081967213114754,61
all_history,NDX,20,markov_gex,2026-09-15,31.036235710036753,4.086702899167658,0.9090909090909091,25.865042357011284,26.604026266559462,3.487898427821257,0.7272727272727273,11
all_history,NDX,20,markov_gex,2026-09-16,522.9613427771151,15.541031160390547,0.7166666666666667,33.79046600005201,76.9066752557146,11.375965023577221,0.5666666666666667,60
all_history,NDX,20,markov_gex,2026-09-18,58.72244940443757,6.003565382852269,0.8833333333333333,25.87504616097711,30.056989759889323,4.374454545705356,0.38333333333333336,60
all_history,NDX,20,markov_gex,2026-09-21,70.98707276968689,8.425382648265115,1.0,27.692059102006525,27.692059102006525,5.020889627688982,0.0,1
all_history,NDX,20,markov_gex,2026-09-22,63.3847177012613,6.4132239493571355,0.8771929824561403,29.264440681097124,31.611489914094598,4.7922851628724255,0.3508771929824561,57
all_history,NDX,20,markov_gex,2026-09-23,86.75019394154818,6.75536171231365,0.8666666666666667,32.06163998605788,39.65646931174681,5.499854511965754,0.5555555555555556,45
all_history,NDX,20,markov_gex,2026-09-24,334.15999614937556,13.578654051125069,0.8360655737704918,50.49296227538851,67.6588491584817,10.02375385071589,0.45901639344262296,61
all_history,NDX,20,markov_gex,2026-09-25,222.0682571271856,10.289123245930345,0.9180327868852459,44.505074485482425,54.047528137981416,7.680313725651874,0.5081967213114754,61
all_history,NDX,20,markov_gex,2026-09-28,270.8862728476807,11.592241497271964,0.8596491228070176,44.80752669074978,60.257016189454184,8.819866398502926,0.49122807017543857,57
all_history,NDX,20,markov_gex,2026-09-29,108.73961872201787,8.214285893588881,0.9016393442622951,38.061236579235036,44.13332075763787,6.3741817716782645,0.5409836065573771,61
all_history,NDX,20,markov_price,2026-07-21,87.01416123023706,6.6860054180794455,0.9344262295081968,34.01886456413258,36.0648188337951,5.179583815749707,0.4426229508196721,61
all_history,NDX,20,markov_price,2026-07-22,57.77910638308322,6.458862868234245,0.9047619047619048,26.691874913367787,28.47517668281518,4.5457815616465505,0.6666666666666666,21
all_history,NDX,20,markov_price,2026-07-23,460.29509786846177,18.204568735895624,0.8032786885245902,57.95142998525339,68.22454595853289,12.286868523272647,0.5737704918032787,61
all_history,NDX,20,markov_price,2026-07-24,536.3637774907983,17.76816237904327,0.7954545454545454,60.87560663382719,82.5890369447762,13.051028878956167,0.6136363636363636,44
all_history,NDX,20,markov_price,2026-07-30,492.63475699495183,19.292385409758577,0.75,60.89501307982181,75.10233491148938,12.985538727379144,0.16666666666666666,12
all_history,NDX,20,markov_price,2026-07-31,512.1103202612155,19.162976354867304,0.775,61.348823107285114,76.1568318399153,13.08008460578689,0.4,40
all_history,NDX,20,markov_price,2026-08-03,125.06280611168091,8.58303840910482,0.5882352941176471,26.617132223154236,47.05697999780254,6.694995797169401,0.17647058823529413,17
all_history,NDX,20,markov_price,2026-08-11,40.28060422531604,5.173064200584595,1.0,32.427757896448796,32.427757896448796,4.192569764611698,0.8571428571428571,14
all_history,NDX,20,markov_price,2026-08-12,79.59389522691218,7.265924803555013,0.9354838709677419,38.49753959381977,41.030828269112035,5.659850051708521,0.45161290322580644,31
all_history,NDX,20,markov_price,2026-08-13,161.5356744709346,11.103318210194024,0.75,29.43087476083618,46.193800749830864,7.626422049447961,0.5416666666666666,24
all_history,NDX,20,markov_price,2026-08-14,11.489007304653576,3.2960218969593553,1.0,29.805463190276182,29.805463190276182,3.1356059138345502,0.5,4
all_history,NDX,20,markov_price,2026-09-01,263.7759082846422,13.09618558328523,0.6666666666666666,36.02176512077976,66.93540457184798,9.66731064969369,0.7111111111111111,45
all_history,NDX,20,markov_price,2026-09-04,80.59895039977908,7.372341573650992,1.0,41.11264212761437,41.11264212761437,5.8464210348602546,0.6875,16
all_history,NDX,20,markov_price,2026-09-08,93.61197808829843,7.418637892161596,0.8918918918918919,33.13873871425585,40.26861839039873,5.734441735912927,0.6216216216216216,37
all_history,NDX,20,markov_price,2026-09-09,434.67085157162586,17.156798405323023,0.8,60.33334965440495,73.76967295651431,12.006440536643046,0.5333333333333333,15
all_history,NDX,20,markov_price,2026-09-10,76.93027183437879,7.003491356221173,0.8695652173913043,33.39030936331766,38.41915195514948,5.5036976081168785,0.6521739130434783,46
all_history,NDX,20,markov_price,2026-09-11,142.7450516615332,8.10760053032353,0.8823529411764706,40.839274220237996,44.22393018588067,6.34912668080996,0.5588235294117647,34
all_history,NDX,20,markov_price,2026-09-14,228.180592336362,10.759901715628835,0.9344262295081968,44.078824364231465,50.834753750341974,7.789253490537019,0.5081967213114754,61
all_history,NDX,20,markov_price,2026-09-15,31.41366096572345,4.112569518663262,0.9090909090909091,25.856503026495037,26.681063426366254,3.5000201070380554,0.7272727272727273,11
all_history,NDX,20,markov_price,2026-09-16,522.0505330351609,15.520307206028365,0.7166666666666667,33.759301967876794,76.92359843596614,11.367103851107553,0.5833333333333334,60
all_history,NDX,20,markov_price,2026-09-18,59.12044996976331,6.014973072344916,0.8833333333333333,25.863283037832584,30.11861941821911,4.386070831784547,0.38333333333333336,60
all_history,NDX,20,markov_price,2026-09-21,62.680107150743524,7.917076932223377,1.0,27.599804725426726,27.599804725426726,4.739441204819025,0.0,1
all_history,NDX,20,markov_price,2026-09-22,60.13317642952235,6.256324336987949,0.8771929824561403,29.263126779739153,31.07000981464131,4.688283021234191,0.3508771929824561,57
all_history,NDX,20,markov_price,2026-09-23,86.83492314177657,6.755647171385058,0.8666666666666667,32.15995062823927,39.70303357798182,5.505388667702436,0.5555555555555556,45
all_history,NDX,20,markov_price,2026-09-24,334.7367805196191,13.582855617336401,0.8360655737704918,50.47985838348642,67.74104860990538,10.032107130399895,0.4918032786885246,61
all_history,NDX,20,markov_price,2026-09-25,221.55461281277903,10.287796753012351,0.9180327868852459,44.486840883807155,53.91640106722309,7.681452458225893,0.5081967213114754,61
all_history,NDX,20,markov_price,2026-09-28,273.1030043381267,11.640727532103444,0.8596491228070176,44.789282624048916,60.38430453619721,8.839793022190026,0.47368421052631576,57
all_history,NDX,20,markov_price,2026-09-29,109.6279644711048,8.237205220526468,0.9016393442622951,38.1123989691976,44.24122833402314,6.3973871034076275,0.5409836065573771,61
all_history,NDX,20,momentum,2026-07-21,156.8400976642112,9.499736461235138,0.9180327868852459,39.21222820209516,45.01115287498904,6.783863451764946,0.47540983606557374,61
all_history,NDX,20,momentum,2026-07-22,129.82535072506707,9.792767830519228,0.9523809523809523,39.645761273183,43.02944318076139,6.791801677331579,0.47619047619047616,21
all_history,NDX,20,momentum,2026-07-23,694.0030745375449,21.052602981328835,0.7049180327868853,60.71009314286068,99.20948878569189,15.112625116890452,0.5573770491803278,61
all_history,NDX,20,momentum,2026-07-24,848.3500444003695,22.61105141359549,0.8636363636363636,75.87194626366062,100.1401836318319,15.85889531290348,0.6136363636363636,44
all_history,NDX,20,momentum,2026-07-30,852.4204799346466,23.57933954608789,0.75,70.17331879080653,105.37621668235396,16.711553599489857,0.4166666666666667,12
all_history,NDX,20,momentum,2026-07-31,811.6655554165562,23.255193739879104,0.85,73.18134985415799,96.38464898403632,16.1614071680278,0.625,40
all_history,NDX,20,momentum,2026-08-03,139.6884714247557,9.726675391352318,0.8823529411764706,40.157636430808644,45.08282773296889,7.01945040587768,0.6470588235294118,17
all_history,NDX,20,momentum,2026-08-11,49.3161187624736,5.351001500177497,1.0,44.74568687600766,44.74568687600766,5.170310099818854,0.7857142857142857,14
all_history,NDX,20,momentum,2026-08-12,163.8157989267381,10.824071488202106,0.9354838709677419,41.59059363364413,42.23397981048354,7.358314702154961,0.4838709677419355,31
all_history,NDX,20,momentum,2026-08-13,344.75848404056916,15.897272009668223,0.75,42.008468247469835,65.02611461319513,10.83264042923494,0.4166666666666667,24
all_history,NDX,20,momentum,2026-08-14,73.89495057176367,8.123247440262407,1.0,46.3905957197084,46.3905957197084,5.8326676025544355,0.25,4
all_history,NDX,20,momentum,2026-09-01,362.2690494917772,15.531851468114496,0.7333333333333333,39.79028020889796,65.40947031406297,10.804911718177916,0.4888888888888889,45
all_history,NDX,20,momentum,2026-09-04,106.80665420950932,8.41941325616673,1.0,46.22422000487342,46.22422000487342,6.403442615925686,0.6875,16
all_history,NDX,20,momentum,2026-09-08,113.84625198633253,8.329506464748652,0.918918918918919,43.330393100768916,46.00934962291807,6.391843616698438,0.7027027027027027,37
all_history,NDX,20,momentum,2026-09-09,748.052005118153,22.068840808813533,0.6,58.228761819046085,102.54422383569977,15.900117696251161,0.6,15
all_history,NDX,20,momentum,2026-09-10,137.75082857371214,9.700855371764527,0.9130434782608695,43.389888323195876,47.25181387938925,6.979427418004282,0.4782608695652174,46
all_history,NDX,20,momentum,2026-09-11,300.07846884051713,11.920361809467641,0.8235294117647058,43.56431121980253,59.888445776988256,8.911264388202664,0.5294117647058824,34
all_history,NDX,20,momentum,2026-09-14,362.42785775467786,14.405529609981972,0.7540983606557377,42.09289869932096,60.35755237188279,10.078139156915174,0.5081967213114754,61
all_history,NDX,20,momentum,2026-09-15,77.45458173696444,7.300920535180103,1.0,38.449185719238756,38.449185719238756,5.481100018023235,0.6363636363636364,11
all_history,NDX,20,momentum,2026-09-16,687.8594696452467,18.26444012387322,0.6666666666666666,39.58970697875775,93.68091764285597,13.499284102374776,0.48333333333333334,60
all_history,NDX,20,momentum,2026-09-18,91.56669580082601,7.312221768055397,0.85,28.8814911309704,36.7401868743423,5.413664580921474,0.5833333333333334,60
all_history,NDX,20,momentum,2026-09-21,32.038634525617816,5.660268061286304,1.0,42.28741949179418,42.28741949179418,4.622821690150979,1.0,1
all_history,NDX,20,momentum,2026-09-22,110.93135418018183,8.3961792191793,0.8596491228070176,32.47797964392576,37.89408171020728,5.945055855745272,0.49122807017543857,57
all_history,NDX,20,momentum,2026-09-23,169.57950703198117,10.75627443694433,0.7777777777777778,36.85467755981735,42.8539467592196,7.448273793789957,0.4444444444444444,45
all_history,NDX,20,momentum,2026-09-24,455.45475915135063,16.191323070107263,0.8524590163934426,51.94025575047387,76.11254298009376,11.737184835966897,0.5901639344262295,61
all_history,NDX,20,momentum,2026-09-25,518.964418586834,16.992973688245712,0.7377049180327869,48.42886254508908,80.69794751954976,12.145294095337626,0.2786885245901639,61
all_history,NDX,20,momentum,2026-09-28,749.4037063884728,18.93798674323796,0.7192982456140351,52.78513881535487,100.96251122966632,14.481224482212367,0.43859649122807015,57
all_history,NDX,20,momentum,2026-09-29,214.96926486542804,12.037111734104297,0.8360655737704918,38.056983143560025,50.365324445466186,8.309192391614896,0.39344262295081966,61
all_history,NDX,20,ou_gex,2026-07-21,81.98944477831458,6.53415380559001,0.9836065573770492,54.09099139026321,55.512664209525205,6.364729364055014,0.5,61
all_history,NDX,20,ou_gex,2026-07-22,62.532592299015526,6.782826776934338,1.0,54.09099139026321,54.09099139026321,6.087412702553159,0.5,21
all_history,NDX,20,ou_gex,2026-07-23,465.2106730716815,18.29207451601888,0.7704918032786885,54.09099139026321,70.90904354424038,12.464892884529203,0.5,61
all_history,NDX,20,ou_gex,2026-07-24,532.2658645893812,17.8057032177613,0.7045454545454546,54.09099139026321,83.01007396566084,13.020606140389416,0.5,44
all_history,NDX,20,ou_gex,2026-07-30,475.00141552119726,18.58209290206044,0.6666666666666666,54.09099139026321,73.11339919133637,12.618118257477791,0.5,12
all_history,NDX,20,ou_gex,2026-07-31,498.2230835634624,18.861480605666294,0.7,54.090991390263206,75.57135643270253,12.88047759867987,0.5,40
all_history,NDX,20,ou_gex,2026-08-03,112.01084845619944,7.952766662376234,1.0,54.09099139026321,54.09099139026321,6.944553053476045,0.5,17
all_history,NDX,20,ou_gex,2026-08-11,47.01813998692368,5.605802472743172,1.0,54.848311041046564,54.848311041046564,5.85973871445716,0.5,14
all_history,NDX,20,ou_gex,2026-08-12,79.71271037227486,7.236634398953737,1.0,54.84831104104657,54.84831104104657,6.427393886272842,0.5,31
all_history,NDX,20,ou_gex,2026-08-13,165.4667349775904,11.147779171193179,1.0,54.84831104104657,54.84831104104657,7.911491166319138,0.5,24
all_history,NDX,20,ou_gex,2026-08-14,11.148750281762183,3.32804992815727,1.0,54.84831104104657,54.84831104104657,5.208293876991425,0.5,4
all_history,NDX,20,ou_gex,2026-09-01,268.18282996279675,13.33981163857841,0.8888888888888888,54.84831104104657,58.5565013145911,9.504713598576759,0.5,45
all_history,NDX,20,ou_gex,2026-09-04,87.12550055472241,7.623035139588865,1.0,54.84831104104657,54.84831104104657,6.564931186622317,0.5,16
all_history,NDX,20,ou_gex,2026-09-08,92.36033129207559,7.535984140594657,1.0,54.84831104104657,54.84831104104657,6.6471573808882365,0.5,37
all_history,NDX,20,ou_gex,2026-09-09,443.2454069555477,17.162096319205013,0.7333333333333333,51.60782045981752,74.58302499974722,12.046950036591927,0.5,15
all_history,NDX,20,ou_gex,2026-09-10,79.95496500487805,7.263341666625701,1.0,51.60782045981751,51.60782045981751,6.223116668650315,0.5,46
all_history,NDX,20,ou_gex,2026-09-11,138.99091747498534,8.144215211211463,0.9411764705882353,51.60782045981752,54.804937866659486,7.174525589497681,0.5,34
all_history,NDX,20,ou_gex,2026-09-14,218.65134886343697,10.751566231229292,0.9344262295081968,51.60782045981752,60.832616366602004,8.391376381873002,0.5,61
all_history,NDX,20,ou_gex,2026-09-15,36.176001485566125,4.411779485960406,1.0,51.60782045981751,51.60782045981751,5.402819955958329,0.5,11
all_history,NDX,20,ou_gex,2026-09-16,526.1517948592032,15.65111170403931,0.7833333333333333,51.60782045981752,87.20163756374907,12.207517114146778,0.5,60
all_history,NDX,20,ou_gex,2026-09-18,54.31905099238324,5.784054499900231,1.0,51.60782045981752,51.60782045981752,5.74289610144773,0.5,60
all_history,NDX,20,ou_gex,2026-09-21,52.99808315066331,7.279978238337208,1.0,49.22451777630043,49.22451777630043,5.576045197920994,0.5,1
all_history,NDX,20,ou_gex,2026-09-22,56.32524518927675,6.036569482660924,1.0,49.22451777630043,49.22451777630043,5.622163718173706,0.5,57
all_history,NDX,20,ou_gex,2026-09-23,86.60598093115946,6.856073335341191,1.0,49.22451777630043,49.22451777630043,6.169330422076598,0.5,45
all_history,NDX,20,ou_gex,2026-09-24,328.07364626491955,13.481158470368293,0.8524590163934426,49.22451777630043,66.73004029082729,9.909580395585305,0.5,61
all_history,NDX,20,ou_gex,2026-09-25,220.03420629426654,10.344452518158922,0.9016393442622951,49.22451777630043,62.10778955193136,8.220721724869742,0.5,61
all_history,NDX,20,ou_gex,2026-09-28,269.4785596639256,11.60803303996248,0.8947368421052632,49.22451777630043,64.17614149253457,9.013810061909311,0.5,57
all_history,NDX,20,ou_gex,2026-09-29,111.25799826640129,8.289881982627328,0.9836065573770492,49.22451777630043,50.027102307263,6.644823819762768,0.5,61
all_history,NDX,20,ou_price,2026-07-21,81.95610631295014,6.533137190524817,0.9836065573770492,53.76003535741269,55.1904191960141,6.342181551465373,0.5409836065573771,61
all_history,NDX,20,ou_price,2026-07-22,62.647834338541294,6.794568539682826,1.0,53.76003535741269,53.76003535741269,6.066312493777329,0.42857142857142855,21
all_history,NDX,20,ou_price,2026-07-23,466.73410706989273,18.31639444608737,0.7540983606557377,53.76003535741269,71.12879453324332,12.490653065260345,0.4918032786885246,61
all_history,NDX,20,ou_price,2026-07-24,532.2386270771298,17.81515010412203,0.7045454545454546,53.76003535741268,83.1860631975468,13.029073405219794,0.45454545454545453,44
all_history,NDX,20,ou_price,2026-07-30,474.6330510936752,18.578130729862362,0.6666666666666666,53.7600353574127,73.1747754821369,12.619389878281595,0.5,12
all_history,NDX,20,ou_price,2026-07-31,499.3310745729003,18.869093842651242,0.675,53.76003535741269,75.86278067221312,12.900614964067461,0.425,40
all_history,NDX,20,ou_price,2026-08-03,112.36027002056007,7.990572034376388,1.0,53.76003535741269,53.76003535741269,6.932008114867587,0.4117647058823529,17
all_history,NDX,20,ou_price,2026-08-11,47.88449161539853,5.689002332126699,1.0,54.354685951023555,54.354685951023555,5.838247500289638,0.21428571428571427,14
all_history,NDX,20,ou_price,2026-08-12,79.41308351498041,7.216612349687872,1.0,54.354685951023555,54.354685951023555,6.389340042575362,0.5161290322580645,31
all_history,NDX,20,ou_price,2026-08-13,164.65134255314,11.118193782568069,1.0,54.354685951023555,54.354685951023555,7.876350216864498,0.5416666666666666,24
all_history,NDX,20,ou_price,2026-08-14,10.976959941888028,3.305179846243035,1.0,54.354685951023555,54.354685951023555,5.161947535949856,0.5,4
all_history,NDX,20,ou_price,2026-09-01,268.9433761629479,13.331289063073775,0.8888888888888888,54.354685951023555,58.52559046326577,9.501239626845909,0.4666666666666667,45
all_history,NDX,20,ou_price,2026-09-04,88.61586759233893,7.705958385618775,1.0,54.354685951023555,54.354685951023555,6.559431338824207,0.3125,16
all_history,NDX,20,ou_price,2026-09-08,93.26484756060296,7.5771287146585244,1.0,54.354685951023555,54.354685951023555,6.631007119896983,0.35135135135135137,37
all_history,NDX,20,ou_price,2026-09-09,442.51238039758704,17.134791014856873,0.7333333333333333,51.22289981928863,74.77559126142279,12.031464907510326,0.4666666666666667,15
all_history,NDX,20,ou_price,2026-09-10,80.08333651744498,7.280129898788919,1.0,51.22289981928862,51.22289981928862,6.201483010671223,0.4782608695652174,46
all_history,NDX,20,ou_price,2026-09-11,138.5089975315654,8.115004688485449,0.9411764705882353,51.22289981928863,54.454720129188566,7.146538484714133,0.5294117647058824,34
all_history,NDX,20,ou_price,2026-09-14,219.3586083582142,10.741212985661136,0.9180327868852459,51.22289981928863,60.730120648949736,8.382980948739133,0.45901639344262296,61
all_history,NDX,20,ou_price,2026-09-15,35.92043354665208,4.405450003363826,1.0,51.22289981928862,51.22289981928862,5.367797354948336,0.45454545454545453,11
all_history,NDX,20,ou_price,2026-09-16,528.6802365092079,15.647939753704971,0.7666666666666667,51.22289981928863,87.42295821346026,12.215212614086415,0.48333333333333334,60
all_history,NDX,20,ou_price,2026-09-18,54.34784662825062,5.790487940078432,1.0,51.22289981928863,51.22289981928863,5.7155845424360985,0.4,60
all_history,NDX,20,ou_price,2026-09-21,53.44453291404744,7.31057678395128,1.0,49.057980931609464,49.057980931609464,5.5735516864139285,0.0,1
all_history,NDX,20,ou_price,2026-09-22,56.220175600837244,6.028367805803313,1.0,49.05798093160947,49.05798093160947,5.608559128844533,0.5964912280701754,57
all_history,NDX,20,ou_price,2026-09-23,86.58638968362145,6.846080535981229,1.0,49.057980931609464,49.057980931609464,6.158431684000997,0.5111111111111111,45
all_history,NDX,20,ou_price,2026-09-24,329.154671930259,13.513013786674884,0.8524590163934426,49.057980931609464,66.77941614605109,9.92608366241943,0.47540983606557374,61
all_history,NDX,20,ou_price,2026-09-25,219.18703221518868,10.32600579790608,0.9016393442622951,49.057980931609464,61.965097771661384,8.201242443414507,0.6721311475409836,61
all_history,NDX,20,ou_price,2026-09-28,268.2228972661971,11.580422920495424,0.8947368421052632,49.05798093160947,63.946690142754484,8.989201731836962,0.5789473684210527,57
all_history,NDX,20,ou_price,2026-09-29,111.21543938289948,8.28202050475523,0.9836065573770492,49.057980931609464,49.88613918982932,6.634858451460539,0.5737704918032787,61
all_history,NDX,20,random_walk,2026-07-21,81.98944477831458,6.53415380559001,0.9672131147540983,39.21222820209516,41.453125768184236,5.367506482632134,0.5,61
all_history,NDX,20,random_walk,2026-07-22,62.532592299015526,6.782826776934338,1.0,39.645761273183,39.645761273183,5.2023282139167595,0.5,21
all_history,NDX,20,random_walk,2026-07-23,465.2106730716815,18.29207451601888,0.8524590163934426,60.71009314286068,69.98172234495074,12.339905403435344,0.5,61
all_history,NDX,20,random_walk,2026-07-24,532.2658645893812,17.8057032177613,0.9318181818181818,75.87194626366062,82.13407522628064,13.135762121434361,0.5,44
all_history,NDX,20,random_walk,2026-07-30,475.00141552119726,18.58209290206044,0.8333333333333334,70.17331879080653,77.70105313393806,12.891493281495505,0.5,12
all_history,NDX,20,random_walk,2026-07-31,498.2230835634624,18.861480605666294,0.9,73.18134985415799,77.51294739033287,12.880166398406015,0.5,40
all_history,NDX,20,random_walk,2026-08-03,112.01084845619944,7.952766662376234,0.8823529411764706,40.157636430808644,42.45530968066153,6.408802317504833,0.5,17
all_history,NDX,20,random_walk,2026-08-11,47.01813998692368,5.605802472743172,1.0,44.74568687600766,44.74568687600766,5.1095127005531635,0.5,14
all_history,NDX,20,random_walk,2026-08-12,79.71271037227486,7.236634398953737,0.967741935483871,41.59059363364413,41.80627692712879,5.614570152727139,0.5,31
all_history,NDX,20,random_walk,2026-08-13,165.4667349775904,11.147779171193179,0.875,42.008468247469835,46.80874764202735,7.564191647388259,0.5,24
all_history,NDX,20,random_walk,2026-08-14,11.148750281762183,3.32804992815727,1.0,46.3905957197084,46.3905957197084,4.475877909416964,0.5,4
all_history,NDX,20,random_walk,2026-09-01,268.18282996279675,13.33981163857841,0.7111111111111111,39.79028020889796,58.055076538618785,9.37884727857351,0.5,45
all_history,NDX,20,random_walk,2026-09-04,87.12550055472241,7.623035139588865,1.0,46.22422000487342,46.22422000487342,6.022400543385657,0.5,16
all_history,NDX,20,random_walk,2026-09-08,92.36033129207559,7.535984140594657,0.972972972972973,43.330393100768916,43.42169799505859,6.0126716127884094,0.5,37
all_history,NDX,20,random_walk,2026-09-09,443.2454069555477,17.162096319205013,0.7333333333333333,58.228761819046085,80.15064296006047,12.302686479719515,0.5,15
all_history,NDX,20,random_walk,2026-09-10,79.95496500487805,7.263341666625701,0.9565217391304348,43.389888323195876,44.76809889779951,5.874264883810199,0.5,46
all_history,NDX,20,random_walk,2026-09-11,138.99091747498534,8.144215211211463,0.9411764705882353,43.56431121980253,47.021146828120166,6.539526761819369,0.5,34
all_history,NDX,20,random_walk,2026-09-14,218.65134886343697,10.751566231229292,0.9016393442622951,42.09289869932096,52.32677141340001,7.821999475105012,0.5,61
all_history,NDX,20,random_walk,2026-09-15,36.176001485566125,4.411779485960406,1.0,38.449185719238756,38.449185719238756,4.429210941099506,0.5,11
all_history,NDX,20,random_walk,2026-09-16,526.1517948592032,15.65111170403931,0.75,39.58970697875775,81.28744874344451,11.636727569973745,0.5,60
all_history,NDX,20,random_walk,2026-09-18,54.31905099238324,5.784054499900231,0.9166666666666666,28.8814911309704,34.39286581367519,4.460353456290656,0.5,60
all_history,NDX,20,random_walk,2026-09-21,52.99808315066331,7.279978238337208,1.0,42.28741949179418,42.28741949179418,5.116746569322427,0.5,1
all_history,NDX,20,random_walk,2026-09-22,56.32524518927675,6.036569482660924,0.9122807017543859,32.47797964392576,33.256721950333514,4.705584734158439,0.5,57
all_history,NDX,20,random_walk,2026-09-23,86.60598093115946,6.856073335341191,0.9333333333333333,36.85467755981735,40.146839188001564,5.504404120035098,0.5,45
all_history,NDX,20,random_walk,2026-09-24,328.07364626491955,13.481158470368293,0.8852459016393442,51.94025575047387,70.19167281480341,9.966488648889694,0.5,61
all_history,NDX,20,random_walk,2026-09-25,220.03420629426654,10.344452518158922,0.9344262295081968,48.42886254508908,58.6010271569562,8.020822733251013,0.5,61
all_history,NDX,20,random_walk,2026-09-28,269.4785596639256,11.60803303996248,0.9122807017543859,52.78513881535487,65.60318778812061,9.174343789097875,0.5,57
all_history,NDX,20,random_walk,2026-09-29,111.25799826640129,8.289881982627328,0.9016393442622951,38.056983143560025,41.78305297566754,6.190985721845362,0.5,61
all_history,NDX,25,garch_gex,2026-07-21,100.03372877282759,7.487606226382624,0.9180327868852459,34.8472296172957,38.12607678104248,5.626882458341654,0.5,61
all_history,NDX,25,garch_gex,2026-07-22,77.50111937124495,6.922605913936942,0.9523809523809523,38.00724751978202,39.32412956411959,5.341753354512138,0.5,21
all_history,NDX,25,garch_gex,2026-07-23,625.0846181134135,20.866895222407337,0.9016393442622951,69.03945961138562,77.89923083927287,13.922611240023166,0.5,61
all_history,NDX,25,garch_gex,2026-07-24,670.5212244667483,21.6501526723428,0.8409090909090909,74.27881733161752,89.48520736829238,14.761577871392774,0.5,44
all_history,NDX,25,garch_gex,2026-07-30,514.7252840421012,20.86152109568502,0.9166666666666666,75.12327135439286,75.41724772860866,13.857999313388135,0.5,12
all_history,NDX,25,garch_gex,2026-07-31,604.0273237899451,20.809358405189776,0.9,69.38226329890172,79.59362456246046,13.989366544369153,0.5,40
all_history,NDX,25,garch_gex,2026-08-03,169.69266065084236,10.438492500168437,0.7058823529411765,30.68111489845957,54.96863073118384,7.872412859035197,0.5,17
all_history,NDX,25,garch_gex,2026-08-11,60.21494693712485,6.569286521724799,1.0,39.21161819865377,39.21161819865377,5.0399700992372525,0.5,14
all_history,NDX,25,garch_gex,2026-08-12,92.4392703947746,8.19372981122926,0.9354838709677419,34.38135614507738,35.56422230442211,5.675393364126618,0.5,31
all_history,NDX,25,garch_gex,2026-08-13,214.7021050125977,11.899553460920893,0.75,36.21031121446943,55.72721111207722,8.644333937258105,0.5,24
all_history,NDX,25,garch_gex,2026-08-14,6.714436862599666,2.476495675924525,1.0,39.696653833986026,39.696653833986026,3.789509711826759,0.5,4
all_history,NDX,25,garch_gex,2026-09-01,356.34052952050325,15.083671406456334,0.6888888888888889,45.99329437813081,71.3004882872634,10.950901211102193,0.5,45
all_history,NDX,25,garch_gex,2026-09-04,104.66441687220272,8.485742746810502,0.9375,40.636333095285366,40.7136900567552,6.140449031609147,0.5,16
all_history,NDX,25,garch_gex,2026-09-08,131.87764476811873,8.986977742934156,0.8378378378378378,36.82555894155876,44.58752148100679,6.682552224575261,0.5,37
all_history,NDX,25,garch_gex,2026-09-09,621.0903221340509,18.92877489606423,0.7333333333333333,62.336941230286854,104.19456164364055,14.494311694793396,0.5,15
all_history,NDX,25,garch_gex,2026-09-10,109.38920477496373,9.008159881839516,0.9347826086956522,46.98850720385972,48.283743922614896,6.690011030027428,0.5,46
all_history,NDX,25,garch_gex,2026-09-11,175.9783584049589,9.24188941833178,0.8529411764705882,37.33312732074957,46.76863576243694,6.881746500117165,0.5,34
all_history,NDX,25,garch_gex,2026-09-14,273.5862868944747,12.332627535900711,0.8852459016393442,44.46046485516414,56.48323478408155,8.714727172915062,0.5,61
all_history,NDX,25,garch_gex,2026-09-15,38.90113949879349,4.748665756486431,1.0,38.770288476200925,38.770288476200925,4.528636723433258,0.5,11
all_history,NDX,25,garch_gex,2026-09-16,750.1859120313096,18.117835035626438,0.7166666666666667,41.97184260496143,90.06909470944598,13.324057198961123,0.5,60
all_history,NDX,25,garch_gex,2026-09-18,65.16231268471999,6.390824764781428,0.9,28.628055960308117,34.352347695913146,4.77494776202822,0.5,60
all_history,NDX,25,garch_gex,2026-09-21,184.81177689741722,13.594549529036158,1.0,33.35959602270119,33.35959602270119,8.242546387982857,0.5,1
all_history,NDX,25,garch_gex,2026-09-22,60.68590558919644,6.526646383300223,0.9122807017543859,30.0055551055371,31.89934915114386,4.784008047861498,0.5,57
all_history,NDX,25,garch_gex,2026-09-23,99.47196590473037,7.506629705374103,0.8888888888888888,38.07155488811356,42.58998129186493,5.9330399307102,0.5,45
all_history,NDX,25,garch_gex,2026-09-24,464.2556522362427,16.34755625895756,0.819672131147541,53.67341961690651,80.61397437093497,11.891263499582834,0.5,61
all_history,NDX,25,garch_gex,2026-09-25,223.17448094544642,10.018168330749832,0.8852459016393442,45.07486258399169,55.873194232298566,7.790211098757513,0.5,61
all_history,NDX,25,garch_gex,2026-09-28,297.0219325835385,12.765026085827756,0.9298245614035088,54.75826424514072,67.5252654540545,9.662454822111984,0.5,57
all_history,NDX,25,garch_gex,2026-09-29,148.8832520378088,9.630209244906732,0.8852459016393442,39.05939203645938,48.29147133553598,7.011673447080368,0.5,61
all_history,NDX,25,garch_price,2026-07-21,100.03372877282759,7.487606226382624,0.9508196721311475,37.36241897176487,40.078465462427616,5.731117340880484,0.5,61
all_history,NDX,25,garch_price,2026-07-22,77.50111937124495,6.922605913936942,0.9523809523809523,35.29591598568369,37.948894563334186,5.231982642600094,0.5,21
all_history,NDX,25,garch_price,2026-07-23,625.0846181134135,20.866895222407337,0.8688524590163934,63.76831069691455,74.51343153112492,13.884849929057268,0.5,61
all_history,NDX,25,garch_price,2026-07-24,670.5212244667483,21.6501526723428,0.8409090909090909,79.08467395629997,92.07871230139382,14.861527077881988,0.5,44
all_history,NDX,25,garch_price,2026-07-30,514.7252840421012,20.86152109568502,1.0,82.53899861559704,82.53899861559704,13.90993921670073,0.5,12
all_history,NDX,25,garch_price,2026-07-31,604.0273237899451,20.809358405189776,0.95,76.72377104758426,84.77919686846013,14.0561715739383,0.5,40
all_history,NDX,25,garch_price,2026-08-03,169.69266065084236,10.438492500168437,0.7058823529411765,34.62631357779436,53.362435581150706,7.825524275289929,0.5,17
all_history,NDX,25,garch_price,2026-08-11,60.21494693712485,6.569286521724799,1.0,40.15848475241501,40.15848475241501,5.087386502881749,0.5,14
all_history,NDX,25,garch_price,2026-08-12,92.4392703947746,8.19372981122926,0.967741935483871,38.34600832890896,38.948405948093345,5.809227702626727,0.5,31
all_history,NDX,25,garch_price,2026-08-13,214.7021050125977,11.899553460920893,0.7916666666666666,40.73294243446718,55.5075954365224,8.625011150996196,0.5,24
all_history,NDX,25,garch_price,2026-08-14,6.714436862599666,2.476495675924525,1.0,41.51921978536562,41.51921978536562,3.9482733531795273,0.5,4
all_history,NDX,25,garch_price,2026-09-01,356.34052952050325,15.083671406456334,0.6222222222222222,38.848005788693676,75.73927666329283,11.127497431045093,0.5,45
all_history,NDX,25,garch_price,2026-09-04,104.66441687220272,8.485742746810502,1.0,43.33178199027969,43.33178199027969,6.25241728575663,0.5,16
all_history,NDX,25,garch_price,2026-09-08,131.87764476811873,8.986977742934156,0.8648648648648649,39.85209180047774,45.443172912593695,6.771482660115643,0.5,37
all_history,NDX,25,garch_price,2026-09-09,621.0903221340509,18.92877489606423,0.7333333333333333,66.8985486885607,103.35560784001841,14.531384961699246,0.5,15
all_history,NDX,25,garch_price,2026-09-10,109.38920477496373,9.008159881839516,0.8913043478260869,40.139226625213865,45.81300635819968,6.580643134354985,0.5,46
all_history,NDX,25,garch_price,2026-09-11,175.9783584049589,9.24188941833178,0.8529411764705882,40.36124911750096,46.916678407528174,6.946743878192203,0.5,34
all_history,NDX,25,garch_price,2026-09-14,273.5862868944747,12.332627535900711,0.8032786885245902,41.14911840733479,55.8106736541566,8.668397305846279,0.5,61
all_history,NDX,25,garch_price,2026-09-15,38.90113949879349,4.748665756486431,1.0,30.92345745230574,30.92345745230574,4.033628480539431,0.5,11
all_history,NDX,25,garch_price,2026-09-16,750.1859120313096,18.117835035626438,0.7333333333333333,43.70405584745286,88.30061158768854,13.245601594809889,0.5,60
all_history,NDX,25,garch_price,2026-09-18,65.16231268471999,6.390824764781428,0.9166666666666666,27.797168126686017,34.56569247047642,4.782677721403947,0.5,60
all_history,NDX,25,garch_price,2026-09-21,184.81177689741722,13.594549529036158,1.0,36.5841601329218,36.5841601329218,8.143379407448336,0.5,1
all_history,NDX,25,garch_price,2026-09-22,60.68590558919644,6.526646383300223,0.9122807017543859,32.94163200660705,33.430680395866425,4.878843532814361,0.5,57
all_history,NDX,25,garch_price,2026-09-23,99.47196590473037,7.506629705374103,0.8888888888888888,37.270812985354446,42.416877459982636,5.915546885672034,0.5,45
all_history,NDX,25,garch_price,2026-09-24,464.2556522362427,16.34755625895756,0.8360655737704918,55.24333875349015,81.9781259344379,11.942276067287805,0.5,61
all_history,NDX,25,garch_price,2026-09-25,223.17448094544642,10.018168330749832,0.9016393442622951,47.735493478801594,57.2408023127611,7.89659320792575,0.5,61
all_history,NDX,25,garch_price,2026-09-28,297.0219325835385,12.765026085827756,0.8947368421052632,53.994747053900845,67.36690871467118,9.68394349928155,0.5,57
all_history,NDX,25,garch_price,2026-09-29,148.8832520378088,9.630209244906732,0.8852459016393442,39.940475742960516,48.9514334655241,7.048098661220666,0.5,61
all_history,NDX,25,kalman_gex,2026-07-21,89.18115573844446,7.254679654947735,1.0,62.21586623025952,62.21586623025952,7.06563140042502,0.5901639344262295,61
all_history,NDX,25,kalman_gex,2026-07-22,84.36640688708486,7.0801643352597505,1.0,65.84719473613544,65.84719473613544,7.293006557360051,0.5714285714285714,21
all_history,NDX,25,kalman_gex,2026-07-23,810.64748242031,22.738569379553873,0.7540983606557377,62.21586623025952,100.58487025421431,15.981229359193971,0.45901639344262296,61
all_history,NDX,25,kalman_gex,2026-07-24,745.9401231232655,22.770756987604635,0.7045454545454546,63.17536397936658,90.34885555105585,15.68414893856472,0.4318181818181818,44
all_history,NDX,25,kalman_gex,2026-07-30,1795.3335474916082,39.70176787255141,0.16666666666666666,68.09992408884531,167.2990614672525,27.860756912393484,0.08333333333333333,12
all_history,NDX,25,kalman_gex,2026-07-31,915.8330488186766,25.539406449951134,0.6,63.484397606442926,100.78982119158889,17.767120101962654,0.35,40
all_history,NDX,25,kalman_gex,2026-08-03,129.03002365454017,8.755745010232932,1.0,66.69137644806406,66.69137644806406,8.013852603867818,0.7058823529411765,17
all_history,NDX,25,kalman_gex,2026-08-11,35.907798031298746,5.264566282427022,1.0,68.64810537092067,68.64810537092067,6.786710110886898,1.0,14
all_history,NDX,25,kalman_gex,2026-08-12,118.62054798558216,9.590423532763152,1.0,65.60405581678322,65.60405581678322,7.799256494400769,0.45161290322580644,31
all_history,NDX,25,kalman_gex,2026-08-13,285.23970435704166,13.973746105482645,0.9583333333333334,66.5319054921982,67.0317482096866,10.139059218117255,0.20833333333333334,24
all_history,NDX,25,kalman_gex,2026-08-14,16.70053598037078,3.2754114946584814,1.0,73.19367537482258,73.19367537482258,6.909986457758912,0.75,4
all_history,NDX,25,kalman_gex,2026-09-01,522.3485777333631,18.166316959653425,0.8222222222222222,64.40320303300977,82.49823231853757,12.88099178686751,0.3333333333333333,45
all_history,NDX,25,kalman_gex,2026-09-04,196.95939771595974,11.978970219941045,1.0,69.88869111265238,69.88869111265238,9.188265089190256,0.6875,16
all_history,NDX,25,kalman_gex,2026-09-08,171.8373791396736,10.73202194042381,1.0,67.31562588782906,67.31562588782906,8.587732747795556,0.5135135135135135,37
all_history,NDX,25,kalman_gex,2026-09-09,581.1100464170848,19.527572073210987,0.8,64.42952990699105,80.57473852875984,13.778890595396867,0.6666666666666666,15
all_history,NDX,25,kalman_gex,2026-09-10,286.60006558866655,15.009500242908878,0.9565217391304348,60.844190807697004,62.37823359924579,9.97147930427874,0.34782608695652173,46
all_history,NDX,25,kalman_gex,2026-09-11,275.5786958068747,10.925272925786961,0.8823529411764706,63.96926395959625,69.76246952690003,9.678293959528734,0.5882352941176471,34
all_history,NDX,25,kalman_gex,2026-09-14,330.4855817381078,14.438373137162138,0.9016393442622951,60.20627774530846,69.04411467964243,10.33800566826373,0.4262295081967213,61
all_history,NDX,25,kalman_gex,2026-09-15,73.00835804047009,7.217436912726357,1.0,65.56551688900136,65.56551688900136,7.085709747376481,0.09090909090909091,11
all_history,NDX,25,kalman_gex,2026-09-16,718.9096310571182,17.960328479117216,0.8166666666666667,60.24011514471007,104.3604423673898,14.103875806618875,0.4666666666666667,60
all_history,NDX,25,kalman_gex,2026-09-18,95.67760177360586,7.974281511138845,1.0,60.24011514471007,60.24011514471007,7.063839015425432,0.31666666666666665,60
all_history,NDX,25,kalman_gex,2026-09-21,113.95053619826086,10.674761645969472,1.0,68.61639767903893,68.61639767903893,7.9321667747867535,1.0,1
all_history,NDX,25,kalman_gex,2026-09-22,96.63828538900253,8.197181999324302,1.0,58.75682355589959,58.75682355589959,6.996452828419276,0.2982456140350877,57
all_history,NDX,25,kalman_gex,2026-09-23,125.45851583219863,8.155618957204501,1.0,59.189093475369376,59.189093475369376,7.438736507787996,0.5333333333333333,45
all_history,NDX,25,kalman_gex,2026-09-24,493.22968263423314,16.90460462904402,0.8032786885245902,58.647924212828705,80.32182732458534,12.322636545228116,0.5409836065573771,61
all_history,NDX,25,kalman_gex,2026-09-25,376.103621376708,12.554396021589929,0.8524590163934426,58.647924212828705,80.40063869391005,10.332270406390583,0.4918032786885246,61
all_history,NDX,25,kalman_gex,2026-09-28,561.457903217154,16.823763637957796,0.8596491228070176,58.75682355589959,87.55803113357364,12.573940126329815,0.38596491228070173,57
all_history,NDX,25,kalman_gex,2026-09-29,174.12358482231608,9.994463775973383,0.9508196721311475,58.647924212828705,61.70751379071407,8.050970631952485,0.4262295081967213,61
all_history,NDX,25,kalman_price,2026-07-21,121.29040058806983,9.128678785734653,1.0,62.943368418515234,62.943368418515234,7.618220688661455,0.6065573770491803,61
all_history,NDX,25,kalman_price,2026-07-22,107.87030691602911,8.315462726548503,1.0,66.74419730896227,66.74419730896227,7.689726251449406,0.7142857142857143,21
all_history,NDX,25,kalman_price,2026-07-23,777.6748977540988,22.235062861616015,0.7213114754098361,62.943368418515234,98.82570088003678,15.615814231088608,0.5737704918032787,61
all_history,NDX,25,kalman_price,2026-07-24,874.8237315695364,24.604066910658663,0.6818181818181818,63.96570519970831,101.4352347822617,17.04421333868988,0.38636363636363635,44
all_history,NDX,25,kalman_price,2026-07-30,1825.8216048886163,39.86203796897734,0.16666666666666666,69.05134254730731,166.6792786743779,27.947172408134335,0.08333333333333333,12
all_history,NDX,25,kalman_price,2026-07-31,895.5491289037438,25.16711054067046,0.775,64.29114796488705,101.94955324918081,17.22487916737045,0.375,40
all_history,NDX,25,kalman_price,2026-08-03,121.17473786404696,8.956137579951555,1.0,67.61119157603136,67.61119157603136,7.957262799373795,0.8823529411764706,17
all_history,NDX,25,kalman_price,2026-08-11,90.45804377330272,8.936348506867963,1.0,69.50024220854836,69.50024220854836,7.648374781128797,1.0,14
all_history,NDX,25,kalman_price,2026-08-12,120.25234565495911,9.613358544883345,1.0,66.31261484625382,66.31261484625382,7.846006754325396,0.3225806451612903,31
all_history,NDX,25,kalman_price,2026-08-13,375.0508755597723,16.169738382986274,0.9166666666666666,67.29513705251243,69.47601198854862,11.279491250199138,0.20833333333333334,24
all_history,NDX,25,kalman_price,2026-08-14,18.528813273646115,3.054190804668814,1.0,74.15543395713263,74.15543395713263,7.019502939597748,0.75,4
all_history,NDX,25,kalman_price,2026-09-01,499.20363290174373,17.24278969712302,0.8222222222222222,65.01601957691808,82.15282220639448,12.538566860469336,0.5777777777777777,45
all_history,NDX,25,kalman_price,2026-09-04,222.35474039908468,13.006446786118897,1.0,70.77173074926004,70.77173074926004,9.580808789202097,0.6875,16
all_history,NDX,25,kalman_price,2026-09-08,158.71232972360417,11.001607444892121,1.0,68.10862640649961,68.10862640649961,8.471689548223841,0.43243243243243246,37
all_history,NDX,25,kalman_price,2026-09-09,754.2524551670836,23.434832513485894,0.7333333333333333,65.15870391974589,93.71652244624055,15.950846448007734,0.6666666666666666,15
all_history,NDX,25,kalman_price,2026-09-10,284.70498607039065,14.690292371615383,0.9565217391304348,61.29617751822821,63.4615438655257,9.888889484710749,0.34782608695652173,46
all_history,NDX,25,kalman_price,2026-09-11,299.370417501632,11.972138600618237,0.8823529411764706,64.67549081162856,70.81860438715138,10.027904142845639,0.38235294117647056,34
all_history,NDX,25,kalman_price,2026-09-14,307.70016718472544,13.886335599204992,0.9016393442622951,60.56556884254566,66.86779830101241,10.04393804263245,0.45901639344262296,61
all_history,NDX,25,kalman_price,2026-09-15,58.518920663498285,6.067628645828484,1.0,66.34214834775776,66.34214834775776,6.927187616370571,0.2727272727272727,11
all_history,NDX,25,kalman_price,2026-09-16,798.9734278218328,19.549367544790652,0.8,60.604913331277345,110.98470997273168,15.208146590439716,0.4,60
all_history,NDX,25,kalman_price,2026-09-18,68.05444348469301,6.631326494501226,1.0,60.604913331277345,60.604913331277345,6.629354736072048,0.5166666666666667,60
all_history,NDX,25,kalman_price,2026-09-21,41.939298238340726,6.476055762448369,1.0,69.48520240001723,69.48520240001723,6.949675117490589,1.0,1
all_history,NDX,25,kalman_price,2026-09-22,67.96964378087418,6.8852743738546565,1.0,58.570375070984625,58.570375070984625,6.49920081073568,0.543859649122807,57
all_history,NDX,25,kalman_price,2026-09-23,130.79002915735225,8.156485854788333,1.0,59.14417445283327,59.14417445283327,7.510309627877139,0.5111111111111111,45
all_history,NDX,25,kalman_price,2026-09-24,555.5176475666651,18.38676826796228,0.7704918032786885,58.42152020541805,83.99442934885118,13.106215474598692,0.4098360655737705,61
all_history,NDX,25,kalman_price,2026-09-25,406.66071195510136,12.700512940300388,0.8524590163934426,58.42152020541805,82.76615467296246,10.597202761579807,0.3770491803278688,61
all_history,NDX,25,kalman_price,2026-09-28,620.6388055328309,17.653275305367714,0.8421052631578947,58.570375070984625,91.54190798362033,13.165260155632096,0.38596491228070173,57
all_history,NDX,25,kalman_price,2026-09-29,210.28962141694635,11.350963779159255,0.9344262295081968,58.42152020541805,62.51553990274592,8.55813467363274,0.4098360655737705,61
all_history,NDX,25,markov_gex,2026-07-21,111.0025455403237,7.908469919034476,0.9344262295081968,37.93154994906415,40.0970155987779,5.917468496538461,0.39344262295081966,61
all_history,NDX,25,markov_gex,2026-07-22,71.03322873631075,6.567466131186148,0.9047619047619048,29.757648370361217,33.65703763643029,4.89506032822303,0.7142857142857143,21
all_history,NDX,25,markov_gex,2026-07-23,618.5074380881483,20.7144199417434,0.819672131147541,64.52380336915427,80.37391862874092,14.032808010498027,0.5573770491803278,61
all_history,NDX,25,markov_gex,2026-07-24,674.4724436057393,21.654588990827584,0.7727272727272727,67.70832458421343,86.83885852285859,14.950092542494888,0.5227272727272727,44
all_history,NDX,25,markov_gex,2026-07-30,557.709061367636,22.030774303221374,1.0,67.75290150739846,67.75290150739846,13.996675864661029,0.16666666666666666,12
all_history,NDX,25,markov_gex,2026-07-31,624.956277584561,21.337578625605232,0.8,68.24264376671871,83.12787564539465,14.340351988558183,0.35,40
all_history,NDX,25,markov_gex,2026-08-03,201.71196709553521,11.67091994732646,0.6470588235294118,29.803941380053256,60.72379763911698,8.71314335733122,0.11764705882352941,17
all_history,NDX,25,markov_gex,2026-08-11,50.63918808640328,5.897214898496906,0.9285714285714286,36.152862789808125,36.20710660661239,4.6488641623629965,1.0,14
all_history,NDX,25,markov_gex,2026-08-12,92.31031674226065,8.235998556476833,0.9032258064516129,42.93044528574135,44.636851104721636,6.212299309788077,0.45161290322580644,31
all_history,NDX,25,markov_gex,2026-08-13,211.54260580399293,11.87130707084152,0.75,32.85563388269463,55.920292932870126,8.59228180811728,0.4166666666666667,24
all_history,NDX,25,markov_gex,2026-08-14,5.784756802763288,2.0831396761756724,1.0,33.224957214456126,33.224957214456126,3.208667428992122,0.75,4
all_history,NDX,25,markov_gex,2026-09-01,347.09600598081096,14.708779482327209,0.6666666666666666,40.167731116038446,77.29072885116945,11.037263608379112,0.7111111111111111,45
all_history,NDX,25,markov_gex,2026-09-04,96.16141351251161,8.20889235985959,0.9375,45.85657247438745,45.958719943728326,6.385772820502392,0.625,16
all_history,NDX,25,markov_gex,2026-09-08,133.08621692059785,8.861581097128438,0.8108108108108109,36.90487639056174,47.232959736982714,6.744986910067495,0.6216216216216216,37
all_history,NDX,25,markov_gex,2026-09-09,602.0322092886981,18.554713579257804,0.8,67.02055403332989,91.66585840566637,13.88567618656207,0.7333333333333333,15
all_history,NDX,25,markov_gex,2026-09-10,103.96151906842383,8.63252918420766,0.8913043478260869,37.21021744299812,43.591300061721796,6.322478075598964,0.6521739130434783,46
all_history,NDX,25,markov_gex,2026-09-11,180.88823329447837,9.148624627338233,0.9117647058823529,45.43332490830324,50.19205529935722,7.162761918655796,0.5882352941176471,34
all_history,NDX,25,markov_gex,2026-09-14,289.9132411920739,12.470000117787327,0.9180327868852459,49.03246710110593,55.84877646905058,8.80128200296372,0.45901639344262296,61
all_history,NDX,25,markov_gex,2026-09-15,31.22918643312187,4.429160167606025,1.0,28.881377430726058,28.881377430726058,3.6826613222022186,0.6363636363636364,11
all_history,NDX,25,markov_gex,2026-09-16,742.2039566145618,17.939673017753787,0.7,37.65178793158468,95.47683640128935,13.427037751661342,0.5666666666666667,60
all_history,NDX,25,markov_gex,2026-09-18,72.17521786939362,6.758294012491912,0.9,28.892428346053627,32.82255403762388,4.890994077071937,0.36666666666666664,60
all_history,NDX,25,markov_gex,2026-09-21,226.43044883713935,15.047606083265848,1.0,31.086377987933794,31.086377987933794,9.456008915850983,0.0,1
all_history,NDX,25,markov_gex,2026-09-22,72.60947031649498,7.147419320679337,0.9298245614035088,32.821952902261394,33.90873369573664,5.221655845939262,0.2982456140350877,57
all_history,NDX,25,markov_gex,2026-09-23,100.46092355669292,7.44540635193991,0.8666666666666667,35.88189698032172,42.44302842573397,6.003431549477711,0.5333333333333333,45
all_history,NDX,25,markov_gex,2026-09-24,473.09397650640307,16.47014766921521,0.7868852459016393,56.11867646311522,79.44007745813937,12.03391700325904,0.4426229508196721,61
all_history,NDX,25,markov_gex,2026-09-25,229.03268440680606,10.050278802810956,0.9016393442622951,49.560417822693246,57.84140801527704,7.925150438095383,0.4918032786885246,61
all_history,NDX,25,markov_gex,2026-09-28,300.08674149481664,12.76522608277146,0.9122807017543859,49.88761319644885,61.806718925216586,9.365322526169505,0.5087719298245614,57
all_history,NDX,25,markov_gex,2026-09-29,145.42648042020156,9.490737965985558,0.8852459016393442,42.46383289329796,52.05647733865895,7.263642146459523,0.5409836065573771,61
all_history,NDX,25,markov_price,2026-07-21,108.24140250383611,7.7965934531435295,0.9344262295081968,37.90233130613912,39.84637045275124,5.857586285998897,0.39344262295081966,61
all_history,NDX,25,markov_price,2026-07-22,70.75244653519468,6.546555353309385,0.9047619047619048,29.77368697955684,33.667907476347395,4.887919063128406,0.7142857142857143,21
all_history,NDX,25,markov_price,2026-07-23,615.8524451625337,20.653060015244506,0.819672131147541,64.4497585283785,80.25804024650337,13.996464860102664,0.5737704918032787,61
all_history,NDX,25,markov_price,2026-07-24,677.8089869842424,21.68750993871312,0.7727272727272727,67.69615999950268,87.07533592346041,14.982905316532555,0.5227272727272727,44
all_history,NDX,25,markov_price,2026-07-30,546.4505973896131,21.753050106066755,1.0,67.71769399273315,67.71769399273315,13.848014235026183,0.16666666666666666,12
all_history,NDX,25,markov_price,2026-07-31,622.9011733916592,21.295813356826436,0.8,68.22165736368858,83.11787042957492,14.311466584394527,0.35,40
all_history,NDX,25,markov_price,2026-08-03,191.4135474909893,11.296389351374138,0.6470588235294118,29.69062102693823,58.90745560769064,8.44228391007249,0.11764705882352941,17
all_history,NDX,25,markov_price,2026-08-11,50.187723624550415,5.868594386890941,0.9285714285714286,36.13030249994451,36.16308535450762,4.636589886190703,1.0,14
all_history,NDX,25,markov_price,2026-08-12,92.71119822646072,8.256896742476638,0.8709677419354839,42.871743973212276,44.85092814705405,6.238626190916587,0.45161290322580644,31
all_history,NDX,25,markov_price,2026-08-13,209.73903771625214,11.864282524723412,0.75,32.801849818688055,55.41666338762884,8.563543948084346,0.5,24
all_history,NDX,25,markov_price,2026-08-14,5.759665274991385,2.045562904619427,1.0,33.21658701175105,33.21658701175105,3.2076855490046734,0.75,4
all_history,NDX,25,markov_price,2026-09-01,348.3257519282805,14.761252938905109,0.6666666666666666,40.119429498395114,77.56859890526977,11.074602204620305,0.7111111111111111,45
all_history,NDX,25,markov_price,2026-09-04,95.12751120519049,8.169320051537664,0.9375,45.77084241762037,45.81629580478312,6.3613579516926775,0.6875,16
all_history,NDX,25,markov_price,2026-09-08,133.42241104324305,8.839878802996312,0.8108108108108109,36.919764840213034,47.29830357897255,6.740664444104062,0.6216216216216216,37
all_history,NDX,25,markov_price,2026-09-09,600.3467600660757,18.524437370707993,0.8,67.03559025199647,91.53225137172186,13.866319376598414,0.7333333333333333,15
all_history,NDX,25,markov_price,2026-09-10,104.28920843024606,8.670369859149387,0.8913043478260869,37.20774935725799,43.5543683094721,6.337389657189792,0.6521739130434783,46
all_history,NDX,25,markov_price,2026-09-11,181.0272174301117,9.12006446259718,0.9117647058823529,45.451890552512,50.25296222644327,7.160007080933892,0.5882352941176471,34
all_history,NDX,25,markov_price,2026-09-14,289.0411998384222,12.464891217644501,0.9180327868852459,49.03986023191632,55.80217323171975,8.794828449548541,0.45901639344262296,61
all_history,NDX,25,markov_price,2026-09-15,31.78766999450329,4.459183752269467,1.0,28.869660725709505,28.869660725709505,3.6994983882506585,0.6363636363636364,11
all_history,NDX,25,markov_price,2026-09-16,740.6685064027022,17.913971030686664,0.7,37.615970982229534,95.47091885549179,13.41571855185536,0.5833333333333334,60
all_history,NDX,25,markov_price,2026-09-18,72.80732472206755,6.787406110590981,0.9,28.877156031132078,32.897299232117625,4.908386082861841,0.36666666666666664,60
all_history,NDX,25,markov_price,2026-09-21,207.75335512580625,14.413651692954366,1.0,30.991312131130815,30.991312131130815,8.970785529100189,0.0,1
all_history,NDX,25,markov_price,2026-09-22,67.50531228681332,6.904033275683919,0.9298245614035088,32.82557471533407,33.50846544282809,5.074271985121115,0.2982456140350877,57
all_history,NDX,25,markov_price,2026-09-23,100.5574493980662,7.44857365543038,0.8666666666666667,35.993690887074806,42.48881509718505,6.0100526212950625,0.5333333333333333,45
all_history,NDX,25,markov_price,2026-09-24,474.1762087442912,16.489864124575355,0.7868852459016393,56.10251691675167,79.56513214319786,12.046573668366808,0.4426229508196721,61
all_history,NDX,25,markov_price,2026-09-25,227.8195068241251,10.035471226136929,0.9180327868852459,49.54084423729682,57.66209361580449,7.915470520526467,0.5081967213114754,61
all_history,NDX,25,markov_price,2026-09-28,303.1192100272781,12.823509989939998,0.8947368421052632,49.86788929221017,61.85223940901452,9.389026984013428,0.45614035087719296,57
all_history,NDX,25,markov_price,2026-09-29,146.73733932900046,9.534308081171998,0.8852459016393442,42.52210456287625,52.259521182090324,7.291985573749569,0.5409836065573771,61
all_history,NDX,25,momentum,2026-07-21,211.45039894056472,11.233236469851695,0.9016393442622951,43.84060390455957,51.55685998402489,7.899536817213876,0.4918032786885246,61
all_history,NDX,25,momentum,2026-07-22,163.135667639077,10.55831444429807,0.9523809523809523,44.3253086132829,51.89655415489684,7.384232059109833,0.6190476190476191,21
all_history,NDX,25,momentum,2026-07-23,958.9821116984609,24.740220157033573,0.7213114754098361,67.87594759389016,113.44714972119039,17.627969390157823,0.45901639344262296,61
all_history,NDX,25,momentum,2026-07-24,1002.6985278833519,25.00138216288752,0.8181818181818182,84.82741471537815,110.9638404020729,17.684135907853328,0.6590909090909091,44
all_history,NDX,25,momentum,2026-07-30,967.8972345488841,27.66873918548359,0.8333333333333334,78.45615551150338,101.74212108044544,18.09545193353153,0.4166666666666667,12
all_history,NDX,25,momentum,2026-07-31,1080.5279422837614,24.504948001565857,0.775,81.8192364795458,118.92048513105519,17.997844818011266,0.675,40
all_history,NDX,25,momentum,2026-08-03,206.37673649443678,11.735347803156616,0.7647058823529411,44.897602437505086,54.159716239066334,8.445317982912664,0.5882352941176471,17
all_history,NDX,25,momentum,2026-08-11,59.796313782416014,6.19957382218577,1.0,50.027198777336665,50.027198777336665,5.746494512795551,0.9285714285714286,14
all_history,NDX,25,momentum,2026-08-12,189.208761473335,12.086872607293495,1.0,46.49969729469913,46.49969729469913,7.995873071612362,0.4838709677419355,31
all_history,NDX,25,momentum,2026-08-13,493.29160530631344,18.581598548939596,0.6666666666666666,46.96689531599201,81.96784010200567,12.922021905751556,0.375,24
all_history,NDX,25,momentum,2026-08-14,72.91203330126764,7.710050360584727,1.0,51.86626277298939,51.86626277298939,6.12862418817685,0.5,4
all_history,NDX,25,momentum,2026-09-01,513.163534201337,18.28608357570978,0.6888888888888889,44.48688569543019,80.22560592664641,12.843643650394506,0.4888888888888889,45
all_history,NDX,25,momentum,2026-09-04,124.27861710110882,9.774568140310327,1.0,51.68024906890132,51.68024906890132,7.036235581703257,0.625,16
all_history,NDX,25,momentum,2026-09-08,135.85194488608414,9.132733173275547,0.972972972972973,48.44485223255359,50.883143762712784,7.037792549140521,0.7567567567567568,37
all_history,NDX,25,momentum,2026-09-09,1143.3076678866594,29.007406387311992,0.6666666666666666,65.10173483651567,129.12788820734391,20.08032339179455,0.4,15
all_history,NDX,25,momentum,2026-09-10,179.54979398847019,10.682459713923446,0.8695652173913043,48.51136991339517,53.313396638324065,7.969888294025982,0.5217391304347826,46
all_history,NDX,25,momentum,2026-09-11,408.6644151886354,13.723757051538225,0.8529411764705882,48.70638064021763,69.47263685481703,10.314178095221537,0.5588235294117647,34
all_history,NDX,25,momentum,2026-09-14,423.25526368634826,15.849566309038245,0.819672131147541,47.06129143084708,62.4262773388847,10.895530626301028,0.5573770491803278,61
all_history,NDX,25,momentum,2026-09-15,85.93074238579044,8.089349268806586,1.0,42.987496473866,42.987496473866,5.874605597072792,0.5454545454545454,11
all_history,NDX,25,momentum,2026-09-16,1061.8935582732863,22.37957309401969,0.65,44.26263800690007,117.93490946208816,16.812571334403653,0.48333333333333334,60
all_history,NDX,25,momentum,2026-09-18,105.85874417095354,8.073519964348593,0.8333333333333334,32.29048873020355,37.86560965875993,5.915508882343018,0.6,60
all_history,NDX,25,momentum,2026-09-21,138.06482834508063,11.750099078096348,1.0,47.2787722883507,47.2787722883507,7.199721535569691,1.0,1
all_history,NDX,25,momentum,2026-09-22,127.40169186783667,8.984189117190335,0.8947368421052632,36.31148512783621,39.65802978712299,6.417903306453036,0.5087719298245614,57
all_history,NDX,25,momentum,2026-09-23,186.23525528550647,11.19526818639449,0.8666666666666667,41.20478215629383,48.744567911339125,7.764939271915428,0.4222222222222222,45
all_history,NDX,25,momentum,2026-09-24,656.3603845145242,20.373217159239626,0.7704918032786885,58.07097131339196,88.57918562389655,14.328198625404921,0.4918032786885246,61
all_history,NDX,25,momentum,2026-09-25,557.9115743244967,17.084749165518947,0.8688524590163934,54.14511436190634,82.4894041904773,12.309780666830706,0.3442622950819672,61
all_history,NDX,25,momentum,2026-09-28,872.1601641983276,21.044058834857267,0.7192982456140351,59.01557929644811,107.84534398307612,15.779400523580682,0.38596491228070173,57
all_history,NDX,25,momentum,2026-09-29,292.6098722315917,13.819525843927947,0.7704918032786885,42.54900066378193,59.486665129943255,9.661608599681035,0.4918032786885246,61
all_history,NDX,25,ou_gex,2026-07-21,100.03372877282759,7.487606226382624,0.9836065573770492,60.47556685949219,61.10579862931294,7.105173975132416,0.5,61
all_history,NDX,25,ou_gex,2026-07-22,77.50111937124495,6.922605913936942,1.0,60.4755668594922,60.4755668594922,6.7813178664307,0.5,21
all_history,NDX,25,ou_gex,2026-07-23,625.0846181134135,20.866895222407337,0.7377049180327869,60.47556685949219,85.63985077814584,14.300087275533823,0.5,61
all_history,NDX,25,ou_gex,2026-07-24,670.5212244667483,21.6501526723428,0.7045454545454546,60.475566859492204,87.96571992284687,14.955697126276352,0.5,44
all_history,NDX,25,ou_gex,2026-07-30,514.7252840421012,20.86152109568502,0.9166666666666666,60.4755668594922,61.16020610095318,13.394995286928662,0.5,12
all_history,NDX,25,ou_gex,2026-07-31,604.0273237899451,20.809358405189776,0.8,60.4755668594922,83.20216344131768,14.07912477102801,0.5,40
all_history,NDX,25,ou_gex,2026-08-03,169.69266065084236,10.438492500168437,1.0,60.4755668594922,60.4755668594922,8.227940618067755,0.5,17
all_history,NDX,25,ou_gex,2026-08-11,60.21494693712485,6.569286521724799,1.0,61.32227596941619,61.32227596941619,6.575911505654504,0.5,14
all_history,NDX,25,ou_gex,2026-08-12,92.4392703947746,8.19372981122926,1.0,61.32227596941619,61.32227596941619,7.0907939410017935,0.5,31
all_history,NDX,25,ou_gex,2026-08-13,214.7021050125977,11.899553460920893,0.9583333333333334,61.32227596941619,62.19320990976999,8.932875614854106,0.5,24
all_history,NDX,25,ou_gex,2026-08-14,6.714436862599666,2.476495675924525,1.0,61.32227596941619,61.32227596941619,5.702975522794926,0.5,4
all_history,NDX,25,ou_gex,2026-09-01,356.34052952050325,15.083671406456334,0.8444444444444444,61.32227596941618,66.15538891731758,10.901972978587494,0.5,45
all_history,NDX,25,ou_gex,2026-09-04,104.66441687220272,8.485742746810502,1.0,61.32227596941619,61.32227596941619,7.269882081057976,0.5,16
all_history,NDX,25,ou_gex,2026-09-08,131.87764476811873,8.986977742934156,1.0,61.32227596941618,61.32227596941618,7.682260530146491,0.5,37
all_history,NDX,25,ou_gex,2026-09-09,621.0903221340509,18.92877489606423,0.7333333333333333,57.699297359378214,92.81350171979605,13.96303205374429,0.5,15
all_history,NDX,25,ou_gex,2026-09-10,109.38920477496373,9.008159881839516,1.0,57.699297359378214,57.699297359378214,7.124682348471947,0.5,46
all_history,NDX,25,ou_gex,2026-09-11,175.9783584049589,9.24188941833178,0.9117647058823529,57.699297359378214,59.583837434169,8.080726932930999,0.5,34
all_history,NDX,25,ou_gex,2026-09-14,273.5862868944747,12.332627535900711,0.9016393442622951,57.699297359378214,67.94397934003611,9.413007968855679,0.5,61
all_history,NDX,25,ou_gex,2026-09-15,38.90113949879349,4.748665756486431,1.0,57.699297359378214,57.699297359378214,5.937962563135499,0.5,11
all_history,NDX,25,ou_gex,2026-09-16,750.1859120313096,18.117835035626438,0.8,57.699297359378214,105.70180012113754,14.323024878119107,0.5,60
all_history,NDX,25,ou_gex,2026-09-18,65.16231268471999,6.390824764781428,1.0,57.699297359378214,57.699297359378214,6.379347178616919,0.5,60
all_history,NDX,25,ou_gex,2026-09-21,184.81177689741722,13.594549529036158,1.0,55.03468395372728,55.03468395372728,8.341364148100968,0.5,1
all_history,NDX,25,ou_gex,2026-09-22,60.68590558919644,6.526646383300223,1.0,55.03468395372729,55.03468395372729,6.1198260537102875,0.5,57
all_history,NDX,25,ou_gex,2026-09-23,99.47196590473037,7.506629705374103,1.0,55.03468395372728,55.03468395372728,6.764396922193176,0.5,45
all_history,NDX,25,ou_gex,2026-09-24,464.2556522362427,16.34755625895756,0.8032786885245902,55.03468395372728,78.11707480589948,11.889412803353473,0.5,61
all_history,NDX,25,ou_gex,2026-09-25,223.17448094544642,10.018168330749832,0.9180327868852459,55.03468395372728,66.993194441885,8.451406513091605,0.5,61
all_history,NDX,25,ou_gex,2026-09-28,297.0219325835385,12.765026085827756,0.8947368421052632,55.03468395372729,67.31693536597018,9.624620949572458,0.5,57
all_history,NDX,25,ou_gex,2026-09-29,148.8832520378088,9.630209244906732,0.9508196721311475,55.03468395372728,57.45872471746803,7.550826850237129,0.5,61
all_history,NDX,25,ou_price,2026-07-21,100.03021694744544,7.480702815062694,0.9836065573770492,59.98332557865662,60.63093129475725,7.0720860468845865,0.5901639344262295,61
all_history,NDX,25,ou_price,2026-07-22,77.83715188390482,6.9558212546254845,1.0,59.98332557865662,59.98332557865662,6.751973882621451,0.38095238095238093,21
all_history,NDX,25,ou_price,2026-07-23,626.6838935306582,20.85926639350846,0.7377049180327869,59.98332557865662,86.05435307671235,14.323354954523046,0.5573770491803278,61
all_history,NDX,25,ou_price,2026-07-24,671.0918236454012,21.690964798042227,0.7045454545454546,59.98332557865661,88.05511636309085,14.982848457098454,0.4090909090909091,44
all_history,NDX,25,ou_price,2026-07-30,514.434465572437,20.85657848259827,0.9166666666666666,59.983325578656626,60.77159542970865,13.395158883727786,0.5,12
all_history,NDX,25,ou_price,2026-07-31,604.6492076575277,20.864178437631264,0.8,59.98332557865662,82.94049700192953,14.105391812266301,0.375,40
all_history,NDX,25,ou_price,2026-08-03,170.30902667987974,10.485888965775878,1.0,59.98332557865662,59.98332557865662,8.213211399544267,0.35294117647058826,17
all_history,NDX,25,ou_price,2026-08-11,61.91593855988207,6.709831259399666,1.0,60.588851567803694,60.588851567803694,6.548647668121135,0.07142857142857142,14
all_history,NDX,25,ou_price,2026-08-12,92.2084463792041,8.174460414105155,1.0,60.58885156780369,60.58885156780369,7.037559261972114,0.5161290322580645,31
all_history,NDX,25,ou_price,2026-08-13,213.2556852379224,11.829987017377212,0.9583333333333334,60.58885156780369,61.528802965421086,8.88022775973256,0.5833333333333334,24
all_history,NDX,25,ou_price,2026-08-14,6.754502966163561,2.511674895918432,1.0,60.58885156780369,60.58885156780369,5.6381379909096765,0.25,4
all_history,NDX,25,ou_price,2026-09-01,356.66986698792937,15.073244851587068,0.8444444444444444,60.58885156780369,66.04745732772781,10.888048524055218,0.4666666666666667,45
all_history,NDX,25,ou_price,2026-09-04,106.56669868658379,8.555515432028393,1.0,60.58885156780369,60.58885156780369,7.251805590596186,0.375,16
all_history,NDX,25,ou_price,2026-09-08,133.47619538563055,9.062738070134078,1.0,60.58885156780369,60.58885156780369,7.662928140712781,0.2972972972972973,37
all_history,NDX,25,ou_price,2026-09-09,617.1040354174761,18.856679912796007,0.7333333333333333,57.12706194142384,92.86566793319227,13.912132468811892,0.5333333333333333,15
all_history,NDX,25,ou_price,2026-09-10,109.39178360034495,9.016849349600927,1.0,57.12706194142384,57.12706194142384,7.090555857963987,0.4782608695652174,46
all_history,NDX,25,ou_price,2026-09-11,174.99044075875037,9.202248377742999,0.9117647058823529,57.12706194142384,59.19062451136741,8.036406729258672,0.5,34
all_history,NDX,25,ou_price,2026-09-14,275.070480486294,12.342316391952831,0.9016393442622951,57.12706194142384,67.8989436965173,9.407287163421453,0.4098360655737705,61
all_history,NDX,25,ou_price,2026-09-15,38.62683665405914,4.715983862922473,1.0,57.12706194142384,57.12706194142384,5.8875374605004565,0.5454545454545454,11
all_history,NDX,25,ou_price,2026-09-16,752.4390393135669,18.11587920279,0.8,57.12706194142384,106.04967782499118,14.321583816009394,0.45,60
all_history,NDX,25,ou_price,2026-09-18,65.30678582723178,6.4010734398887825,1.0,57.12706194142384,57.12706194142384,6.34007536209357,0.38333333333333336,60
all_history,NDX,25,ou_price,2026-09-21,185.8519972239812,13.632754572131825,1.0,54.786733226257475,54.786733226257475,8.351010766352033,0.0,1
all_history,NDX,25,ou_price,2026-09-22,60.60685662304618,6.522086716833315,1.0,54.78673322625748,54.78673322625748,6.100545357397361,0.6140350877192983,57
all_history,NDX,25,ou_price,2026-09-23,99.59446607374086,7.496989556790278,1.0,54.786733226257475,54.786733226257475,6.750663164188154,0.5333333333333333,45
all_history,NDX,25,ou_price,2026-09-24,465.65058308919805,16.36536622378979,0.8032786885245902,54.786733226257475,78.26644458677761,11.90819017935405,0.5409836065573771,61
all_history,NDX,25,ou_price,2026-09-25,222.27954907122881,9.995655711645556,0.9180327868852459,54.786733226257475,66.76970707382337,8.428509415682813,0.6721311475409836,61
all_history,NDX,25,ou_price,2026-09-28,295.56983685733417,12.724772942328704,0.8947368421052632,54.78673322625748,67.10273529640045,9.594474463189705,0.5964912280701754,57
all_history,NDX,25,ou_price,2026-09-29,148.73125172533503,9.626294893947,0.9508196721311475,54.786733226257475,57.28211913757719,7.535267826746147,0.5409836065573771,61
all_history,NDX,25,random_walk,2026-07-21,100.03372877282759,7.487606226382624,0.9672131147540983,43.84060390455957,45.80938137773807,6.036731771822778,0.5,61
all_history,NDX,25,random_walk,2026-07-22,77.50111937124495,6.922605913936942,0.9523809523809523,44.3253086132829,45.35525094199278,5.744076629792448,0.5,21
all_history,NDX,25,random_walk,2026-07-23,625.0846181134135,20.866895222407337,0.9016393442622951,67.87594759389016,79.04032794950355,13.988861987771518,0.5,61
all_history,NDX,25,random_walk,2026-07-24,670.5212244667483,21.6501526723428,0.9318181818181818,84.82741471537815,91.63460131217354,14.981664327915018,0.5,44
all_history,NDX,25,random_walk,2026-07-30,514.7252840421012,20.86152109568502,1.0,78.45615551150338,78.45615551150338,13.606549796901161,0.5,12
all_history,NDX,25,random_walk,2026-07-31,604.0273237899451,20.809358405189776,0.95,81.8192364795458,88.06579128645066,14.133265384899625,0.5,40
all_history,NDX,25,random_walk,2026-08-03,169.69266065084236,10.438492500168437,0.8235294117647058,44.897602437505086,49.18404126985064,7.798214537342741,0.5,17
all_history,NDX,25,random_walk,2026-08-11,60.21494693712485,6.569286521724799,1.0,50.027198777336665,50.027198777336665,5.732721431898795,0.5,14
all_history,NDX,25,random_walk,2026-08-12,92.4392703947746,8.19372981122926,1.0,46.49969729469913,46.49969729469913,6.163861102183283,0.5,31
all_history,NDX,25,random_walk,2026-08-13,214.7021050125977,11.899553460920893,0.875,46.96689531599201,53.607274112928046,8.545352783599085,0.5,24
all_history,NDX,25,random_walk,2026-08-14,6.714436862599666,2.476495675924525,1.0,51.86626277298939,51.86626277298939,4.860324613763035,0.5,4
all_history,NDX,25,random_walk,2026-09-01,356.34052952050325,15.083671406456334,0.7555555555555555,44.48688569543019,67.97804520155547,10.815407040018194,0.5,45
all_history,NDX,25,random_walk,2026-09-04,104.66441687220272,8.485742746810502,1.0,51.68024906890132,51.68024906890132,6.648722726701404,0.5,16
all_history,NDX,25,random_walk,2026-09-08,131.87764476811873,8.986977742934156,0.9459459459459459,48.44485223255359,49.22721986977759,7.015854063741697,0.5,37
all_history,NDX,25,random_walk,2026-09-09,621.0903221340509,18.92877489606423,0.7333333333333333,65.10173483651567,98.16185347696792,14.275331335045182,0.5,15
all_history,NDX,25,random_walk,2026-09-10,109.38920477496373,9.008159881839516,0.9782608695652174,48.51136991339517,48.757608601769384,6.717609881470045,0.5,46
all_history,NDX,25,random_walk,2026-09-11,175.9783584049589,9.24188941833178,0.9117647058823529,48.70638064021763,51.4202884444025,7.37207597484033,0.5,34
all_history,NDX,25,random_walk,2026-09-14,273.5862868944747,12.332627535900711,0.8688524590163934,47.06129143084708,58.549136464652506,8.829012129868788,0.5,61
all_history,NDX,25,random_walk,2026-09-15,38.90113949879349,4.748665756486431,1.0,42.987496473866,42.987496473866,4.7997584284188095,0.5,11
all_history,NDX,25,random_walk,2026-09-16,750.1859120313096,18.117835035626438,0.7333333333333333,44.26263800690007,100.17097141964095,13.789932693832323,0.5,60
all_history,NDX,25,random_walk,2026-09-18,65.16231268471999,6.390824764781428,0.9166666666666666,32.29048873020355,38.17918871599409,4.98599558492324,0.5,60
all_history,NDX,25,random_walk,2026-09-21,184.81177689741722,13.594549529036158,1.0,47.2787722883507,47.2787722883507,8.136216178389873,0.5,1
all_history,NDX,25,random_walk,2026-09-22,60.68590558919644,6.526646383300223,0.9649122807017544,36.31148512783621,36.628296859373606,5.059240063652142,0.5,57
all_history,NDX,25,random_walk,2026-09-23,99.47196590473037,7.506629705374103,0.9333333333333333,41.20478215629383,43.3582720226215,5.993887104936055,0.5,45
all_history,NDX,25,random_walk,2026-09-24,464.2556522362427,16.34755625895756,0.8524590163934426,58.07097131339196,81.47902549261846,11.972226450147023,0.5,61
all_history,NDX,25,random_walk,2026-09-25,223.17448094544642,10.018168330749832,0.9180327868852459,54.14511436190634,63.230919526551176,8.259878537907781,0.5,61
all_history,NDX,25,random_walk,2026-09-28,297.0219325835385,12.765026085827756,0.9298245614035088,59.01557929644811,69.54706884672171,9.806589293526539,0.5,57
all_history,NDX,25,random_walk,2026-09-29,148.8832520378088,9.630209244906732,0.9016393442622951,42.54900066378193,49.17579375643328,7.042477415135244,0.5,61
all_history,NDX,30,garch_gex,2026-07-21,117.28261720272408,8.369427418410464,0.9180327868852459,38.12229164077345,39.60814497049942,6.038263591517197,0.5,61
all_history,NDX,30,garch_gex,2026-07-22,97.69978205662227,7.797834944893284,0.9523809523809523,41.90638372580814,42.49534399049764,6.034543382423234,0.5,21
all_history,NDX,30,garch_gex,2026-07-23,723.3553831169404,21.797644497900887,0.8852459016393442,75.88295856483911,83.90050357306419,14.75413785765645,0.5,61
all_history,NDX,30,garch_gex,2026-07-24,878.4937831106489,24.381707476806863,0.7954545454545454,81.09090208972518,104.10135593020077,16.964548091925874,0.5,44
all_history,NDX,30,garch_gex,2026-07-30,599.8173395014886,23.502155816631177,1.0,81.73546473164426,81.73546473164426,14.768595017957056,0.5,12
all_history,NDX,30,garch_gex,2026-07-31,744.2942764806531,23.59238853220886,0.85,75.56847634646225,85.72474854724962,15.597740103207604,0.5,40
all_history,NDX,30,garch_gex,2026-08-03,220.92208990576756,12.995993601304637,0.5882352941176471,33.50965422075309,59.72506902612645,9.178447805222842,0.5,17
all_history,NDX,30,garch_gex,2026-08-11,74.7375128303423,7.965210691693106,1.0,43.01865787272562,43.01865787272562,5.594082135019742,0.5,14
all_history,NDX,30,garch_gex,2026-08-12,97.5623972407671,8.720069894908868,0.967741935483871,37.522020007947106,39.50857665081823,5.977727416855112,0.5,31
all_history,NDX,30,garch_gex,2026-08-13,269.5001247289792,13.33832134226092,0.75,39.44174650860972,64.6222066460343,9.658546768447344,0.5,24
all_history,NDX,30,garch_gex,2026-08-14,3.338042513434316,1.7869089538980916,1.0,43.453461235807936,43.453461235807936,4.039071954562003,0.5,4
all_history,NDX,30,garch_gex,2026-09-01,433.9113020388054,16.236053257913834,0.7111111111111111,50.81339055410466,78.70304152065549,12.03496084793895,0.5,45
all_history,NDX,30,garch_gex,2026-09-04,105.43341217378247,8.545065458723002,1.0,44.41662885246614,44.41662885246614,6.349486788587687,0.5,16
all_history,NDX,30,garch_gex,2026-09-08,159.07613581330094,10.202857375587415,0.8918918918918919,40.24244258965916,47.09322363390206,7.3180681649278485,0.5,37
all_history,NDX,30,garch_gex,2026-09-09,716.8672668861323,21.377402566401482,0.7333333333333333,67.87617868661154,109.01501306455957,15.849338573830357,0.5,15
all_history,NDX,30,garch_gex,2026-09-10,125.60312610917451,9.634308856452307,0.9782608695652174,51.85897915563952,51.93042392389632,7.293089978809264,0.5,46
all_history,NDX,30,garch_gex,2026-09-11,212.0379034954692,10.46730808144639,0.8529411764705882,40.79227448439209,51.12605083942647,7.646879016103616,0.5,34
all_history,NDX,30,garch_gex,2026-09-14,360.5659610148169,14.285734961864721,0.8688524590163934,48.90421117201275,64.80088386454298,10.048759096573791,0.5,61
all_history,NDX,30,garch_gex,2026-09-15,42.47577959235542,5.518490011347405,1.0,42.993859432242076,42.993859432242076,4.9042977186790715,0.5,11
all_history,NDX,30,garch_gex,2026-09-16,966.049928715836,20.153204713331554,0.7333333333333333,45.88801843430097,102.86800089521127,15.029680676330418,0.5,60
all_history,NDX,30,garch_gex,2026-09-18,94.12479760173295,7.603677974116241,0.8833333333333333,31.528284227042892,41.122676244012716,5.64855303158467,0.5,60
all_history,NDX,30,garch_gex,2026-09-21,154.06345326155105,12.412229987457977,1.0,36.467415060615394,36.467415060615394,7.390384191447975,0.5,1
all_history,NDX,30,garch_gex,2026-09-22,75.24660609947972,7.160590590886913,0.8771929824561403,32.90697365633613,36.52580794252884,5.334685696907411,0.5,57
all_history,NDX,30,garch_gex,2026-09-23,128.65667930556398,8.390833648893427,0.8888888888888888,41.89454792804597,49.24371444110405,6.679787568913457,0.5,45
all_history,NDX,30,garch_gex,2026-09-24,596.4517502668834,18.106665376094544,0.8032786885245902,58.64352633377177,93.94380152714378,13.374379626191816,0.5,61
all_history,NDX,30,garch_gex,2026-09-25,234.7264735726313,10.819947993467022,0.9344262295081968,49.257368967894365,55.575380852992865,8.103975177980516,0.5,61
all_history,NDX,30,garch_gex,2026-09-28,331.7269707880744,13.709848245972942,0.9122807017543859,60.00498703188086,71.1413424411048,10.28655260336737,0.5,57
all_history,NDX,30,garch_gex,2026-09-29,179.2093780648219,10.344401628431696,0.9344262295081968,42.83910583912084,52.0364452187963,7.627847315926103,0.5,61
all_history,NDX,30,garch_price,2026-07-21,117.28261720272408,8.369427418410464,0.9344262295081968,40.97483425583528,42.04583151447906,6.15923849915246,0.5,61
all_history,NDX,30,garch_price,2026-07-22,97.69978205662227,7.797834944893284,0.9047619047619048,38.704662579558565,41.46805221127907,5.943844970123282,0.5,21
all_history,NDX,30,garch_price,2026-07-23,723.3553831169404,21.797644497900887,0.8524590163934426,69.80257466839288,80.86007467883181,14.622120464297259,0.5,61
all_history,NDX,30,garch_price,2026-07-24,878.4937831106489,24.381707476806863,0.8181818181818182,86.54345853316056,106.44457323048663,17.064182984606312,0.5,44
all_history,NDX,30,garch_price,2026-07-30,599.8173395014886,23.502155816631177,1.0,90.31512197845025,90.31512197845025,14.867970556741087,0.5,12
all_history,NDX,30,garch_price,2026-07-31,744.2942764806531,23.59238853220886,0.9,83.95989777426678,89.55329234026713,15.638400408980875,0.5,40
all_history,NDX,30,garch_price,2026-08-03,220.92208990576756,12.995993601304637,0.6470588235294118,37.97480739705551,56.384073586240504,9.06344696123601,0.5,17
all_history,NDX,30,garch_price,2026-08-11,74.7375128303423,7.965210691693106,1.0,44.035594081332135,44.035594081332135,5.637682815680025,0.5,14
all_history,NDX,30,garch_price,2026-08-12,97.5623972407671,8.720069894908868,0.967741935483871,42.064477040420556,43.55160997309145,6.150512018033652,0.5,31
all_history,NDX,30,garch_price,2026-08-13,269.5001247289792,13.33832134226092,0.75,44.66179963970245,63.60898702780247,9.636684427575412,0.5,24
all_history,NDX,30,garch_price,2026-08-14,3.338042513434316,1.7869089538980916,1.0,45.51755443727611,45.51755443727611,4.223699042968686,0.5,4
all_history,NDX,30,garch_price,2026-09-01,433.9113020388054,16.236053257913834,0.6444444444444445,42.60930908622605,83.93046175551541,12.228302161491992,0.5,45
all_history,NDX,30,garch_price,2026-09-04,105.43341217378247,8.545065458723002,1.0,47.49608735198686,47.49608735198686,6.4978875895372905,0.5,16
all_history,NDX,30,garch_price,2026-09-08,159.07613581330094,10.202857375587415,0.918918918918919,43.70463206564278,48.9416741014787,7.415698127497727,0.5,37
all_history,NDX,30,garch_price,2026-09-09,716.8672668861323,21.377402566401482,0.8,73.14166127091035,109.58065463753049,15.861877520956682,0.5,15
all_history,NDX,30,garch_price,2026-09-10,125.60312610917451,9.634308856452307,0.8695652173913043,44.01010439511892,47.9103303032786,7.197875836595424,0.5,46
all_history,NDX,30,garch_price,2026-09-11,212.0379034954692,10.46730808144639,0.9117647058823529,44.24702505990987,51.71246879428138,7.716606783836927,0.5,34
all_history,NDX,30,garch_price,2026-09-14,360.5659610148169,14.285734961864721,0.8032786885245902,45.113418108086144,64.77859194269325,10.068339813183675,0.5,61
all_history,NDX,30,garch_price,2026-09-15,42.47577959235542,5.518490011347405,1.0,33.97493456630096,33.97493456630096,4.307898049599045,0.5,11
all_history,NDX,30,garch_price,2026-09-16,966.049928715836,20.153204713331554,0.7666666666666667,47.895013388044966,102.28167994436214,14.954710321492154,0.5,60
all_history,NDX,30,garch_price,2026-09-18,94.12479760173295,7.603677974116241,0.8666666666666667,30.596756391174175,41.60361305232227,5.666078887303944,0.5,60
all_history,NDX,30,garch_price,2026-09-21,154.06345326155105,12.412229987457977,1.0,40.21668522512367,40.21668522512367,7.391794075636861,0.5,1
all_history,NDX,30,garch_price,2026-09-22,75.24660609947972,7.160590590886913,0.8947368421052632,36.29778111058474,38.029333526602514,5.439975052525039,0.5,57
all_history,NDX,30,garch_price,2026-09-23,128.65667930556398,8.390833648893427,0.8888888888888888,40.96869580119526,49.07174178736814,6.661313034590039,0.5,45
all_history,NDX,30,garch_price,2026-09-24,596.4517502668834,18.106665376094544,0.8032786885245902,60.45459371484871,95.405967155588,13.43560057457,0.5,61
all_history,NDX,30,garch_price,2026-09-25,234.7264735726313,10.819947993467022,0.9344262295081968,52.32407500102968,57.74649343137502,8.231570027856295,0.5,61
all_history,NDX,30,garch_price,2026-09-28,331.7269707880744,13.709848245972942,0.9122807017543859,59.106614684481684,70.79774135184222,10.297438764953537,0.5,57
all_history,NDX,30,garch_price,2026-09-29,179.2093780648219,10.344401628431696,0.9344262295081968,43.858332107353085,52.94090882854954,7.6699639633240855,0.5,61
all_history,NDX,30,kalman_gex,2026-07-21,102.05853616293864,7.898171704239832,1.0,69.18829321338103,69.18829321338103,7.73280845073339,0.6065573770491803,61
all_history,NDX,30,kalman_gex,2026-07-22,111.71137779226629,8.530026382477558,1.0,73.84930437222718,73.84930437222718,8.270195777365393,0.5238095238095238,21
all_history,NDX,30,kalman_gex,2026-07-23,1023.3647322530928,24.621698570939607,0.7540983606557377,69.18829321338103,114.93641977103321,17.72269787956125,0.4426229508196721,61
all_history,NDX,30,kalman_gex,2026-07-24,982.4399181109652,24.84289808370511,0.6590909090909091,70.42249270779152,111.9506481853832,17.888632979611245,0.4772727272727273,44
all_history,NDX,30,kalman_gex,2026-07-30,2467.297408061005,45.509121429732744,0.16666666666666666,76.72631812557906,205.16528798004586,32.74138720346065,0.16666666666666666,12
all_history,NDX,30,kalman_gex,2026-07-31,1165.8370964931164,29.82799972761248,0.55,70.81962037051366,113.2470921324403,20.227477905130108,0.3,40
all_history,NDX,30,kalman_gex,2026-08-03,152.87980147689746,10.284094412559552,1.0,74.92877576857198,74.92877576857198,8.870373598358992,0.6470588235294118,17
all_history,NDX,30,kalman_gex,2026-08-11,48.46219875452101,5.447610259204075,1.0,77.29342590074643,77.29342590074643,7.661589129282135,0.9285714285714286,14
all_history,NDX,30,kalman_gex,2026-08-12,135.14638113922305,9.97381605392682,1.0,73.40251650761633,73.40251650761633,8.56915735289581,0.5161290322580645,31
all_history,NDX,30,kalman_gex,2026-08-13,361.74218268947106,15.695436325690883,0.9583333333333334,74.59052593610377,75.80595540029032,11.397185980141087,0.16666666666666666,24
all_history,NDX,30,kalman_gex,2026-08-14,17.581200340970398,3.032491919383636,1.0,83.06606321605835,83.06606321605835,7.796359536243857,0.75,4
all_history,NDX,30,kalman_gex,2026-09-01,663.9791033185277,20.053683413016753,0.8444444444444444,71.86252664575241,94.5204001481179,14.446878963603666,0.3333333333333333,45
all_history,NDX,30,kalman_gex,2026-09-04,278.0958610094831,14.4826057292931,1.0,78.86917134199011,78.86917134199011,10.741720028450384,0.75,16
all_history,NDX,30,kalman_gex,2026-09-08,214.45727598258497,12.668445260433671,1.0,75.59069270804098,75.59069270804098,9.596958773623374,0.5135135135135135,37
all_history,NDX,30,kalman_gex,2026-09-09,642.6764193340342,20.517235812677306,0.8666666666666667,72.55645708506904,82.41551221701916,14.548933264124535,0.7333333333333333,15
all_history,NDX,30,kalman_gex,2026-09-10,382.0000172661279,17.614055151258803,0.9565217391304348,67.97456190221622,68.70315716773398,11.473060382480956,0.34782608695652173,46
all_history,NDX,30,kalman_gex,2026-09-11,355.82250343336483,12.008474333518294,0.8529411764705882,71.9696719722779,79.88193708940804,10.920262629409345,0.6764705882352942,34
all_history,NDX,30,kalman_gex,2026-09-14,456.437920225274,16.80423245098979,0.9016393442622951,67.15700063863828,80.67145239961118,11.997131848410705,0.45901639344262296,61
all_history,NDX,30,kalman_gex,2026-09-15,90.30276075903384,8.065679425484296,1.0,74.00257422620376,74.00257422620376,7.949309120220341,0.18181818181818182,11
all_history,NDX,30,kalman_gex,2026-09-16,918.8771125072603,20.413035634816172,0.7833333333333333,67.20037941389742,118.45019828322091,15.872166451292438,0.4,60
all_history,NDX,30,kalman_gex,2026-09-18,143.77485564754897,9.631745324817466,0.9833333333333333,67.20037941389742,68.62070278827996,8.217198094116453,0.25,60
all_history,NDX,30,kalman_gex,2026-09-21,79.88422326956223,8.937797450690088,1.0,78.29654113015397,78.29654113015397,8.174696397386006,1.0,1
all_history,NDX,30,kalman_gex,2026-09-22,125.48355132449886,9.415066174592145,1.0,65.78993783594832,65.78993783594832,7.899753035443911,0.3157894736842105,57
all_history,NDX,30,kalman_gex,2026-09-23,167.78355278029673,9.043086345918072,0.9555555555555556,66.34212220031246,68.29718946925307,8.437776205496293,0.6,45
all_history,NDX,30,kalman_gex,2026-09-24,629.8825095581049,18.75857448257901,0.819672131147541,65.65080715763429,90.68099226603744,13.811020569947944,0.5409836065573771,61
all_history,NDX,30,kalman_gex,2026-09-25,457.3956427369584,14.014287223735181,0.8852459016393442,65.65080715763429,85.46384973285514,11.439331737544075,0.4262295081967213,61
all_history,NDX,30,kalman_gex,2026-09-28,686.5833053580569,18.51267838491948,0.8596491228070176,65.78993783594832,94.91260254976196,13.960984489872871,0.38596491228070173,57
all_history,NDX,30,kalman_gex,2026-09-29,220.60864909198523,10.959885809962195,0.9672131147540983,65.65080715763429,69.58250650691619,8.991884922316709,0.4918032786885246,61
all_history,NDX,30,kalman_price,2026-07-21,149.43743769427223,10.122048869048253,1.0,69.95430587253763,69.95430587253763,8.437739186884535,0.6557377049180327,61
all_history,NDX,30,kalman_price,2026-07-22,149.112738915231,10.09661314510446,1.0,74.83772125332686,74.83772125332686,8.805220104501478,0.6666666666666666,21
all_history,NDX,30,kalman_price,2026-07-23,966.2798928472123,23.890120008549903,0.7704918032786885,69.95430587253763,112.70206785636803,17.123518278858693,0.5901639344262295,61
all_history,NDX,30,kalman_price,2026-07-24,1165.865659439368,26.656709964808293,0.6136363636363636,71.27090360960229,127.00880639328143,19.59619459599563,0.4318181818181818,44
all_history,NDX,30,kalman_price,2026-07-30,2519.757152329536,45.23749811155154,0.16666666666666666,77.78625305957347,204.7126895025804,32.889145191262976,0.16666666666666666,12
all_history,NDX,30,kalman_price,2026-07-31,1154.7695593002925,29.054973987886065,0.675,71.68955797344039,112.84594624529093,19.7440049379789,0.425,40
all_history,NDX,30,kalman_price,2026-08-03,141.96215397265803,9.890948631814286,1.0,75.94716447725175,75.94716447725175,8.790115282980716,0.8235294117647058,17
all_history,NDX,30,kalman_price,2026-08-11,125.34420762715786,10.284086390905115,1.0,78.21475197141562,78.21475197141562,8.719394702806335,0.9285714285714286,14
all_history,NDX,30,kalman_price,2026-08-12,133.4625120558137,9.678840015526369,1.0,74.13553916259539,74.13553916259539,8.570480364595166,0.3870967741935484,31
all_history,NDX,30,kalman_price,2026-08-13,493.05731517500953,18.49124947650836,0.9583333333333334,75.39521255810301,78.59059613068369,12.890014297116599,0.16666666666666666,24
all_history,NDX,30,kalman_price,2026-08-14,14.994510625618751,2.8079153084222974,1.0,84.13154383573763,84.13154383573763,7.858257914501541,0.75,4
all_history,NDX,30,kalman_price,2026-09-01,632.3275838739085,18.839144198005403,0.8444444444444444,72.47015204350673,95.03374042667733,13.989411211572042,0.5555555555555556,45
all_history,NDX,30,kalman_price,2026-09-04,310.9207335570181,15.50467199472053,1.0,79.8311309905474,79.8311309905474,11.187418268232289,0.75,16
all_history,NDX,30,kalman_price,2026-09-08,202.2449724602899,12.612554343011444,1.0,76.43444642744494,76.43444642744494,9.516737681957956,0.43243243243243246,37
all_history,NDX,30,kalman_price,2026-09-09,870.9458317425303,24.777047752257268,0.7333333333333333,73.32195252946465,98.21923362549302,17.056943982962995,0.7333333333333333,15
all_history,NDX,30,kalman_price,2026-09-10,381.572449174824,17.269202028880898,0.9565217391304348,68.377199071298,69.88391463534683,11.388146008947938,0.34782608695652173,46
all_history,NDX,30,kalman_price,2026-09-11,393.0131187515886,13.423815737718897,0.8529411764705882,72.70507116073503,81.31841672469852,11.399751935754498,0.47058823529411764,34
all_history,NDX,30,kalman_price,2026-09-14,420.37323377140643,16.212830514210992,0.9344262295081968,67.43856807312827,75.38815766797666,11.609718554940756,0.45901639344262296,61
all_history,NDX,30,kalman_price,2026-09-15,68.85826549783577,6.8591891095819655,1.0,74.8303624204615,74.8303624204615,7.731093328992282,0.36363636363636365,11
all_history,NDX,30,kalman_price,2026-09-16,1051.7455643591434,22.395169503124027,0.7833333333333333,67.48913652432036,129.9383367349777,17.283573572783112,0.36666666666666664,60
all_history,NDX,30,kalman_price,2026-09-18,93.67642927029446,7.710864128163056,1.0,67.48913652432036,67.48913652432036,7.527958383381463,0.5833333333333334,60
all_history,NDX,30,kalman_price,2026-09-21,15.278995489128093,3.9088355669083974,1.0,79.20153254836917,79.20153254836917,7.418321483270531,1.0,1
all_history,NDX,30,kalman_price,2026-09-22,85.63545668071852,7.537928575406427,1.0,65.31245075104823,65.31245075104823,7.265638161082331,0.543859649122807,57
all_history,NDX,30,kalman_price,2026-09-23,176.6744439555857,9.462594762110522,0.9555555555555556,66.04914378346628,68.31327736698523,8.543079956140796,0.4888888888888889,45
all_history,NDX,30,kalman_price,2026-09-24,736.1382507386705,20.207825178176662,0.8032786885245902,65.12125723626382,97.28151103978031,14.947377441139695,0.47540983606557374,61
all_history,NDX,30,kalman_price,2026-09-25,491.8002346609482,14.41302826164158,0.8688524590163934,65.12125723626382,87.80871777631604,11.692472982646217,0.39344262295081966,61
all_history,NDX,30,kalman_price,2026-09-28,766.0471926281198,19.550390488440513,0.8070175438596491,65.31245075104823,100.09854867343095,14.664748440916565,0.38596491228070173,57
all_history,NDX,30,kalman_price,2026-09-29,274.4364352112083,12.688919933483916,0.9508196721311475,65.12125723626382,70.44713357911685,9.624307567618821,0.3442622950819672,61
all_history,NDX,30,markov_gex,2026-07-21,132.6629397280959,8.941195143633609,0.9672131147540983,41.437588602013065,41.84261540348258,6.376782198054169,0.3442622950819672,61
all_history,NDX,30,markov_gex,2026-07-22,88.64376741907901,7.4936178760077,0.8095238095238095,32.54602578837306,36.120561642376536,5.5077648690252925,0.6666666666666666,21
all_history,NDX,30,markov_gex,2026-07-23,716.9239065493203,21.610278758356213,0.8032786885245902,70.36082145490337,90.36196404382648,14.941395522099508,0.5901639344262295,61
all_history,NDX,30,markov_gex,2026-07-24,883.9113364061766,24.579918704094133,0.8409090909090909,73.82739566808958,104.77019254969846,17.024152572680848,0.4772727272727273,44
all_history,NDX,30,markov_gex,2026-07-30,659.444863480499,24.449881610687346,0.9166666666666666,73.8759148339855,74.2708532295011,15.17964705222304,0.16666666666666666,12
all_history,NDX,30,markov_gex,2026-07-31,771.2783966131238,24.328922191150273,0.9,74.40918577671567,88.32416752969345,16.082519537507498,0.3,40
all_history,NDX,30,markov_gex,2026-08-03,268.5701237937814,14.272705942668008,0.5294117647058824,32.596138240870964,67.95790441414472,10.39923702223696,0.17647058823529413,17
all_history,NDX,30,markov_gex,2026-08-11,62.01013070934823,7.220417263550937,1.0,39.497745690787134,39.497745690787134,5.085040652604438,0.9285714285714286,14
all_history,NDX,30,markov_gex,2026-08-12,98.74976387275417,8.747135405076977,0.967741935483871,46.87904512934295,48.955415799590064,6.638272645505698,0.5161290322580645,31
all_history,NDX,30,markov_gex,2026-08-13,264.304614608988,13.281993831047759,0.7083333333333334,35.90679459109517,64.8283610125414,9.588688852684484,0.5416666666666666,24
all_history,NDX,30,markov_gex,2026-08-14,2.209464709104776,1.4351107219872794,1.0,36.30769375039272,36.30769375039272,3.376505111074491,0.75,4
all_history,NDX,30,markov_gex,2026-09-01,420.09939414006357,15.799902459418854,0.6,43.867432853436014,82.86493392847396,12.039197169364726,0.7333333333333333,45
all_history,NDX,30,markov_gex,2026-09-04,96.7138486588346,8.192397786831004,1.0,50.05996944532086,50.05996944532086,6.7079309299926635,0.75,16
all_history,NDX,30,markov_gex,2026-09-08,161.35932246174718,10.017517769942238,0.8378378378378378,40.31655834804049,49.11698359411048,7.360870573634177,0.6216216216216216,37
all_history,NDX,30,markov_gex,2026-09-09,686.0710464641508,20.91966145788861,0.8,73.02035549180592,97.39737762394019,15.082711838607882,0.7333333333333333,15
all_history,NDX,30,markov_gex,2026-09-10,118.22772607772464,9.182589402501728,0.8695652173913043,40.66116686416728,46.32964438295852,6.890475466162411,0.6521739130434783,46
all_history,NDX,30,markov_gex,2026-09-11,217.6266314271385,10.13572236089916,0.9117647058823529,49.5847266328512,56.09333841326184,7.911877619861961,0.6764705882352942,34
all_history,NDX,30,markov_gex,2026-09-14,381.9557556808138,14.509902949674103,0.9016393442622951,53.493339085142054,64.70095405876627,10.15248769539072,0.4262295081967213,61
all_history,NDX,30,markov_gex,2026-09-15,30.10629900571015,4.365404665257522,1.0,31.62278323785714,31.62278323785714,3.8249097336788864,0.9090909090909091,11
all_history,NDX,30,markov_gex,2026-09-16,951.9573553367987,19.854488319026082,0.7,41.14017751765966,107.98147899352641,15.093891986214699,0.65,60
all_history,NDX,30,markov_gex,2026-09-18,104.90378933828248,8.013448176676311,0.8666666666666667,31.63475436678974,38.490050601954614,5.780189756771691,0.3333333333333333,60
all_history,NDX,30,markov_gex,2026-09-21,200.87219998876324,14.172939003211834,1.0,34.20758298126967,34.20758298126967,8.61684958793117,0.0,1
all_history,NDX,30,markov_gex,2026-09-22,91.93821669919778,7.930860226595177,0.8771929824561403,36.085609367395975,38.738483600502356,5.851387284554307,0.3157894736842105,57
all_history,NDX,30,markov_gex,2026-09-23,129.9957180924954,8.267100881878248,0.8888888888888888,39.368358254496435,48.91981828984386,6.759897703078048,0.5555555555555556,45
all_history,NDX,30,markov_gex,2026-09-24,609.7856817243166,18.31149539163014,0.7704918032786885,61.15643428076909,91.18598327651435,13.54468205272853,0.4262295081967213,61
all_history,NDX,30,markov_gex,2026-09-25,244.5724708277857,10.936168266812292,0.9508196721311475,54.11240746027697,58.963926313627546,8.32699597352318,0.45901639344262296,61
all_history,NDX,30,markov_gex,2026-09-28,337.2907509605274,13.813011771499381,0.8947368421052632,54.45955854911557,63.690547323619725,9.94730937916043,0.45614035087719296,57
all_history,NDX,30,markov_gex,2026-09-29,173.4785439649151,10.171639812161683,0.9180327868852459,46.44920677459923,56.10332869498435,7.875335579257966,0.5409836065573771,61
all_history,NDX,30,markov_price,2026-07-21,128.7750141370931,8.800335859349493,0.9672131147540983,41.4056082523721,41.68375081788675,6.298059957315722,0.3442622950819672,61
all_history,NDX,30,markov_price,2026-07-22,88.23600860185596,7.481732753861424,0.8095238095238095,32.56338119878724,36.032125344150394,5.498796594675776,0.6666666666666666,21
all_history,NDX,30,markov_price,2026-07-23,714.1905074565703,21.530027247153157,0.8032786885245902,70.27961997420314,90.30844624101633,14.899764087791393,0.5901639344262295,61
all_history,NDX,30,markov_price,2026-07-24,888.3443246514197,24.64281142388529,0.8409090909090909,73.81348909562861,104.94279663524846,17.064535525682846,0.45454545454545453,44
all_history,NDX,30,markov_price,2026-07-30,644.0303330903171,24.190757917314908,0.9166666666666666,73.83691804763473,73.92394997046053,14.995729457081593,0.25,12
all_history,NDX,30,markov_price,2026-07-31,768.6813284946224,24.256372963716732,0.9,74.38566656224995,88.4005479211998,16.049036715819568,0.3,40
all_history,NDX,30,markov_price,2026-08-03,253.25567468103873,13.892366163580071,0.5882352941176471,32.47286774016988,65.43680255877246,10.028830062035391,0.17647058823529413,17
all_history,NDX,30,markov_price,2026-08-11,61.40502244495834,7.188374413024293,1.0,39.47336623093921,39.47336623093921,5.070137509647693,0.9285714285714286,14
all_history,NDX,30,markov_price,2026-08-12,99.515705883482,8.789336702016048,0.967741935483871,46.815327941189,48.9738063424015,6.67511439006473,0.5161290322580645,31
all_history,NDX,30,markov_price,2026-08-13,261.86586807462675,13.246707008376873,0.7083333333333334,35.848482854143825,64.41561330629276,9.54979372910027,0.5416666666666666,24
all_history,NDX,30,markov_price,2026-08-14,2.166246089264976,1.3988184933634997,1.0,36.29875828060237,36.29875828060237,3.375160268373105,0.75,4
all_history,NDX,30,markov_price,2026-09-01,421.74213876021633,15.857164688328915,0.5777777777777777,43.815048018336206,83.26946962758606,12.083764480578182,0.7333333333333333,45
all_history,NDX,30,markov_price,2026-09-04,95.5548234198751,8.131479066714494,1.0,49.96685427331071,49.96685427331071,6.683347446785163,0.75,16
all_history,NDX,30,markov_price,2026-09-08,161.72967213758596,9.989409538416533,0.8378378378378378,40.33294319165294,49.176782940024296,7.353457551157463,0.5945945945945946,37
all_history,NDX,30,markov_price,2026-09-09,683.8425334475706,20.88336418621665,0.8,73.03829465915308,97.2305288469612,15.058156291594052,0.8,15
all_history,NDX,30,markov_price,2026-09-10,118.68826975219338,9.223663456324132,0.8695652173913043,40.656922663272574,46.25244452509494,6.908472389102295,0.6521739130434783,46
all_history,NDX,30,markov_price,2026-09-11,217.69474697427862,10.075066389290251,0.9117647058823529,49.60425909915645,56.16596794933662,7.903919118995458,0.6764705882352942,34
all_history,NDX,30,markov_price,2026-09-14,380.7756439311623,14.500717163301424,0.9016393442622951,53.501076017226076,64.66977296399432,10.145240070902105,0.4262295081967213,61
all_history,NDX,30,markov_price,2026-09-15,31.05665901889756,4.471144716449458,1.0,31.607562986782703,31.607562986782703,3.8527217965035447,0.9090909090909091,11
all_history,NDX,30,markov_price,2026-09-16,949.6438110009406,19.81682787069577,0.7,41.09979587593457,107.94863154483087,15.077724219382304,0.65,60
all_history,NDX,30,markov_price,2026-09-18,105.94286926528899,8.05516849508182,0.8666666666666667,31.615688396066208,38.62643237011057,5.8047629746775975,0.3333333333333333,60
all_history,NDX,30,markov_price,2026-09-21,179.917581801795,13.41333596842318,1.0,34.11192489827731,34.11192489827731,8.089332096124197,0.0,1
all_history,NDX,30,markov_price,2026-09-22,84.74372394373707,7.596056744873708,0.8947368421052632,36.094982131803135,37.96920339728681,5.66310777089965,0.3157894736842105,57
all_history,NDX,30,markov_price,2026-09-23,130.16868774756736,8.274063433567962,0.8888888888888888,39.49294642985252,48.999346603096676,6.769350140076123,0.5555555555555556,45
all_history,NDX,30,markov_price,2026-09-24,611.5929286980612,18.31754705374564,0.7704918032786885,61.13740206651535,91.36678600120752,13.561696110258382,0.4262295081967213,61
all_history,NDX,30,markov_price,2026-09-25,242.721834363259,10.90389352667672,0.9508196721311475,54.09199457744886,58.85672773167512,8.308383081196457,0.45901639344262296,61
all_history,NDX,30,markov_price,2026-09-28,341.36015527669025,13.903259747559835,0.8947368421052632,54.43884471377515,63.88544388112159,9.977736598441282,0.42105263157894735,57
all_history,NDX,30,markov_price,2026-09-29,175.42484976155978,10.242124074471615,0.9180327868852459,46.51434844778476,56.285139148527065,7.911997312623002,0.5409836065573771,61
all_history,NDX,30,momentum,2026-07-21,229.26549873936412,11.437887449927336,0.9016393442622951,48.02497538635268,54.01499050767751,8.28327614442461,0.5409836065573771,61
all_history,NDX,30,momentum,2026-07-22,197.2277528071652,11.29813426601369,0.9523809523809523,48.55594279174615,56.09945888362689,8.190040794006599,0.6666666666666666,21
all_history,NDX,30,momentum,2026-07-23,1062.901610052252,26.144912093931808,0.7540983606557377,74.35437521842428,111.71359363309944,18.26890244269465,0.5081967213114754,61
all_history,NDX,30,momentum,2026-07-24,1329.801884895141,29.189409471573466,0.7954545454545454,92.92377706891658,127.78749309735136,20.24916436665694,0.5681818181818182,44
all_history,NDX,30,momentum,2026-07-30,1123.187533293715,29.261641644729224,0.8333333333333334,85.94441229756733,101.62829585095282,19.52575758591443,0.3333333333333333,12
all_history,NDX,30,momentum,2026-07-31,1392.727277303243,27.113321096824244,0.75,89.6284829153936,133.78617130185756,20.326903360241385,0.675,40
all_history,NDX,30,momentum,2026-08-03,247.53465343027747,13.402165369001894,0.7647058823529411,49.18285926584093,57.11587517788971,9.221676984905471,0.5294117647058824,17
all_history,NDX,30,momentum,2026-08-11,63.263574719554015,6.5286939352465,1.0,54.80205051828432,54.80205051828432,6.144763378102039,0.8571428571428571,14
all_history,NDX,30,momentum,2026-08-12,200.74656961655518,12.176035122258106,0.9354838709677419,50.937866250937326,51.42902264623782,8.326458110265364,0.5483870967741935,31
all_history,NDX,30,momentum,2026-08-13,641.3687906382413,21.383411399647766,0.7083333333333334,51.4496560411051,91.7315776673858,14.859029071403599,0.4166666666666667,24
all_history,NDX,30,momentum,2026-08-14,68.70670540187581,7.9137454607888635,1.0,56.81664418851347,56.81664418851347,6.396201028426306,0.5,4
all_history,NDX,30,momentum,2026-09-01,671.0224657835289,20.789934275369102,0.6666666666666666,48.73294161708203,91.87645922170375,14.729708421890072,0.4666666666666667,45
all_history,NDX,30,momentum,2026-09-04,126.66675015422294,9.300404802905776,1.0,56.61287638504522,56.61287638504522,7.3323136242223566,0.6875,16
all_history,NDX,30,momentum,2026-09-08,165.93665346666293,9.590410244562129,0.8918918918918919,53.06867672554823,55.96436276035472,7.728155051588804,0.7027027027027027,37
all_history,NDX,30,momentum,2026-09-09,1469.6334207256652,33.509974492506984,0.5333333333333333,71.31537740535906,146.93674244995827,23.224171142504588,0.3333333333333333,15
all_history,NDX,30,momentum,2026-09-10,222.47199808999886,11.980453771754934,0.8913043478260869,53.141543194087944,57.82492640569461,8.890464101895164,0.4782608695652174,46
all_history,NDX,30,momentum,2026-09-11,498.4773745561813,15.786032737454377,0.7941176470588235,53.355166742160215,75.66232931370371,11.63025757439622,0.5294117647058824,34
all_history,NDX,30,momentum,2026-09-14,548.214590536923,17.707559179436508,0.8032786885245902,51.55306180399904,76.44580220842296,12.489765755825234,0.5901639344262295,61
all_history,NDX,30,momentum,2026-09-15,101.45658515258438,8.7890034179657,1.0,47.09044301882039,47.09044301882039,6.344795943157814,0.6363636363636364,11
all_history,NDX,30,momentum,2026-09-16,1410.5375276345526,24.518263676667207,0.65,48.487290582129354,139.08588401633546,19.017888051970427,0.55,60
all_history,NDX,30,momentum,2026-09-18,143.13863376325108,9.352145914270876,0.8166666666666667,35.37245814079766,47.20227041857912,6.9124595471502674,0.6,60
all_history,NDX,30,momentum,2026-09-21,107.91028050660955,10.387987317407042,1.0,51.79130014695964,51.79130014695964,6.806945462221855,1.0,1
all_history,NDX,30,momentum,2026-09-22,164.87138004061296,10.094018501201873,0.8421052631578947,39.77723900205851,44.89054143074523,7.314929694118525,0.49122807017543857,57
all_history,NDX,30,momentum,2026-09-23,237.9590140711988,12.508800185717961,0.8222222222222222,45.13757732817698,55.81915424886498,8.762798021583494,0.4888888888888889,45
all_history,NDX,30,momentum,2026-09-24,832.9103727905052,21.932931570120864,0.8032786885245902,63.613561849160355,101.80041489342365,15.91885865005811,0.5901639344262295,61
all_history,NDX,30,momentum,2026-09-25,614.8196484151933,17.824560587340155,0.8688524590163934,59.313001029426076,88.03862716648624,12.891327141015218,0.3442622950819672,61
all_history,NDX,30,momentum,2026-09-28,1014.5043951047422,23.165001033293308,0.7368421052631579,64.64832804979898,111.47830423613858,17.079933927531723,0.38596491228070173,57
all_history,NDX,30,momentum,2026-09-29,351.96468866302405,15.113354144303955,0.7704918032786885,46.610094925711294,64.69856335949187,10.551930664754249,0.45901639344262296,61
all_history,NDX,30,ou_gex,2026-07-21,117.28261720272408,8.369427418410464,1.0,66.24766429371148,66.24766429371148,7.759055631084357,0.5,61
all_history,NDX,30,ou_gex,2026-07-22,97.69978205662227,7.797834944893284,1.0,66.24766429371148,66.24766429371148,7.502938706777317,0.5,21
all_history,NDX,30,ou_gex,2026-07-23,723.3553831169404,21.797644497900887,0.7704918032786885,66.24766429371148,94.05834833273252,15.215401997855464,0.5,61
all_history,NDX,30,ou_gex,2026-07-24,878.4937831106489,24.381707476806863,0.7727272727272727,66.24766429371148,102.11115944821152,16.99826390037921,0.5,44
all_history,NDX,30,ou_gex,2026-07-30,599.8173395014886,23.502155816631177,0.9166666666666666,66.24766429371148,68.74901516684659,14.520398659644352,0.5,12
all_history,NDX,30,ou_gex,2026-07-31,744.2942764806531,23.59238853220886,0.825,66.24766429371148,85.7742298263257,15.846250033942919,0.5,40
all_history,NDX,30,ou_gex,2026-08-03,220.92208990576756,12.995993601304637,1.0,66.24766429371148,66.24766429371148,9.285043061371578,0.5,17
all_history,NDX,30,ou_gex,2026-08-11,74.7375128303423,7.965210691693106,1.0,67.17518765201245,67.17518765201245,7.247706972067319,0.5,14
all_history,NDX,30,ou_gex,2026-08-12,97.5623972407671,8.720069894908868,1.0,67.17518765201245,67.17518765201245,7.579713858150217,0.5,31
all_history,NDX,30,ou_gex,2026-08-13,269.5001247289792,13.33832134226092,0.9583333333333334,67.17518765201245,69.04462116683692,9.918384750713587,0.5,24
all_history,NDX,30,ou_gex,2026-08-14,3.338042513434316,1.7869089538980916,1.0,67.17518765201245,67.17518765201245,6.175591380314499,0.5,4
all_history,NDX,30,ou_gex,2026-09-01,433.9113020388054,16.236053257913834,0.8444444444444444,67.17518765201245,74.74308063019967,11.989946163067968,0.5,45
all_history,NDX,30,ou_gex,2026-09-04,105.43341217378247,8.545065458723002,1.0,67.17518765201245,67.17518765201245,7.683784163355948,0.5,16
all_history,NDX,30,ou_gex,2026-09-08,159.07613581330094,10.202857375587415,1.0,67.17518765201245,67.17518765201245,8.425375129594432,0.5,37
all_history,NDX,30,ou_gex,2026-09-09,716.8672668861323,21.377402566401482,0.8,63.20641343185943,96.93398718667838,15.29371928817337,0.5,15
all_history,NDX,30,ou_gex,2026-09-10,125.60312610917451,9.634308856452307,1.0,63.20641343185944,63.20641343185944,7.725272612454828,0.5,46
all_history,NDX,30,ou_gex,2026-09-11,212.0379034954692,10.46730808144639,0.9411764705882353,63.206413431859424,65.5821550599477,8.861332712268885,0.5,34
all_history,NDX,30,ou_gex,2026-09-14,360.5659610148169,14.285734961864721,0.9180327868852459,63.20641343185943,75.92353123194127,10.711848959577726,0.5,61
all_history,NDX,30,ou_gex,2026-09-15,42.47577959235542,5.518490011347405,1.0,63.20641343185943,63.20641343185943,6.4422646988743,0.5,11
all_history,NDX,30,ou_gex,2026-09-16,966.049928715836,20.153204713331554,0.7666666666666667,63.20641343185943,122.24292263915252,16.099690952636696,0.5,60
all_history,NDX,30,ou_gex,2026-09-18,94.12479760173295,7.603677974116241,1.0,63.20641343185943,63.20641343185943,7.21913788402635,0.5,60
all_history,NDX,30,ou_gex,2026-09-21,154.06345326155105,12.412229987457977,1.0,60.28747569324806,60.28747569324806,8.050871060002777,0.5,1
all_history,NDX,30,ou_gex,2026-09-22,75.24660609947972,7.160590590886913,1.0,60.28747569324806,60.28747569324806,6.741679708864196,0.5,57
all_history,NDX,30,ou_gex,2026-09-23,128.65667930556398,8.390833648893427,1.0,60.28747569324806,60.28747569324806,7.537025300775294,0.5,45
all_history,NDX,30,ou_gex,2026-09-24,596.4517502668834,18.106665376094544,0.8032786885245902,60.28747569324806,89.08056196866977,13.355692031716503,0.5,61
all_history,NDX,30,ou_gex,2026-09-25,234.7264735726313,10.819947993467022,0.9508196721311475,60.28747569324806,67.9155571043697,8.932147264114505,0.5,61
all_history,NDX,30,ou_gex,2026-09-28,331.7269707880744,13.709848245972942,0.9122807017543859,60.28747569324806,70.71542279305369,10.333018347655166,0.5,57
all_history,NDX,30,ou_gex,2026-09-29,179.2093780648219,10.344401628431696,0.9672131147540983,60.28747569324806,63.97059248551621,8.253617205886774,0.5,61
all_history,NDX,30,ou_price,2026-07-21,117.35438177010573,8.362555096964023,1.0,65.57500999795398,65.57500999795398,7.71416717492661,0.5409836065573771,61
all_history,NDX,30,ou_price,2026-07-22,97.9875588931924,7.8353584348890095,1.0,65.57500999795398,65.57500999795398,7.460259118541126,0.42857142857142855,21
all_history,NDX,30,ou_price,2026-07-23,726.0673744378988,21.82237933668782,0.7540983606557377,65.57500999795398,94.55381909475693,15.248605972587004,0.5081967213114754,61
all_history,NDX,30,ou_price,2026-07-24,879.6702618451183,24.41439586163856,0.7727272727272727,65.57500999795398,102.14185131845666,17.033543019867462,0.45454545454545453,44
all_history,NDX,30,ou_price,2026-07-30,598.3150343918597,23.423036258817984,0.9166666666666666,65.57500999795398,68.29946299560486,14.506535808890924,0.5833333333333334,12
all_history,NDX,30,ou_price,2026-07-31,743.7611185143024,23.644953793271647,0.8,65.57500999795398,85.282917308818,15.86672241872929,0.375,40
all_history,NDX,30,ou_price,2026-08-03,222.0107517411279,13.039125434206216,1.0,65.57500999795398,65.57500999795398,9.270244119891188,0.4117647058823529,17
all_history,NDX,30,ou_price,2026-08-11,77.2390518116088,8.08974939591623,1.0,66.17389616046515,66.17389616046515,7.210552067356099,0.14285714285714285,14
all_history,NDX,30,ou_price,2026-08-12,97.70125070268882,8.745182314087149,1.0,66.17389616046515,66.17389616046515,7.511974479088757,0.45161290322580644,31
all_history,NDX,30,ou_price,2026-08-13,266.93458001149435,13.273928533701737,0.9583333333333334,66.17389616046515,68.15169830447509,9.841925621704428,0.5416666666666666,24
all_history,NDX,30,ou_price,2026-08-14,3.7359592116530758,1.8698962438864484,1.0,66.17389616046515,66.17389616046515,6.09120619694719,0.25,4
all_history,NDX,30,ou_price,2026-09-01,433.37194061098546,16.21804127294741,0.8444444444444444,66.17389616046515,74.61584730807915,11.960898001487685,0.4888888888888889,45
all_history,NDX,30,ou_price,2026-09-04,108.43554363291868,8.695939259135523,1.0,66.17389616046515,66.17389616046515,7.658741534349784,0.3125,16
all_history,NDX,30,ou_price,2026-09-08,161.48908147388622,10.255796961674301,0.972972972972973,66.17389616046515,66.23285893311007,8.399759152662245,0.35135135135135137,37
all_history,NDX,30,ou_price,2026-09-09,710.2810384050057,21.27122565398266,0.8,62.42478299555515,96.76481919613819,15.220192665230467,0.6,15
all_history,NDX,30,ou_price,2026-09-10,125.538920231399,9.634984641492201,1.0,62.42478299555514,62.42478299555514,7.67622511020629,0.5217391304347826,46
all_history,NDX,30,ou_price,2026-09-11,210.40902353956213,10.406458030805249,0.9411764705882353,62.424782995555155,65.03512556499554,8.799005175077752,0.47058823529411764,34
all_history,NDX,30,ou_price,2026-09-14,362.52662356817615,14.307724213621473,0.9180327868852459,62.42478299555515,75.69618973753654,10.70626100041257,0.3770491803278688,61
all_history,NDX,30,ou_price,2026-09-15,42.097769693908425,5.505584360781745,1.0,62.42478299555515,62.42478299555515,6.3732424905620295,0.45454545454545453,11
all_history,NDX,30,ou_price,2026-09-16,967.800293645234,20.165434306276403,0.7666666666666667,62.42478299555515,122.54753201460763,16.095767491773024,0.35,60
all_history,NDX,30,ou_price,2026-09-18,94.3271454984391,7.623194979833035,1.0,62.42478299555515,62.42478299555515,7.167817415422724,0.35,60
all_history,NDX,30,ou_price,2026-09-21,155.20237071412637,12.458024350358542,1.0,59.94833525434689,59.94833525434689,8.052292386806092,0.0,1
all_history,NDX,30,ou_price,2026-09-22,75.08343426203605,7.150457409820572,1.0,59.94833525434689,59.94833525434689,6.714798861710678,0.5964912280701754,57
all_history,NDX,30,ou_price,2026-09-23,128.7449566143573,8.393370545082002,0.9777777777777777,59.94833525434689,59.97234642524146,7.517624419776025,0.4666666666666667,45
all_history,NDX,30,ou_price,2026-09-24,598.1496010461751,18.13555590119598,0.8032786885245902,59.94833525434689,89.24377441615167,13.376989754293081,0.5081967213114754,61
all_history,NDX,30,ou_price,2026-09-25,233.58844858776143,10.775128152747472,0.9508196721311475,59.94833525434689,67.58309473548013,8.902056993152792,0.7049180327868853,61
all_history,NDX,30,ou_price,2026-09-28,330.0375538634045,13.665566703758286,0.9122807017543859,59.94833525434689,70.50498529393877,10.297615955067828,0.5964912280701754,57
all_history,NDX,30,ou_price,2026-09-29,178.8918304084331,10.336981401369716,0.9672131147540983,59.94833525434689,63.681638757304334,8.231155480065281,0.5409836065573771,61
all_history,NDX,30,random_walk,2026-07-21,117.28261720272408,8.369427418410464,0.9672131147540983,48.02497538635268,48.16537628764392,6.5266379520519475,0.5,61
all_history,NDX,30,random_walk,2026-07-22,97.69978205662227,7.797834944893284,0.9523809523809523,48.55594279174615,48.92052649509086,6.431234416702374,0.5,21
all_history,NDX,30,random_walk,2026-07-23,723.3553831169404,21.797644497900887,0.8852459016393442,74.35437521842428,86.33023283534841,14.820293161710113,0.5,61
all_history,NDX,30,random_walk,2026-07-24,878.4937831106489,24.381707476806863,0.8409090909090909,92.92377706891658,110.11163235503754,17.106908910288677,0.5,44
all_history,NDX,30,random_walk,2026-07-30,599.8173395014886,23.502155816631177,1.0,85.94441229756733,85.94441229756733,14.636140981226154,0.5,12
all_history,NDX,30,random_walk,2026-07-31,744.2942764806531,23.59238853220886,0.95,89.6284829153936,94.38819839168443,15.736193761560944,0.5,40
all_history,NDX,30,random_walk,2026-08-03,220.92208990576756,12.995993601304637,0.8823529411764706,49.18285926584093,52.244667180138194,8.919419092645231,0.5,17
all_history,NDX,30,random_walk,2026-08-11,74.7375128303423,7.965210691693106,1.0,54.80205051828432,54.80205051828432,6.32551626075426,0.5,14
all_history,NDX,30,random_walk,2026-08-12,97.5623972407671,8.720069894908868,1.0,50.937866250937326,50.937866250937326,6.547415257144564,0.5,31
all_history,NDX,30,random_walk,2026-08-13,269.5001247289792,13.33832134226092,0.875,51.4496560411051,61.44219154959654,9.53317199530956,0.5,24
all_history,NDX,30,random_walk,2026-08-14,3.338042513434316,1.7869089538980916,1.0,56.81664418851347,56.81664418851347,5.239825835871016,0.5,4
all_history,NDX,30,random_walk,2026-09-01,433.9113020388054,16.236053257913834,0.7111111111111111,48.73294161708203,75.92618828495887,11.874088402213888,0.5,45
all_history,NDX,30,random_walk,2026-09-04,105.43341217378247,8.545065458723002,1.0,56.61287638504522,56.61287638504522,6.973749609090208,0.5,16
all_history,NDX,30,random_walk,2026-09-08,159.07613581330094,10.202857375587415,0.972972972972973,53.06867672554823,54.600976978365125,7.6764608328466535,0.5,37
all_history,NDX,30,random_walk,2026-09-09,716.8672668861323,21.377402566401482,0.8,71.31537740535906,103.9121801356272,15.590488824248517,0.5,15
all_history,NDX,30,random_walk,2026-09-10,125.60312610917451,9.634308856452307,1.0,53.141543194087944,53.141543194087944,7.313891403946731,0.5,46
all_history,NDX,30,random_walk,2026-09-11,212.0379034954692,10.46730808144639,0.9411764705882353,53.355166742160215,56.7041435678986,8.122745789141803,0.5,34
all_history,NDX,30,random_walk,2026-09-14,360.5659610148169,14.285734961864721,0.8852459016393442,51.55306180399904,67.55574827859591,10.200713169032506,0.5,61
all_history,NDX,30,random_walk,2026-09-15,42.47577959235542,5.518490011347405,1.0,47.09044301882039,47.09044301882039,5.171397706034125,0.5,11
all_history,NDX,30,random_walk,2026-09-16,966.049928715836,20.153204713331554,0.7333333333333333,48.487290582129354,112.53879525124073,15.53061765399044,0.5,60
all_history,NDX,30,random_walk,2026-09-18,94.12479760173295,7.603677974116241,0.8833333333333333,35.37245814079766,45.28515443100582,5.892641081119942,0.5,60
all_history,NDX,30,random_walk,2026-09-21,154.06345326155105,12.412229987457977,1.0,51.79130014695964,51.79130014695964,7.671718905511227,0.5,1
all_history,NDX,30,random_walk,2026-09-22,75.24660609947972,7.160590590886913,0.9473684210526315,39.77723900205851,40.65453406185795,5.618470387455348,0.5,57
all_history,NDX,30,random_walk,2026-09-23,128.65667930556398,8.390833648893427,0.9111111111111111,45.13757732817698,49.30818491480261,6.710953728216719,0.5,45
all_history,NDX,30,random_walk,2026-09-24,596.4517502668834,18.106665376094544,0.8360655737704918,63.613561849160355,92.39940005658787,13.455821296228288,0.5,61
all_history,NDX,30,random_walk,2026-09-25,234.7264735726313,10.819947993467022,0.9508196721311475,59.313001029426076,65.04089384763034,8.660110619298326,0.5,61
all_history,NDX,30,random_walk,2026-09-28,331.7269707880744,13.709848245972942,0.9298245614035088,64.64832804979898,73.30014325413593,10.500704372001552,0.5,57
all_history,NDX,30,random_walk,2026-09-29,179.2093780648219,10.344401628431696,0.9180327868852459,46.610094925711294,54.13412041449803,7.674439826373149,0.5,61
all_history,SPX,5,garch_gex,2026-07-21,13.950262558239592,2.7056789640446963,0.8524590163934426,9.83136992151788,13.065465350960169,1.9518462009649755,0.5,61
all_history,SPX,5,garch_gex,2026-07-22,7.96221026511695,2.417663397134415,0.9047619047619048,9.65658824064577,9.749546142006615,1.6659583726618963,0.5,21
all_history,SPX,5,garch_gex,2026-07-23,49.03382808232407,5.532411518296061,0.9180327868852459,22.419834044475003,25.282399687491342,3.9603295963225125,0.5,61
all_history,SPX,5,garch_gex,2026-07-24,58.528059928310356,5.904882946086053,0.8181818181818182,19.33988337182456,26.016106575936643,4.153123007498106,0.5,44
all_history,SPX,5,garch_gex,2026-07-30,90.95289927606494,7.068915645117765,0.75,21.305691784031875,40.492267429699574,5.446782251023837,0.5,12
all_history,SPX,5,garch_gex,2026-07-31,59.775334816570364,6.152792143117767,0.775,19.096853070582576,28.044662708887557,4.370069631755409,0.5,40
all_history,SPX,5,garch_gex,2026-08-03,6.139915894471043,2.094028872133897,0.8235294117647058,7.523887617048851,9.02623502028902,1.4431353922602828,0.5,17
all_history,SPX,5,garch_gex,2026-08-11,5.936798528173649,2.0661645955144197,1.0,10.928091412368445,10.928091412368445,1.531978428356978,0.5,15
all_history,SPX,5,garch_gex,2026-08-12,10.033634397157934,2.530122780310546,0.9354838709677419,9.953616574322961,10.575261080269783,1.7558160396710127,0.5,31
all_history,SPX,5,garch_gex,2026-08-13,19.310634221801077,3.183588951587808,0.8333333333333334,10.9450199601954,17.706668712705156,2.4274342816034333,0.5,24
all_history,SPX,5,garch_gex,2026-08-14,6.486503293251066,2.332601493177208,1.0,11.24237768565772,11.24237768565772,1.5898895840300078,0.5,4
all_history,SPX,5,garch_gex,2026-09-01,18.019631378689034,3.5694102635972538,0.9555555555555556,14.405612912580237,15.007534613188225,2.4886190167040483,0.5,45
all_history,SPX,5,garch_gex,2026-09-04,19.335407631662438,3.678856028136579,0.8125,13.020071423595935,15.659439434682303,2.5254291435809533,0.5,16
all_history,SPX,5,garch_gex,2026-09-08,16.241715893277867,2.8223025909675337,0.9459459459459459,13.356022549916583,16.4275443483849,2.219342207307381,0.5,37
all_history,SPX,5,garch_gex,2026-09-09,43.459896952810176,5.372044949360618,0.8,18.74229531658497,25.477732882304448,3.7920382581460728,0.5,15
all_history,SPX,5,garch_gex,2026-09-10,10.66457018617468,2.624240867559464,1.0,13.745833029412282,13.745833029412282,1.9841844991717899,0.5,46
all_history,SPX,5,garch_gex,2026-09-11,21.30069016371127,3.3975958943029743,0.8529411764705882,11.453684792551435,15.618697014762862,2.3888206861356505,0.5,34
all_history,SPX,5,garch_gex,2026-09-14,22.368735146927527,3.4348328678148747,0.9016393442622951,14.419823034444175,17.87063430429689,2.518891448980742,0.5,61
all_history,SPX,5,garch_gex,2026-09-15,13.308194418876802,3.142652699169544,1.0,13.700912353813635,13.700912353813635,2.184863333448351,0.5,11
all_history,SPX,5,garch_gex,2026-09-16,77.71287023741858,5.730303591516471,0.7666666666666667,15.257871399699606,25.646223698597932,4.084774757375985,0.5,60
all_history,SPX,5,garch_gex,2026-09-18,11.069610765305164,2.460001603313382,0.9333333333333333,10.33541647974085,12.5894327772198,1.8261901418492335,0.5,60
all_history,SPX,5,garch_gex,2026-09-21,8.109361846286003,2.8476941279368475,1.0,10.56373608272983,10.56373608272983,1.7183225916312308,0.5,1
all_history,SPX,5,garch_gex,2026-09-22,8.653290489276221,2.359911240910449,0.8360655737704918,8.376819200252587,11.02978136319057,1.6747291719898305,0.5,61
all_history,SPX,5,garch_gex,2026-09-23,19.784429921045906,3.3006104896375392,0.8444444444444444,12.960030739125385,17.39008098001879,2.475896019198198,0.5,45
all_history,SPX,5,garch_gex,2026-09-24,53.21461179399846,5.33011229033248,0.7868852459016393,17.62499146598242,26.635066444146545,3.9017405371327767,0.5,61
all_history,SPX,5,garch_gex,2026-09-25,43.737034878568224,4.989280860049012,0.7704918032786885,15.905836194327957,22.96051022507397,3.5506877566730566,0.5,61
all_history,SPX,5,garch_gex,2026-09-28,44.8722094463594,4.515690564677035,0.8070175438596491,17.57524152161821,25.595190796311567,3.519226866302371,0.5,57
all_history,SPX,5,garch_gex,2026-09-29,21.977755866665827,3.35195714841238,0.8360655737704918,12.923250616032403,18.203689782569445,2.5512217601497253,0.5,61
all_history,SPX,5,garch_price,2026-07-21,13.950262558239592,2.7056789640446963,0.8688524590163934,10.619318809350972,13.266927926174407,1.9675360449223906,0.5,61
all_history,SPX,5,garch_price,2026-07-22,7.96221026511695,2.417663397134415,0.8571428571428571,9.495330365806172,9.911352255076938,1.6766029074104676,0.5,21
all_history,SPX,5,garch_price,2026-07-23,49.03382808232407,5.532411518296061,0.819672131147541,17.9028969890137,23.06460672555267,3.875438502752733,0.5,61
all_history,SPX,5,garch_price,2026-07-24,58.528059928310356,5.904882946086053,0.9090909090909091,21.26762405808155,26.713460657378366,4.169100939132598,0.5,44
all_history,SPX,5,garch_price,2026-07-30,90.95289927606494,7.068915645117765,0.75,22.951714752292393,39.42973817726646,5.4148145973184265,0.5,12
all_history,SPX,5,garch_price,2026-07-31,59.775334816570364,6.152792143117767,0.825,21.870772250139602,27.86165390630826,4.3631995637354635,0.5,40
all_history,SPX,5,garch_price,2026-08-03,6.139915894471043,2.094028872133897,0.9411764705882353,9.768966985154261,10.07468883289643,1.494788983931004,0.5,17
all_history,SPX,5,garch_price,2026-08-11,5.936798528173649,2.0661645955144197,0.9333333333333333,10.168883469558995,10.181824858250614,1.5048494716640926,0.5,15
all_history,SPX,5,garch_price,2026-08-12,10.033634397157934,2.530122780310546,0.9354838709677419,9.823191239546828,10.469361946386876,1.7501014135656274,0.5,31
all_history,SPX,5,garch_price,2026-08-13,19.310634221801077,3.183588951587808,0.8333333333333334,12.373952036570685,17.915244366385433,2.441991180260337,0.5,24
all_history,SPX,5,garch_price,2026-08-14,6.486503293251066,2.332601493177208,1.0,12.237935756819008,12.237935756819008,1.6370216395304045,0.5,4
all_history,SPX,5,garch_price,2026-09-01,18.019631378689034,3.5694102635972538,0.8,11.573700284445426,14.080803269601251,2.466824643961806,0.5,45
all_history,SPX,5,garch_price,2026-09-04,19.335407631662438,3.678856028136579,0.8125,13.108206634164832,15.73857305209981,2.5315568504835952,0.5,16
all_history,SPX,5,garch_price,2026-09-08,16.241715893277867,2.8223025909675337,0.8918918918918919,11.92116817879525,15.79740931978608,2.191149305508092,0.5,37
all_history,SPX,5,garch_price,2026-09-09,43.459896952810176,5.372044949360618,0.8,18.281957843599173,25.611792968913804,3.7962215324590365,0.5,15
all_history,SPX,5,garch_price,2026-09-10,10.66457018617468,2.624240867559464,0.8913043478260869,10.120406304964204,11.73610825515877,1.876570393374432,0.5,46
all_history,SPX,5,garch_price,2026-09-11,21.30069016371127,3.3975958943029743,0.9117647058823529,12.373358714176668,16.020005874289172,2.4010373857142677,0.5,34
all_history,SPX,5,garch_price,2026-09-14,22.368735146927527,3.4348328678148747,0.8852459016393442,12.961019382027352,17.14725808907282,2.4814460757353993,0.5,61
all_history,SPX,5,garch_price,2026-09-15,13.308194418876802,3.142652699169544,0.7272727272727273,10.122302235152425,12.279975755560388,2.146598151844169,0.5,11
all_history,SPX,5,garch_price,2026-09-16,77.71287023741858,5.730303591516471,0.75,15.268964887021525,25.71252439623792,4.080574268099655,0.5,60
all_history,SPX,5,garch_price,2026-09-18,11.069610765305164,2.460001603313382,0.8666666666666667,9.14258575583556,12.092603887056088,1.7954308085657427,0.5,60
all_history,SPX,5,garch_price,2026-09-21,8.109361846286003,2.8476941279368475,1.0,11.577392049511474,11.577392049511474,1.7490038372861128,0.5,1
all_history,SPX,5,garch_price,2026-09-22,8.653290489276221,2.359911240910449,0.8688524590163934,8.954410554966412,11.210022221290638,1.6839927304362923,0.5,61
all_history,SPX,5,garch_price,2026-09-23,19.784429921045906,3.3006104896375392,0.8222222222222222,12.237499836580673,17.476487741649272,2.476679376056008,0.5,45
all_history,SPX,5,garch_price,2026-09-24,53.21461179399846,5.33011229033248,0.7540983606557377,17.923551552647325,26.963315818051537,3.9199602755878766,0.5,61
all_history,SPX,5,garch_price,2026-09-25,43.737034878568224,4.989280860049012,0.7704918032786885,17.082779196807174,22.835471734322088,3.5576439137151787,0.5,61
all_history,SPX,5,garch_price,2026-09-28,44.8722094463594,4.515690564677035,0.8070175438596491,17.666512505809738,25.833691495414442,3.5353229526347607,0.5,57
all_history,SPX,5,garch_price,2026-09-29,21.977755866665827,3.35195714841238,0.819672131147541,12.245466575308393,18.181246375260436,2.540907364105518,0.5,61
all_history,SPX,5,kalman_gex,2026-07-21,13.567057098347352,2.6114477750107405,0.9672131147540983,19.26406933125919,20.04429238996549,2.4019313206971233,0.5409836065573771,61
all_history,SPX,5,kalman_gex,2026-07-22,7.155946974566787,2.3041680269336133,1.0,19.55053562719472,19.55053562719472,2.1503020555160117,0.7142857142857143,21
all_history,SPX,5,kalman_gex,2026-07-23,51.9846668568995,5.662221263778287,0.8524590163934426,19.26406933125919,25.847366112721712,4.0429200427152185,0.4098360655737705,61
all_history,SPX,5,kalman_gex,2026-07-24,60.64877970797097,6.116231924099216,0.8181818181818182,19.34173514408154,27.16268070898776,4.302199586259548,0.4772727272727273,44
all_history,SPX,5,kalman_gex,2026-07-30,104.43347213520114,8.541232880555254,0.6666666666666666,19.725379048445483,38.30764801908063,6.020359654631672,0.3333333333333333,12
all_history,SPX,5,kalman_gex,2026-07-31,66.68612294811376,6.495982509489797,0.8,19.366258744939465,29.578476204240246,4.5477533841388595,0.425,40
all_history,SPX,5,kalman_gex,2026-08-03,6.589774042729968,2.1450892774610715,1.0,19.61594918560223,19.61594918560223,2.1242124634630564,0.47058823529411764,17
all_history,SPX,5,kalman_gex,2026-08-11,5.463487745536389,1.9493472396737743,1.0,19.199616428610813,19.199616428610813,2.036553759910864,0.6666666666666666,15
all_history,SPX,5,kalman_gex,2026-08-12,10.551111465660846,2.565388865777377,1.0,18.993175644863115,18.993175644863115,2.270940202206145,0.4838709677419355,31
all_history,SPX,5,kalman_gex,2026-08-13,21.912672761844046,3.388087757764875,0.9583333333333334,19.062551703253472,21.077809148002594,2.7629234150504964,0.5833333333333334,24
all_history,SPX,5,kalman_gex,2026-08-14,5.318877719262538,2.119094251031892,1.0,19.56396559509202,19.56396559509202,2.058516653305105,0.75,4
all_history,SPX,5,kalman_gex,2026-09-01,19.907917401584864,3.7329641539051606,0.9777777777777777,18.902356691501527,19.129823265926404,2.7314166292158526,0.4888888888888889,45
all_history,SPX,5,kalman_gex,2026-09-04,18.059127944636064,3.48638355990198,1.0,19.314075677734014,19.314075677734014,2.6606399081577337,0.6875,16
all_history,SPX,5,kalman_gex,2026-09-08,17.089969680503224,2.894828579219045,0.972972972972973,19.120998308766964,21.03102513711568,2.5334458668604403,0.527027027027027,37
all_history,SPX,5,kalman_gex,2026-09-09,43.06229386886923,5.4174226046874105,0.7333333333333333,17.99428007048599,22.056561301166756,3.786530637382156,0.4666666666666667,15
all_history,SPX,5,kalman_gex,2026-09-10,12.766800128962965,2.8382277810772005,0.9782608695652174,17.727179995880586,18.00258724000306,2.303158876821669,0.45652173913043476,46
all_history,SPX,5,kalman_gex,2026-09-11,22.010488193621697,3.3570328464335075,0.9411764705882353,17.96006886907304,20.604124267504506,2.713361243091892,0.5882352941176471,34
all_history,SPX,5,kalman_gex,2026-09-14,23.510107806542035,3.4974985167351225,0.9180327868852459,17.678697075622257,20.898906261805617,2.764716603061538,0.45901639344262296,61
all_history,SPX,5,kalman_gex,2026-09-15,14.474514772818942,3.1613958275693803,1.0,18.07900100299804,18.07900100299804,2.4334675110884207,0.5454545454545454,11
all_history,SPX,5,kalman_gex,2026-09-16,79.29404965054904,5.823785007566697,0.85,17.681286467050278,35.425989563944114,4.60373466100559,0.5166666666666667,60
all_history,SPX,5,kalman_gex,2026-09-18,11.463424895392722,2.4572139666330295,0.9666666666666667,17.681286467050278,18.265430135942594,2.220802650919498,0.45,60
all_history,SPX,5,kalman_gex,2026-09-21,9.677085492178964,3.110801422813575,1.0,17.787052677125423,17.787052677125423,2.1689408784663775,0.0,1
all_history,SPX,5,kalman_gex,2026-09-22,8.829043472103931,2.3550596733598144,0.9836065573770492,17.01493602078269,17.158106888847136,2.052797429185356,0.5573770491803278,61
all_history,SPX,5,kalman_gex,2026-09-23,19.64089138126845,3.3142348897745313,0.9333333333333333,17.05958780332375,19.24486544602586,2.5837315095345375,0.5333333333333333,45
all_history,SPX,5,kalman_gex,2026-09-24,53.6865053113355,5.43429252926934,0.819672131147541,17.01493602078269,25.075760260214672,3.845630168853809,0.5081967213114754,61
all_history,SPX,5,kalman_gex,2026-09-25,46.64766548014864,5.118105048895386,0.819672131147541,17.01493602078269,25.353752489984508,3.744351224007549,0.5245901639344263,61
all_history,SPX,5,kalman_gex,2026-09-28,48.98672356099333,4.6862735119910495,0.8421052631578947,17.024014071765,27.13733450496641,3.6981029620581833,0.5789473684210527,57
all_history,SPX,5,kalman_gex,2026-09-29,22.054777319968327,3.3295459307793767,0.9016393442622951,17.01493602078269,19.965884945956866,2.6807724792254835,0.5245901639344263,61
all_history,SPX,5,kalman_price,2026-07-21,14.886985628486235,2.841887415930222,0.9508196721311475,19.49207816146618,20.455968033770258,2.4769934493235377,0.5081967213114754,61
all_history,SPX,5,kalman_price,2026-07-22,7.458645297325133,2.3749086043615213,1.0,19.781592204963644,19.781592204963644,2.1822397004246885,0.6190476190476191,21
all_history,SPX,5,kalman_price,2026-07-23,50.55347704524599,5.572685990700671,0.8524590163934426,19.49207816146618,25.230902010337964,3.9903886214893127,0.5081967213114754,61
all_history,SPX,5,kalman_price,2026-07-24,62.860206181370316,6.250332002102081,0.8409090909090909,19.570585664889638,27.510664187110095,4.410239211171922,0.4772727272727273,44
all_history,SPX,5,kalman_price,2026-07-30,108.74994350828972,8.634763344253303,0.6666666666666666,19.95821771299821,38.90806242167659,6.185971997474297,0.3333333333333333,12
all_history,SPX,5,kalman_price,2026-07-31,64.85909368414048,6.381724205193789,0.8,19.595372627613084,29.16244428981625,4.486566359904911,0.475,40
all_history,SPX,5,kalman_price,2026-08-03,5.892643425823671,2.017922341908139,1.0,19.847679696584667,19.847679696584667,2.1069002752018284,0.7058823529411765,17
all_history,SPX,5,kalman_price,2026-08-11,6.9930229460690185,2.142832298517273,1.0,19.403565573243256,19.403565573243256,2.127180968918078,0.6666666666666666,15
all_history,SPX,5,kalman_price,2026-08-12,10.752025527414755,2.5787295267767907,1.0,19.19669317719278,19.19669317719278,2.2941270305915653,0.5161290322580645,31
all_history,SPX,5,kalman_price,2026-08-13,23.853605572453493,3.5134482596240098,0.9583333333333334,19.266109555409002,21.449340463239093,2.8564751782208986,0.5416666666666666,24
all_history,SPX,5,kalman_price,2026-08-14,5.9139943865554185,2.2116149081961964,1.0,19.769670687772457,19.769670687772457,2.1046966261729807,0.75,4
all_history,SPX,5,kalman_price,2026-09-01,19.152877710640315,3.6870398771451898,0.9777777777777777,19.10611898659319,19.123608059717547,2.7085728740312325,0.4888888888888889,45
all_history,SPX,5,kalman_price,2026-09-04,19.24441646045149,3.590670458219463,1.0,19.518553089662603,19.518553089662603,2.726870758042927,0.6875,16
all_history,SPX,5,kalman_price,2026-09-08,17.250887964229918,2.94524891782017,0.972972972972973,19.324762005307925,21.05642297631266,2.5622250921690193,0.527027027027027,37
all_history,SPX,5,kalman_price,2026-09-09,45.1282382216382,5.582910731846716,0.7333333333333333,18.19262434947681,22.01503599518006,3.893549149520094,0.4666666666666667,15
all_history,SPX,5,kalman_price,2026-09-10,13.191378858092591,2.8076831077745648,0.9782608695652174,17.917375721580775,18.31894398145364,2.330751471310717,0.45652173913043476,46
all_history,SPX,5,kalman_price,2026-09-11,23.218100526345825,3.451005828798973,0.9411764705882353,18.157700771086752,20.95989156744505,2.7721515892164703,0.5,34
all_history,SPX,5,kalman_price,2026-09-14,24.494353385335017,3.6107694173181537,0.9180327868852459,17.866240333965244,20.667832355679334,2.8373186297301096,0.4426229508196721,61
all_history,SPX,5,kalman_price,2026-09-15,14.39428657891469,3.1985987376464893,1.0,18.278867306904985,18.278867306904985,2.4415755211614307,0.36363636363636365,11
all_history,SPX,5,kalman_price,2026-09-16,78.70605795902209,5.900788504475361,0.8333333333333334,17.86898792427306,34.99005013372953,4.612258930924713,0.43333333333333335,60
all_history,SPX,5,kalman_price,2026-09-18,11.375761627876882,2.4789283183659645,0.9666666666666667,17.86898792427306,18.26161794824803,2.230871028288647,0.5833333333333334,60
all_history,SPX,5,kalman_price,2026-09-21,6.225617726688616,2.495118780076134,1.0,17.99519239221086,17.99519239221086,1.9908179484263844,1.0,1
all_history,SPX,5,kalman_price,2026-09-22,8.986291544962599,2.389955944410893,0.9836065573770492,17.17924465989604,17.296518899795878,2.072317654267344,0.5409836065573771,61
all_history,SPX,5,kalman_price,2026-09-23,20.821952819056396,3.399316023574838,0.9333333333333333,17.232069763826857,19.476126083201976,2.6451029659226615,0.5555555555555556,45
all_history,SPX,5,kalman_price,2026-09-24,54.810840611188986,5.402456122550489,0.819672131147541,17.17924465989604,25.472184336885437,3.8703496965222577,0.4918032786885246,61
all_history,SPX,5,kalman_price,2026-09-25,47.84258594759122,5.166681755023737,0.8032786885245902,17.17924465989604,25.58328600978887,3.7989559560579655,0.47540983606557374,61
all_history,SPX,5,kalman_price,2026-09-28,52.04137141513626,4.904013153458195,0.8070175438596491,17.190170841294442,27.833961870552614,3.8413157131589495,0.45614035087719296,57
all_history,SPX,5,kalman_price,2026-09-29,22.873001730261866,3.467858883268329,0.9016393442622951,17.17924465989604,20.200751910902383,2.7223058814597394,0.4426229508196721,61
all_history,SPX,5,markov_gex,2026-07-21,13.664709443338243,2.702164505268619,0.9508196721311475,13.630457315540662,15.305284476579377,2.073713193315921,0.5737704918032787,61
all_history,SPX,5,markov_gex,2026-07-22,7.5583907334670055,2.364745249598297,1.0,11.93229809020288,11.93229809020288,1.7036225341711169,0.7142857142857143,21
all_history,SPX,5,markov_gex,2026-07-23,47.86713381272221,5.447290001434761,0.8032786885245902,18.81042810865938,23.281761258584712,3.859859145795216,0.5409836065573771,61
all_history,SPX,5,markov_gex,2026-07-24,58.767014918001905,5.897488634831558,0.7954545454545454,19.373063600229525,26.065909236899895,4.169146915051857,0.5227272727272727,44
all_history,SPX,5,markov_gex,2026-07-30,90.79976181992691,7.026554210379576,0.75,24.084566267605243,39.16663539831162,5.438732637878858,0.5,12
all_history,SPX,5,markov_gex,2026-07-31,60.43991248266127,6.151334526784189,0.8,21.099258887846624,27.666040057047343,4.376878898503504,0.5,40
all_history,SPX,5,markov_gex,2026-08-03,6.246993565565387,2.0998605863137327,1.0,11.941491818657708,11.941491818657708,1.5976216877764517,0.5294117647058824,17
all_history,SPX,5,markov_gex,2026-08-11,5.839477156124886,2.048983245010123,1.0,10.045271894732876,10.045271894732876,1.4926529647734113,0.6666666666666666,15
all_history,SPX,5,markov_gex,2026-08-12,9.956464203396727,2.4949037955138205,0.967741935483871,11.929747545971109,12.028411464012871,1.7869125428681747,0.6451612903225806,31
all_history,SPX,5,markov_gex,2026-08-13,20.246245726700426,3.2597682930292797,0.8333333333333334,13.218613981188556,19.454636755024392,2.5851828328516198,0.3333333333333333,24
all_history,SPX,5,markov_gex,2026-08-14,6.936012901377679,2.424485560055557,1.0,10.26149088684705,10.26149088684705,1.591401696890732,0.25,4
all_history,SPX,5,markov_gex,2026-09-01,17.852662844238818,3.562899637306178,0.7777777777777778,11.309802678731568,14.339172462779604,2.4742757502507,0.4444444444444444,45
all_history,SPX,5,markov_gex,2026-09-04,19.462302114271147,3.7345504578806654,0.875,14.534326393503168,16.687043501896394,2.614675745301105,0.375,16
all_history,SPX,5,markov_gex,2026-09-08,15.77151108320408,2.8175404947547364,0.8918918918918919,12.326775442674919,16.08453865195287,2.1936191059619703,0.6081081081081081,37
all_history,SPX,5,markov_gex,2026-09-09,42.484577631706955,5.284158089499446,0.8,20.638839334141586,25.28914022835935,3.802461132923306,0.4666666666666667,15
all_history,SPX,5,markov_gex,2026-09-10,10.611620292526926,2.602182228955883,0.9347826086956522,11.758741697138044,12.46307449886658,1.8975182305749652,0.5869565217391305,46
all_history,SPX,5,markov_gex,2026-09-11,21.39415585113151,3.398040812247552,0.9411764705882353,14.542768137795859,17.230180358337755,2.4717496924027236,0.5588235294117647,34
all_history,SPX,5,markov_gex,2026-09-14,22.73975784168047,3.438784958507905,0.9016393442622951,15.345508418029752,19.10012416376866,2.588619278810824,0.45901639344262296,61
all_history,SPX,5,markov_gex,2026-09-15,13.236228211498842,3.1475429828900796,0.7272727272727273,9.941595540678161,10.933754905690332,2.1236763830131267,0.6363636363636364,11
all_history,SPX,5,markov_gex,2026-09-16,79.47835385302241,5.798645093067886,0.6666666666666666,12.709067281543355,29.54970568948897,4.285363812759584,0.48333333333333334,60
all_history,SPX,5,markov_gex,2026-09-18,11.091324575389667,2.469533892369545,0.9,10.311961714028321,12.663918173956896,1.8336809293049552,0.45,60
all_history,SPX,5,markov_gex,2026-09-21,8.73185385824339,2.954971041862067,1.0,10.42659592261628,10.42659592261628,1.7712320422865477,0.0,1
all_history,SPX,5,markov_gex,2026-09-22,8.695527722158051,2.34378496195586,0.8852459016393442,9.50230460634069,11.144146976288226,1.6732725047516255,0.5245901639344263,61
all_history,SPX,5,markov_gex,2026-09-23,19.50539113412446,3.2607782349034435,0.8222222222222222,13.571265124764796,18.654802326928234,2.540966147007211,0.6,45
all_history,SPX,5,markov_gex,2026-09-24,53.01462774483244,5.324954957429651,0.819672131147541,18.98062713504999,26.823657408949455,3.9031818568384846,0.5737704918032787,61
all_history,SPX,5,markov_gex,2026-09-25,43.66003300858663,4.979893925466692,0.8032786885245902,16.422187706163022,22.41436417649926,3.519305045644142,0.5081967213114754,61
all_history,SPX,5,markov_gex,2026-09-28,44.819999482392305,4.49780178498299,0.8070175438596491,16.24638827510886,24.5320456780835,3.4366687357459695,0.5263157894736842,57
all_history,SPX,5,markov_gex,2026-09-29,21.88004450466768,3.3340848898870337,0.8360655737704918,13.442003524431682,18.161197231539248,2.5717580963764313,0.5081967213114754,61
all_history,SPX,5,markov_price,2026-07-21,13.705501550997173,2.7006559098025997,0.9508196721311475,13.633026932046324,15.327480244396693,2.076082984578705,0.5409836065573771,61
all_history,SPX,5,markov_price,2026-07-22,7.516938571014587,2.358064445365572,1.0,11.93047048710276,11.93047048710276,1.7003905921599418,0.7142857142857143,21
all_history,SPX,5,markov_price,2026-07-23,47.921757954559624,5.455467886067412,0.819672131147541,18.782580093701036,23.271501760159172,3.86156587232448,0.5573770491803278,61
all_history,SPX,5,markov_price,2026-07-24,58.71427559356949,5.894633414786846,0.7727272727272727,19.358695614692653,26.059441348610434,4.167349467971288,0.5,44
all_history,SPX,5,markov_price,2026-07-30,90.80547171302788,7.026215421269607,0.75,24.117044510825767,39.12342542280084,5.43738754943809,0.5,12
all_history,SPX,5,markov_price,2026-07-31,60.529635245807334,6.156221820821722,0.8,21.140573489353198,27.6870632915895,4.380099919099423,0.475,40
all_history,SPX,5,markov_price,2026-08-03,6.504339606746406,2.149130280969041,1.0,11.946032529932614,11.946032529932614,1.6180250994256478,0.4117647058823529,17
all_history,SPX,5,markov_price,2026-08-11,5.851925093519921,2.0522787895421204,1.0,9.980150721202824,9.980150721202824,1.4912728856665365,0.6,15
all_history,SPX,5,markov_price,2026-08-12,9.960188085561041,2.496007148970724,0.967741935483871,11.911498354824612,12.03525711570076,1.7880907026560124,0.6451612903225806,31
all_history,SPX,5,markov_price,2026-08-13,19.6753748548505,3.2160649688542176,0.8333333333333334,13.075775088952073,19.339881628470724,2.5491429281393123,0.3333333333333333,24
all_history,SPX,5,markov_price,2026-08-14,6.7041686602600326,2.3857731562919002,1.0,10.192951907085359,10.192951907085359,1.5691022462289599,0.25,4
all_history,SPX,5,markov_price,2026-09-01,18.000286279657384,3.5785267619202967,0.7777777777777778,11.320509912172817,14.451464116798965,2.4870476090949944,0.4444444444444444,45
all_history,SPX,5,markov_price,2026-09-04,19.42456190129402,3.7320907195684336,0.875,14.559895290715524,16.68886506034303,2.6141499764688456,0.375,16
all_history,SPX,5,markov_price,2026-09-08,15.72200369379286,2.797828299317776,0.8918918918918919,12.298991638579103,16.086448600410044,2.188100287652076,0.581081081081081,37
all_history,SPX,5,markov_price,2026-09-09,42.55914944705282,5.278598401747968,0.8,20.6465147445853,25.399628402608204,3.8026082808900354,0.5333333333333333,15
all_history,SPX,5,markov_price,2026-09-10,10.630757508283468,2.6101310854976014,0.9347826086956522,11.730239041345706,12.45374966542318,1.9000571200226448,0.5217391304347826,46
all_history,SPX,5,markov_price,2026-09-11,21.317186071194904,3.3921650380845834,0.9411764705882353,14.562908078030462,17.2311125842938,2.4672863944638106,0.5588235294117647,34
all_history,SPX,5,markov_price,2026-09-14,22.57331053496071,3.4309669490007493,0.9016393442622951,15.335325896972149,19.04717806557863,2.582225954857083,0.5081967213114754,61
all_history,SPX,5,markov_price,2026-09-15,13.191684760658188,3.1377978965559223,0.7272727272727273,9.934826152499896,11.016220390071265,2.118717600375709,0.5454545454545454,11
all_history,SPX,5,markov_price,2026-09-16,79.53504318677372,5.798980040997915,0.6666666666666666,12.696695245919052,29.586990947385566,4.2862264971677435,0.48333333333333334,60
all_history,SPX,5,markov_price,2026-09-18,11.062015941737378,2.4647923441348274,0.9,10.298495979800865,12.656675849690208,1.8306397271489943,0.48333333333333334,60
all_history,SPX,5,markov_price,2026-09-21,8.837495188261153,2.9727924899429414,1.0,10.431371082661949,10.431371082661949,1.7808313842410903,0.0,1
all_history,SPX,5,markov_price,2026-09-22,8.70055945886297,2.3443422133762715,0.8852459016393442,9.50113054613836,11.143672657880753,1.6736276619633075,0.5245901639344263,61
all_history,SPX,5,markov_price,2026-09-23,19.50298497439602,3.261263038761146,0.8222222222222222,13.571549520673873,18.65485858167153,2.541112427784371,0.6,45
all_history,SPX,5,markov_price,2026-09-24,53.004825194582594,5.324740093174879,0.819672131147541,18.981803326994942,26.824280525671604,3.903037609378292,0.5737704918032787,61
all_history,SPX,5,markov_price,2026-09-25,43.66390552990603,4.980489583634482,0.8032786885245902,16.42127432796061,22.411734917613963,3.519407126982488,0.5081967213114754,61
all_history,SPX,5,markov_price,2026-09-28,44.80605339348943,4.497642916015197,0.8070175438596491,16.245118353494842,24.529431855476506,3.436357954307329,0.5087719298245614,57
all_history,SPX,5,markov_price,2026-09-29,21.875207635855407,3.33364292790361,0.8360655737704918,13.439121743861762,18.159742390823347,2.5714673998854507,0.5081967213114754,61
all_history,SPX,5,momentum,2026-07-21,19.58739649399983,3.0647914371449407,0.9180327868852459,12.418224391097446,15.780843378221464,2.2865262417380254,0.45901639344262296,61
all_history,SPX,5,momentum,2026-07-22,10.125011064076931,2.7332887976277442,0.9523809523809523,13.033466390873887,13.117749443381545,1.9546072943986577,0.5238095238095238,21
all_history,SPX,5,momentum,2026-07-23,67.68965153539014,6.512721717163053,0.7540983606557377,19.134735703632682,28.298084549685218,4.5492546428392995,0.47540983606557374,61
all_history,SPX,5,momentum,2026-07-24,67.22329016238771,6.955339073031637,0.8636363636363636,22.585853480678992,26.607371286471178,4.638026783683452,0.4772727272727273,44
all_history,SPX,5,momentum,2026-07-30,108.59057881660699,8.547293907751332,0.8333333333333334,21.964463121631955,36.80878932896636,5.915373712258751,0.5,12
all_history,SPX,5,momentum,2026-07-31,76.71643376694114,7.05947966643289,0.825,22.905075303066493,29.631388651088987,4.893199470694855,0.5,40
all_history,SPX,5,momentum,2026-08-03,5.6027664078886525,2.0480754872374285,1.0,13.515260769123081,13.515260769123081,1.636739994010241,0.7058823529411765,17
all_history,SPX,5,momentum,2026-08-11,9.2162024943778,2.4578323170685,1.0,13.988876094324324,13.988876094324324,1.9000306396097573,0.5333333333333333,15
all_history,SPX,5,momentum,2026-08-12,15.129342970000028,3.0407149855670847,0.9032258064516129,12.976182938223802,13.296212788178725,2.14624176203348,0.3225806451612903,31
all_history,SPX,5,momentum,2026-08-13,24.74698958525704,3.9367246340653868,0.8333333333333334,14.619072502567953,17.59858306541199,2.8233333117614072,0.625,24
all_history,SPX,5,momentum,2026-08-14,7.753099840227962,2.311692272880464,1.0,15.613447370059607,15.613447370059607,1.9233702854937154,0.75,4
all_history,SPX,5,momentum,2026-09-01,19.948599350404372,3.7273089007234104,0.8666666666666667,13.330723655987857,15.667269449720612,2.567264482615975,0.5333333333333333,45
all_history,SPX,5,momentum,2026-09-04,20.387735547766642,3.485610559475996,0.875,15.72794349577751,17.2695179114734,2.6266951108399628,0.625,16
all_history,SPX,5,momentum,2026-09-08,20.56871278474782,3.17186356238197,0.918918918918919,14.690756865612036,18.934341207047623,2.516978401574254,0.47297297297297297,37
all_history,SPX,5,momentum,2026-09-09,49.59156067780994,5.345063890408427,0.7333333333333333,18.223432138196266,26.070157695290177,3.979506138778128,0.6666666666666666,15
all_history,SPX,5,momentum,2026-09-10,12.727306509121641,2.838116971687945,0.9347826086956522,12.147248726378272,12.7973668282546,2.048967219258008,0.4782608695652174,46
all_history,SPX,5,momentum,2026-09-11,31.00094392110349,4.014801381446602,0.8823529411764706,14.677382990393534,19.717045346738857,2.899561111859661,0.4411764705882353,34
all_history,SPX,5,momentum,2026-09-14,30.076123684095037,3.790263404761176,0.8688524590163934,14.61555795862613,19.61775222920464,2.8644069369839302,0.5737704918032787,61
all_history,SPX,5,momentum,2026-09-15,15.52714759322425,3.19597446751802,0.9090909090909091,13.4805441725671,14.272906635568262,2.3212759939261223,0.45454545454545453,11
all_history,SPX,5,momentum,2026-09-16,97.08270084609696,6.740973528186361,0.6666666666666666,14.487382906999736,31.246493580617468,4.849269771865205,0.4166666666666667,60
all_history,SPX,5,momentum,2026-09-18,15.541437131341505,2.749083815031837,0.9,10.600490662751078,14.681880043488967,2.1071245386129527,0.6,60
all_history,SPX,5,momentum,2026-09-21,6.056776184167021,2.461051845079055,1.0,14.736452676970666,14.736452676970666,1.7575844925224302,1.0,1
all_history,SPX,5,momentum,2026-09-22,12.52394282999255,2.8371191016968362,0.8032786885245902,10.087422265512226,12.443459029772724,2.016716890994096,0.39344262295081966,61
all_history,SPX,5,momentum,2026-09-23,26.501605470510377,3.8083596501783985,0.8,13.425503602846897,20.063312187365643,2.8665838898444016,0.4222222222222222,45
all_history,SPX,5,momentum,2026-09-24,74.90364480789009,6.386272214698673,0.7868852459016393,18.374458779601934,30.472281623874046,4.6750901579179525,0.4426229508196721,61
all_history,SPX,5,momentum,2026-09-25,57.73815048063322,5.942160788809312,0.8360655737704918,18.961174696118338,25.1797017433624,4.1695803418418045,0.4098360655737705,61
all_history,SPX,5,momentum,2026-09-28,73.84355554911214,6.116865641062866,0.7894736842105263,18.833806575838018,30.429772702349876,4.567412795965603,0.42105263157894735,57
all_history,SPX,5,momentum,2026-09-29,30.74150415011166,4.11697754714709,0.8852459016393442,13.034479453801982,19.33116002255249,2.9770293869931925,0.4262295081967213,61
all_history,SPX,5,ou_gex,2026-07-21,13.906584896058686,2.697735464694889,0.9672131147540983,19.21255762869145,20.159243463615955,2.4190435137314132,0.5901639344262295,61
all_history,SPX,5,ou_gex,2026-07-22,7.89299889012114,2.4068337769949335,1.0,19.21255762869145,19.21255762869145,2.163242872199111,0.6190476190476191,21
all_history,SPX,5,ou_gex,2026-07-23,49.21925533857191,5.546925088366239,0.8852459016393442,19.21255762869145,24.837357086641934,3.9586636385118537,0.4262295081967213,61
all_history,SPX,5,ou_gex,2026-07-24,58.58668794328983,5.909446330687894,0.8636363636363636,19.21255762869145,27.463456699939684,4.17510408898586,0.4090909090909091,44
all_history,SPX,5,ou_gex,2026-07-30,90.64946129180811,7.032108805449453,0.75,19.21255762869145,36.73982982743436,5.25585724180641,0.75,12
all_history,SPX,5,ou_gex,2026-07-31,59.740002363798475,6.153778552846616,0.825,19.21255762869145,28.23427687200338,4.3042129091596175,0.4,40
all_history,SPX,5,ou_gex,2026-08-03,6.139315713629053,2.0952815761472037,1.0,19.21255762869145,19.21255762869145,2.0723229239586756,0.4117647058823529,17
all_history,SPX,5,ou_gex,2026-08-11,5.955247525842169,2.071325612370194,1.0,18.718750425868667,18.718750425868667,2.0264300657489214,0.3333333333333333,15
all_history,SPX,5,ou_gex,2026-08-12,10.050062207545409,2.5302107905304414,1.0,18.718750425868667,18.718750425868667,2.234551016304771,0.45161290322580644,31
all_history,SPX,5,ou_gex,2026-08-13,19.23409360013604,3.178326409872545,0.9166666666666666,18.718750425868667,20.501288730097347,2.634374059649643,0.625,24
all_history,SPX,5,ou_gex,2026-08-14,6.49244996437432,2.332558802160687,1.0,18.718750425868667,18.718750425868667,2.054993533719596,0.25,4
all_history,SPX,5,ou_gex,2026-09-01,18.04326027978506,3.567088648010726,0.9777777777777777,18.718750425868667,18.797966100775856,2.63985229415592,0.5333333333333333,45
all_history,SPX,5,ou_gex,2026-09-04,19.256832396136215,3.6663529202647798,0.9375,18.718750425868667,19.104827637110628,2.686443935120751,0.625,16
all_history,SPX,5,ou_gex,2026-09-08,16.207050931862074,2.8110677788137353,0.972972972972973,18.718750425868667,20.46676808058389,2.4728068030671877,0.6621621621621622,37
all_history,SPX,5,ou_gex,2026-09-09,43.28779697028814,5.3679693727463995,0.8,17.545779009036536,23.802331230181768,3.7457170308671333,0.5333333333333333,15
all_history,SPX,5,ou_gex,2026-09-10,10.645456928491436,2.623611942790841,1.0,17.545779009036536,17.545779009036536,2.193532611645347,0.5217391304347826,46
all_history,SPX,5,ou_gex,2026-09-11,21.317066622534618,3.4015333007811632,0.9411764705882353,17.545779009036536,20.371572334605617,2.6600966885280446,0.35294117647058826,34
all_history,SPX,5,ou_gex,2026-09-14,22.435096987882346,3.4427029544086385,0.9016393442622951,17.545779009036536,20.489406861144595,2.720639386192686,0.3770491803278688,61
all_history,SPX,5,ou_gex,2026-09-15,13.320006580386615,3.143508299458155,1.0,17.545779009036536,17.545779009036536,2.344805592917466,0.45454545454545453,11
all_history,SPX,5,ou_gex,2026-09-16,77.87114723764454,5.719648615420998,0.85,17.545779009036536,35.01592852812699,4.532108696675981,0.5333333333333333,60
all_history,SPX,5,ou_gex,2026-09-18,11.126471475912533,2.468005066360354,0.9666666666666667,17.545779009036536,18.042372231750335,2.1991249279006313,0.4,60
all_history,SPX,5,ou_gex,2026-09-21,8.18786701266965,2.861444916937883,1.0,16.842665399031496,16.842665399031496,2.025039500878563,0.0,1
all_history,SPX,5,ou_gex,2026-09-22,8.658459265037651,2.3587703909677873,0.9836065573770492,16.842665399031496,16.964599674216817,2.033928303571382,0.5245901639344263,61
all_history,SPX,5,ou_gex,2026-09-23,19.780498341765917,3.3006367599854016,0.9333333333333333,16.842665399031496,18.993724904626134,2.582609960169862,0.4222222222222222,45
all_history,SPX,5,ou_gex,2026-09-24,53.19639505892572,5.329937762265818,0.819672131147541,16.842665399031496,25.219500426293756,3.8119556961320793,0.5245901639344263,61
all_history,SPX,5,ou_gex,2026-09-25,43.72686227752713,4.986911012766034,0.8360655737704918,16.842665399031496,24.471448755699328,3.632881113755757,0.47540983606557374,61
all_history,SPX,5,ou_gex,2026-09-28,44.87357052198589,4.515516039644708,0.8421052631578947,16.842665399031496,26.3573622568593,3.526462067308096,0.5087719298245614,57
all_history,SPX,5,ou_gex,2026-09-29,21.9592692541636,3.350095475485779,0.9016393442622951,16.842665399031496,19.919620624763233,2.671891186931248,0.5245901639344263,61
all_history,SPX,5,ou_price,2026-07-21,13.817615817004752,2.704186501158964,0.9672131147540983,19.208780803973433,20.13392643150483,2.4158832856304913,0.5409836065573771,61
all_history,SPX,5,ou_price,2026-07-22,7.967997861671346,2.4244228666558203,1.0,19.208780803973433,19.208780803973433,2.1667523477560375,0.42857142857142855,21
all_history,SPX,5,ou_price,2026-07-23,48.93714294960095,5.519106298423393,0.8852459016393442,19.208780803973433,24.776701928837998,3.949027823137097,0.4918032786885246,61
all_history,SPX,5,ou_price,2026-07-24,58.672659784680995,5.89029732570547,0.8636363636363636,19.208780803973433,27.584778599758263,4.169510349870152,0.5227272727272727,44
all_history,SPX,5,ou_price,2026-07-30,91.49215086629795,7.035329371574503,0.75,19.208780803973433,37.05293383671046,5.2871205680703754,0.5,12
all_history,SPX,5,ou_price,2026-07-31,60.1262570303561,6.171654884717311,0.825,19.208780803973433,28.319945510775977,4.321643550458344,0.45,40
all_history,SPX,5,ou_price,2026-08-03,6.236458704062398,2.1060668245504424,1.0,19.208780803973433,19.208780803973433,2.076962269017068,0.4117647058823529,17
all_history,SPX,5,ou_price,2026-08-11,5.94878317304334,2.067886525009585,1.0,18.719056807314182,18.719056807314182,2.0260937394996934,0.4,15
all_history,SPX,5,ou_price,2026-08-12,9.99448710017446,2.521872244456428,1.0,18.719056807314182,18.719056807314182,2.231844408053066,0.6451612903225806,31
all_history,SPX,5,ou_price,2026-08-13,19.401721718274967,3.1937179314212494,0.9166666666666666,18.719056807314182,20.539519800970066,2.6416665320558566,0.3333333333333333,24
all_history,SPX,5,ou_price,2026-08-14,6.567136888008728,2.345771177587587,1.0,18.719056807314182,18.719056807314182,2.0589499719556477,0.25,4
all_history,SPX,5,ou_price,2026-09-01,18.088421116809954,3.5742832179909056,0.9777777777777777,18.719056807314182,18.811590678250166,2.6419018784317276,0.4222222222222222,45
all_history,SPX,5,ou_price,2026-09-04,19.413512475954175,3.6953184772819045,0.9375,18.719056807314182,19.10946151455887,2.694520695802376,0.3125,16
all_history,SPX,5,ou_price,2026-09-08,16.19054186707003,2.8195042566696245,0.972972972972973,18.719056807314182,20.46200543532901,2.472541692738181,0.527027027027027,37
all_history,SPX,5,ou_price,2026-09-09,43.47310665152236,5.368497183096086,0.8,17.547182714460757,23.914342010168077,3.751698955404417,0.5333333333333333,15
all_history,SPX,5,ou_price,2026-09-10,10.674320856916488,2.625186676603814,1.0,17.547182714460757,17.547182714460757,2.195141250815115,0.45652173913043476,46
all_history,SPX,5,ou_price,2026-09-11,21.298459879476543,3.39700960761775,0.9411764705882353,17.547182714460757,20.367162382214328,2.6591220608120745,0.5294117647058824,34
all_history,SPX,5,ou_price,2026-09-14,22.377118675652884,3.435123407379238,0.9016393442622951,17.547182714460757,20.492606746170743,2.717648373610898,0.47540983606557374,61
all_history,SPX,5,ou_price,2026-09-15,13.29321898067638,3.1411368134771624,1.0,17.547182714460757,17.547182714460757,2.3434968423667333,0.6363636363636364,11
all_history,SPX,5,ou_price,2026-09-16,77.85320669387436,5.731322107416751,0.85,17.547182714460757,35.02622000465359,4.531342461874803,0.5666666666666667,60
all_history,SPX,5,ou_price,2026-09-18,11.06175882470845,2.460312884836216,0.9666666666666667,17.547182714460757,18.042392913658695,2.195755381510732,0.43333333333333335,60
all_history,SPX,5,ou_price,2026-09-21,8.109361846286003,2.8476941279368475,1.0,16.84299380259907,16.84299380259907,2.0204399287257435,0.5,1
all_history,SPX,5,ou_price,2026-09-22,8.653290489276221,2.359911240910449,0.9836065573770492,16.84299380259907,16.962842899739357,2.0337209388840867,0.5,61
all_history,SPX,5,ou_price,2026-09-23,19.784429921045906,3.3006104896375392,0.9333333333333333,16.84299380259907,18.99326374501073,2.5827792285742204,0.5,45
all_history,SPX,5,ou_price,2026-09-24,53.21461179399846,5.33011229033248,0.819672131147541,16.84299380259907,25.22506528843493,3.8124472422682145,0.5,61
all_history,SPX,5,ou_price,2026-09-25,43.737034878568224,4.989280860049012,0.8360655737704918,16.84299380259907,24.477937281787607,3.633717166980077,0.5,61
all_history,SPX,5,ou_price,2026-09-28,44.8722094463594,4.515690564677035,0.8421052631578947,16.84299380259907,26.353700471011994,3.5265235935056225,0.5,57
all_history,SPX,5,ou_price,2026-09-29,21.977755866665827,3.35195714841238,0.9016393442622951,16.84299380259907,19.917853930414303,2.672986248563613,0.5,61
all_history,SPX,5,random_walk,2026-07-21,13.950262558239592,2.7056789640446963,0.9344262295081968,12.418224391097446,14.106504437899508,2.013624079458306,0.5,61
all_history,SPX,5,random_walk,2026-07-22,7.96221026511695,2.417663397134415,1.0,13.033466390873887,13.033466390873887,1.7970666010737137,0.5,21
all_history,SPX,5,random_walk,2026-07-23,49.03382808232407,5.532411518296061,0.8524590163934426,19.134735703632682,23.489541946717818,3.8865431773718857,0.5,61
all_history,SPX,5,random_walk,2026-07-24,58.528059928310356,5.904882946086053,0.9318181818181818,22.585853480678992,27.573498757048377,4.191130036751116,0.5,44
all_history,SPX,5,random_walk,2026-07-30,90.95289927606494,7.068915645117765,0.75,21.964463121631955,37.78376899328291,5.332888370955321,0.5,12
all_history,SPX,5,random_walk,2026-07-31,59.775334816570364,6.152792143117767,0.85,22.905075303066493,28.419679956639747,4.350672975856147,0.5,40
all_history,SPX,5,random_walk,2026-08-03,6.139915894471043,2.094028872133897,1.0,13.515260769123081,13.515260769123081,1.6771302492911555,0.5,17
all_history,SPX,5,random_walk,2026-08-11,5.936798528173649,2.0661645955144197,1.0,13.988876094324324,13.988876094324324,1.6973075572884102,0.5,15
all_history,SPX,5,random_walk,2026-08-12,10.033634397157934,2.530122780310546,0.967741935483871,12.976182938223802,12.98527359267257,1.8686172374004049,0.5,31
all_history,SPX,5,random_walk,2026-08-13,19.310634221801077,3.183588951587808,0.9166666666666666,14.619072502567953,18.033086085741044,2.4662406306355957,0.5,24
all_history,SPX,5,random_walk,2026-08-14,6.486503293251066,2.332601493177208,1.0,15.613447370059607,15.613447370059607,1.836903319596595,0.5,4
all_history,SPX,5,random_walk,2026-09-01,18.019631378689034,3.5694102635972538,0.9111111111111111,13.330723655987857,14.307621079635014,2.4765935974249373,0.5,45
all_history,SPX,5,random_walk,2026-09-04,19.335407631662438,3.678856028136579,0.9375,15.72794349577751,16.702261109276687,2.5795985231505973,0.5,16
all_history,SPX,5,random_walk,2026-09-08,16.241715893277867,2.8223025909675337,0.9459459459459459,14.690756865612036,17.522270871563858,2.288654663973911,0.5,37
all_history,SPX,5,random_walk,2026-09-09,43.459896952810176,5.372044949360618,0.8,18.223432138196266,24.67032915481481,3.774361061360625,0.5,15
all_history,SPX,5,random_walk,2026-09-10,10.66457018617468,2.624240867559464,0.9347826086956522,12.147248726378272,12.75383732691261,1.918674037987696,0.5,46
all_history,SPX,5,random_walk,2026-09-11,21.30069016371127,3.3975958943029743,0.9411764705882353,14.677382990393534,17.856610405094067,2.4832040550454226,0.5,34
all_history,SPX,5,random_walk,2026-09-14,22.368735146927527,3.4348328678148747,0.9180327868852459,14.61555795862613,17.951987230905715,2.530064808126071,0.5,61
all_history,SPX,5,random_walk,2026-09-15,13.308194418876802,3.142652699169544,1.0,13.4805441725671,13.4805441725671,2.1926893538567906,0.5,11
all_history,SPX,5,random_walk,2026-09-16,77.71287023741858,5.730303591516471,0.75,14.487382906999736,28.362862851861443,4.2116539359971314,0.5,60
all_history,SPX,5,random_walk,2026-09-18,11.069610765305164,2.460001603313382,0.9166666666666666,10.600490662751078,12.769104659213674,1.8349357014816277,0.5,60
all_history,SPX,5,random_walk,2026-09-21,8.109361846286003,2.8476941279368475,1.0,14.736452676970666,14.736452676970666,1.8950830859348116,0.5,1
all_history,SPX,5,random_walk,2026-09-22,8.653290489276221,2.359911240910449,0.9180327868852459,10.087422265512226,11.584987084676401,1.7039924197408176,0.5,61
all_history,SPX,5,random_walk,2026-09-23,19.784429921045906,3.3006104896375392,0.8666666666666667,13.425503602846897,17.62738082339911,2.4921443611740823,0.5,45
all_history,SPX,5,random_walk,2026-09-24,53.21461179399846,5.33011229033248,0.8524590163934426,18.374458779601934,26.471702436651288,3.877178799049478,0.5,61
all_history,SPX,5,random_walk,2026-09-25,43.737034878568224,4.989280860049012,0.8688524590163934,18.961174696118338,23.514844095665378,3.6050301913670406,0.5,61
all_history,SPX,5,random_walk,2026-09-28,44.8722094463594,4.515690564677035,0.8421052631578947,18.833806575838018,26.522320835588246,3.5828440498507312,0.5,57
all_history,SPX,5,random_walk,2026-09-29,21.977755866665827,3.35195714841238,0.8524590163934426,13.034479453801982,18.0133636869603,2.540963656477158,0.5,61
all_history,SPX,10,garch_gex,2026-07-21,19.45876054574346,3.4105580636218082,0.9344262295081968,13.902347214189723,15.651370073859061,2.3858205519054505,0.5,61
all_history,SPX,10,garch_gex,2026-07-22,13.446917145345584,3.0195828670825686,0.9047619047619048,13.850842895975967,14.595960299860069,2.154966411416562,0.5,21
all_history,SPX,10,garch_gex,2026-07-23,76.8611736374659,6.965073243721549,0.9508196721311475,32.18405470660267,33.266015766306005,5.103932559727302,0.5,61
all_history,SPX,10,garch_gex,2026-07-24,109.59026897177459,8.374342455580932,0.7727272727272727,27.203249764917903,36.26427737926922,5.846734391332933,0.5,44
all_history,SPX,10,garch_gex,2026-07-30,140.40792939578645,10.028065983592873,0.5833333333333334,29.88618729745457,43.444648574258004,7.169946725560137,0.5,12
all_history,SPX,10,garch_gex,2026-07-31,115.09560498352648,8.556770973480525,0.75,26.751048313385574,36.163931322994486,6.026282134440326,0.5,40
all_history,SPX,10,garch_gex,2026-08-03,12.53802788240327,2.9329634216230582,0.7058823529411765,10.57271843933664,12.672030917687252,2.0956606532819286,0.5,17
all_history,SPX,10,garch_gex,2026-08-11,11.4368901913066,2.706701902852122,1.0,15.665187833478477,15.665187833478477,2.1282946547734545,0.5,15
all_history,SPX,10,garch_gex,2026-08-12,14.163054380476996,2.7912484984600825,0.967741935483871,14.170357476188853,14.629678772905114,2.1202857432866096,0.5,31
all_history,SPX,10,garch_gex,2026-08-13,50.48227263489207,5.639997401667642,0.75,15.379866011369849,28.459662842425363,4.121446660347825,0.5,24
all_history,SPX,10,garch_gex,2026-08-14,17.81234030648959,3.428144973317103,1.0,15.894716767457197,15.894716767457197,2.494912690901402,0.5,4
all_history,SPX,10,garch_gex,2026-09-01,36.577333411030125,5.031610067056156,0.9111111111111111,20.706394535828192,22.65011952613836,3.5718404623112847,0.5,45
all_history,SPX,10,garch_gex,2026-09-04,41.60583930765187,5.398079762789166,0.875,18.501045260664505,22.604050595615536,3.687179107385614,0.5,16
all_history,SPX,10,garch_gex,2026-09-08,19.93143267710685,3.566090064129172,0.972972972972973,19.11585555016688,20.439007460212615,2.752591044562468,0.5,37
all_history,SPX,10,garch_gex,2026-09-09,69.46500917374395,6.541069447353948,0.8666666666666667,26.586874550632544,32.91683747504187,4.849134757646439,0.5,15
all_history,SPX,10,garch_gex,2026-09-10,20.902403011815085,3.651766981672668,0.9565217391304348,19.824460678881586,20.3349277979158,2.8025615731928433,0.5,46
all_history,SPX,10,garch_gex,2026-09-11,39.9336827277938,4.289207138053932,0.8823529411764706,16.1579069091593,22.102598862695558,3.2124727564632614,0.5,34
all_history,SPX,10,garch_gex,2026-09-14,43.92471890488447,4.71432615682477,0.8852459016393442,20.577585126636727,25.187509958289766,3.56227812308439,0.5,61
all_history,SPX,10,garch_gex,2026-09-15,21.056576666696678,3.6652607546910243,1.0,19.805774729781618,19.805774729781618,2.8200771986201265,0.5,11
all_history,SPX,10,garch_gex,2026-09-16,199.48086827223148,8.802533040914083,0.75,21.581181271596346,42.44008676947842,6.331353598587549,0.5,60
all_history,SPX,10,garch_gex,2026-09-18,19.357926501396857,3.073033827604619,0.9,14.782409451596825,18.704869430575158,2.4871847349960694,0.5,60
all_history,SPX,10,garch_gex,2026-09-21,11.57140050292174,3.401676131397835,1.0,14.863803993337037,14.863803993337037,2.1292026548391627,0.5,1
all_history,SPX,10,garch_gex,2026-09-22,15.850636107257861,3.257123307157241,0.8360655737704918,11.886939797510417,14.800235513538627,2.3346860559488114,0.5,61
all_history,SPX,10,garch_gex,2026-09-23,29.09248090496344,4.266819958224531,0.8888888888888888,18.475454409708444,21.013837265505718,3.13922912972667,0.5,45
all_history,SPX,10,garch_gex,2026-09-24,90.90505223697282,6.662217686025781,0.8852459016393442,24.901720065547977,35.9666171825417,5.030252704180951,0.5,61
all_history,SPX,10,garch_gex,2026-09-25,75.28906583370845,6.111667084520764,0.8688524590163934,22.378907846761624,31.187681618106758,4.472461086107232,0.5,61
all_history,SPX,10,garch_gex,2026-09-28,80.76863567962201,6.169143971977367,0.8771929824561403,24.8674841506022,33.758177352107076,4.790809432847956,0.5,57
all_history,SPX,10,garch_gex,2026-09-29,40.331325139055885,4.7520515851144,0.8360655737704918,18.407570067488884,23.287386616238685,3.5479939733282726,0.5,61
all_history,SPX,10,garch_price,2026-07-21,19.45876054574346,3.4105580636218082,0.9508196721311475,15.049663644198008,16.450213603560442,2.427462467587982,0.5,61
all_history,SPX,10,garch_price,2026-07-22,13.446917145345584,3.0195828670825686,0.9047619047619048,13.46268318832966,14.666030090014141,2.146113931369152,0.5,21
all_history,SPX,10,garch_price,2026-07-23,76.8611736374659,6.965073243721549,0.8688524590163934,25.315375711537484,29.942662155489955,4.920827244564281,0.5,61
all_history,SPX,10,garch_price,2026-07-24,109.59026897177459,8.374342455580932,0.7954545454545454,30.06331435303596,36.06366732727465,5.856092240291128,0.5,44
all_history,SPX,10,garch_price,2026-07-30,140.40792939578645,10.028065983592873,0.6666666666666666,32.43886551729832,40.11939220027001,7.079230670397432,0.5,12
all_history,SPX,10,garch_price,2026-07-31,115.09560498352648,8.556770973480525,0.85,30.913772939544724,36.88671431244852,6.049230738203141,0.5,40
all_history,SPX,10,garch_price,2026-08-03,12.53802788240327,2.9329634216230582,0.9411764705882353,13.847685664386047,13.975388981055515,2.1667123646463446,0.5,17
all_history,SPX,10,garch_price,2026-08-11,11.4368901913066,2.706701902852122,1.0,14.41480193138896,14.41480193138896,2.065682075325318,0.5,15
all_history,SPX,10,garch_price,2026-08-12,14.163054380476996,2.7912484984600825,0.9032258064516129,13.931588286104164,14.423480054116032,2.1135775018228933,0.5,31
all_history,SPX,10,garch_price,2026-08-13,50.48227263489207,5.639997401667642,0.75,17.51976507132159,27.742456280666104,4.07864105273499,0.5,24
all_history,SPX,10,garch_price,2026-08-14,17.81234030648959,3.428144973317103,1.0,17.327122285917945,17.327122285917945,2.5446384158024116,0.5,4
all_history,SPX,10,garch_price,2026-09-01,36.577333411030125,5.031610067056156,0.8,16.39230843034481,21.653547963645334,3.5314947351864343,0.5,45
all_history,SPX,10,garch_price,2026-09-04,41.60583930765187,5.398079762789166,0.875,18.554081783667343,22.64596740032663,3.6811332664745064,0.5,16
all_history,SPX,10,garch_price,2026-09-08,19.93143267710685,3.566090064129172,0.8918918918918919,16.88310719959103,19.636244271003548,2.692797533706548,0.5,37
all_history,SPX,10,garch_price,2026-09-09,69.46500917374395,6.541069447353948,0.8666666666666667,25.857951951317293,32.76499750895161,4.84123955652905,0.5,15
all_history,SPX,10,garch_price,2026-09-10,20.902403011815085,3.651766981672668,0.8695652173913043,14.361854430497567,17.3919575527686,2.6304617097669145,0.5,46
all_history,SPX,10,garch_price,2026-09-11,39.9336827277938,4.289207138053932,0.8823529411764706,17.536076104538314,22.393549867048264,3.243474857890113,0.5,34
all_history,SPX,10,garch_price,2026-09-14,43.92471890488447,4.71432615682477,0.8360655737704918,18.365004842759483,24.3205613059406,3.5044348000473176,0.5,61
all_history,SPX,10,garch_price,2026-09-15,21.056576666696678,3.6652607546910243,0.9090909090909091,14.361129643118478,16.336006115282892,2.6447410167551806,0.5,11
all_history,SPX,10,garch_price,2026-09-16,199.48086827223148,8.802533040914083,0.75,21.62465892462827,42.02874818303722,6.3128381692844755,0.5,60
all_history,SPX,10,garch_price,2026-09-18,19.357926501396857,3.073033827604619,0.85,12.989406259023042,18.386276489806882,2.4517470882848955,0.5,60
all_history,SPX,10,garch_price,2026-09-21,11.57140050292174,3.401676131397835,1.0,16.432343333238432,16.432343333238432,2.201865852518696,0.5,1
all_history,SPX,10,garch_price,2026-09-22,15.850636107257861,3.257123307157241,0.8524590163934426,12.766599603297601,15.017481485061278,2.3459039643223814,0.5,61
all_history,SPX,10,garch_price,2026-09-23,29.09248090496344,4.266819958224531,0.8444444444444444,17.36321098032459,20.92740767107784,3.1286492712323586,0.5,45
all_history,SPX,10,garch_price,2026-09-24,90.90505223697282,6.662217686025781,0.8852459016393442,25.3507489271726,36.699541566222514,5.068751096078307,0.5,61
all_history,SPX,10,garch_price,2026-09-25,75.28906583370845,6.111667084520764,0.8852459016393442,24.172254417487633,32.0351336617196,4.516428648043632,0.5,61
all_history,SPX,10,garch_price,2026-09-28,80.76863567962201,6.169143971977367,0.8771929824561403,24.992844021728654,34.291330508796186,4.817764692585913,0.5,57
all_history,SPX,10,garch_price,2026-09-29,40.331325139055885,4.7520515851144,0.7868852459016393,17.37643802022108,23.48555200379103,3.5470381585331117,0.5,61
all_history,SPX,10,kalman_gex,2026-07-21,18.966835854300626,3.412448423933532,0.9836065573770492,26.949164412365732,27.11253686118025,3.1273140525973258,0.4918032786885246,61
all_history,SPX,10,kalman_gex,2026-07-22,11.781858714741682,2.6903590926997443,1.0,27.715994641183897,27.715994641183897,2.9506070832235314,0.6666666666666666,21
all_history,SPX,10,kalman_gex,2026-07-23,87.28201863410068,7.398880034870929,0.8852459016393442,26.949164412365732,33.107242688015546,5.283106839007685,0.45901639344262296,61
all_history,SPX,10,kalman_gex,2026-07-24,114.08353813343074,8.45611112788887,0.7272727272727273,27.157805346080124,37.492683681068485,6.013602113395726,0.5454545454545454,44
all_history,SPX,10,kalman_gex,2026-07-30,230.99367177632757,13.569165783034466,0.5833333333333334,28.180197836844602,56.127350777774645,9.359393117945235,0.16666666666666666,12
all_history,SPX,10,kalman_gex,2026-07-31,137.49409257499624,9.239804704889105,0.75,27.223572698342075,42.486942310714305,6.606631259154116,0.5,40
all_history,SPX,10,kalman_gex,2026-08-03,13.721970257847122,3.056191188956531,1.0,27.890018437734422,27.890018437734422,3.0372526625004377,0.47058823529411764,17
all_history,SPX,10,kalman_gex,2026-08-11,8.839023083039486,2.6670900013964802,1.0,27.425797351519392,27.425797351519392,2.8251091026712705,0.6,15
all_history,SPX,10,kalman_gex,2026-08-12,16.443613320278185,3.065428859658164,1.0,26.87507807460161,26.87507807460161,3.03081601129259,0.3870967741935484,31
all_history,SPX,10,kalman_gex,2026-08-13,60.74562147047424,6.033746381357268,0.9166666666666666,27.060598223554337,29.897006695803896,4.469386278985983,0.4166666666666667,24
all_history,SPX,10,kalman_gex,2026-08-14,13.972992454562167,3.3650689732623524,1.0,28.387121545114535,28.387121545114535,3.0814233815108487,0.75,4
all_history,SPX,10,kalman_gex,2026-09-01,41.997638420979605,5.267844553673525,0.9777777777777777,26.631579742636042,27.15149509121648,3.917120509978401,0.4,45
all_history,SPX,10,kalman_gex,2026-09-04,37.913764798406994,4.945208843886321,0.9375,27.72812131553969,27.8067919957779,3.8332927147869227,0.625,16
all_history,SPX,10,kalman_gex,2026-09-08,24.62595451753001,3.925341592522042,0.972972972972973,27.216052298158196,27.47291252842802,3.360157381991486,0.3783783783783784,37
all_history,SPX,10,kalman_gex,2026-09-09,69.14298892496235,6.918101804118458,0.8,25.707862522616487,30.763828348009838,4.7715687262541575,0.4666666666666667,15
all_history,SPX,10,kalman_gex,2026-09-10,29.813244093857232,4.393764917837029,0.9782608695652174,24.996003506906643,25.126547123943524,3.418524733918316,0.391304347826087,46
all_history,SPX,10,kalman_gex,2026-09-11,44.6322885558036,4.5895034742047605,0.9117647058823529,25.617047881009714,29.297667295199272,3.8611814794641286,0.5882352941176471,34
all_history,SPX,10,kalman_gex,2026-09-14,46.9216626143542,4.877541286235423,0.9180327868852459,24.866164741070193,28.998049412109477,3.9081224842582776,0.5245901639344263,61
all_history,SPX,10,kalman_gex,2026-09-15,26.270778032497685,4.295590075646282,1.0,25.93219906502083,25.93219906502083,3.3603373180780705,0.36363636363636365,11
all_history,SPX,10,kalman_gex,2026-09-16,196.27736221548747,8.916246388226021,0.8166666666666667,24.87310280121135,54.588569280657275,7.012132946109829,0.4666666666666667,60
all_history,SPX,10,kalman_gex,2026-09-18,21.13127799062678,3.2418325673900017,0.9666666666666667,24.87310280121135,25.110390845852642,3.069353578372673,0.4666666666666667,60
all_history,SPX,10,kalman_gex,2026-09-21,15.530191632686234,3.9408364128299254,1.0,26.331552254870044,26.331552254870044,2.9966152443934,0.0,1
all_history,SPX,10,kalman_gex,2026-09-22,15.975392318256368,3.2784658261332416,1.0,24.270538105891568,24.270538105891568,2.862117830637599,0.5081967213114754,61
all_history,SPX,10,kalman_gex,2026-09-23,29.079745038238052,4.216357810164149,0.9333333333333333,24.391340411346956,25.267083793778298,3.3526595403291695,0.6444444444444445,45
all_history,SPX,10,kalman_gex,2026-09-24,92.66939883656808,6.823208191334739,0.8852459016393442,24.270538105891568,34.332417913623374,4.9860509797558015,0.5409836065573771,61
all_history,SPX,10,kalman_gex,2026-09-25,88.94688870019175,6.57984547303574,0.8688524590163934,24.270538105891568,35.646516480144,4.949529096987402,0.5081967213114754,61
all_history,SPX,10,kalman_gex,2026-09-28,98.4059642003835,6.98224075442651,0.8421052631578947,24.295106219222827,36.717249054161215,5.2772794267734975,0.4298245614035088,57
all_history,SPX,10,kalman_gex,2026-09-29,41.14910833887657,4.736663560587429,0.8852459016393442,24.270538105891568,26.325487617523727,3.747596777718203,0.5409836065573771,61
all_history,SPX,10,kalman_price,2026-07-21,23.119424978151073,3.712925174200998,0.9836065573770492,27.237154845688845,27.399352635134147,3.290140156683234,0.5573770491803278,61
all_history,SPX,10,kalman_price,2026-07-22,11.922252999800829,2.7216667961744343,1.0,28.011239882735907,28.011239882735907,2.9774465102081473,0.7619047619047619,21
all_history,SPX,10,kalman_price,2026-07-23,82.17830669706314,7.2818346446726485,0.8524590163934426,27.237154845688845,31.713747800815057,5.165179475412245,0.5081967213114754,61
all_history,SPX,10,kalman_price,2026-07-24,123.49984593795853,8.726830270266914,0.7272727272727273,27.447810212376012,39.363294721789686,6.27016330652883,0.5454545454545454,44
all_history,SPX,10,kalman_price,2026-07-30,244.7014561461633,13.92184702882151,0.5,28.47963184830608,59.266333533424664,9.595921050376889,0.16666666666666666,12
all_history,SPX,10,kalman_price,2026-07-31,133.1354815299067,9.002855817441475,0.75,27.514206192258342,41.326371566033636,6.489515039288105,0.5,40
all_history,SPX,10,kalman_price,2026-08-03,11.54385398789576,2.730724766152334,1.0,28.186852665460957,28.186852665460957,2.98108576908814,0.7058823529411765,17
all_history,SPX,10,kalman_price,2026-08-11,15.752201816116408,3.2527318301118573,1.0,27.71395126782316,27.71395126782316,3.09345504777021,0.6,15
all_history,SPX,10,kalman_price,2026-08-12,16.625782674882757,3.04771133260658,1.0,27.16227190342204,27.16227190342204,3.0562715883700533,0.41935483870967744,31
all_history,SPX,10,kalman_price,2026-08-13,69.22615421634111,6.460066827360379,0.9166666666666666,27.347829103916595,31.013146718417754,4.7308184213996105,0.4583333333333333,24
all_history,SPX,10,kalman_price,2026-08-14,16.790316862568133,3.8331472825443904,1.0,28.67967313082193,28.67967313082193,3.202385505225618,0.75,4
all_history,SPX,10,kalman_price,2026-09-01,40.272699910759954,5.331513115099153,0.9777777777777777,26.919538064870313,27.18237512046219,3.881126056246422,0.4888888888888889,45
all_history,SPX,10,kalman_price,2026-09-04,42.15132699012567,5.175596813575404,0.9375,28.017593537690047,28.652227948716195,3.982559609540625,0.625,16
all_history,SPX,10,kalman_price,2026-09-08,24.789823738009417,4.128367081681652,1.0,27.503782884350034,27.503782884350034,3.3900207460980436,0.32432432432432434,37
all_history,SPX,10,kalman_price,2026-09-09,75.74983085858825,7.166315385073263,0.8,25.989696835560924,32.03350832232061,4.976850456895394,0.4666666666666667,15
all_history,SPX,10,kalman_price,2026-09-10,31.628394703448777,4.39250230830575,0.9782608695652174,25.25534586462038,25.64598599822856,3.4855553198381033,0.391304347826087,46
all_history,SPX,10,kalman_price,2026-09-11,49.036332408512955,4.931221120903177,0.9117647058823529,25.89690954885986,30.134047170187955,4.007803388114375,0.5,34
all_history,SPX,10,kalman_price,2026-09-14,50.87320113770257,5.396799329232685,0.9344262295081968,25.118214053914894,28.653629885157272,4.093697612311898,0.4098360655737705,61
all_history,SPX,10,kalman_price,2026-09-15,25.352304226263573,4.120269895434448,1.0,26.218253755671665,26.218253755671665,3.342036014055343,0.18181818181818182,11
all_history,SPX,10,kalman_price,2026-09-16,198.24688075499228,9.048776482608433,0.8333333333333334,25.125586778641438,54.80651399848687,7.099072424340608,0.36666666666666664,60
all_history,SPX,10,kalman_price,2026-09-18,20.342612356299103,3.29677367435111,1.0,25.125586778641438,25.125586778641438,3.059381397895623,0.4666666666666667,60
all_history,SPX,10,kalman_price,2026-09-21,7.458879241214703,2.7310948795702252,1.0,26.65849072506731,26.65849072506731,2.71509496989118,1.0,1
all_history,SPX,10,kalman_price,2026-09-22,16.845376545815487,3.354218177779133,1.0,24.47222126080636,24.47222126080636,2.9099104586819027,0.5245901639344263,61
all_history,SPX,10,kalman_price,2026-09-23,33.1240566141017,4.465567173878615,0.9333333333333333,24.615884275272922,26.200124836994817,3.503201455848009,0.5555555555555556,45
all_history,SPX,10,kalman_price,2026-09-24,97.71586915445909,6.70746025182478,0.8852459016393442,24.47222126080636,35.04891534402786,5.068859151529092,0.5409836065573771,61
all_history,SPX,10,kalman_price,2026-09-25,90.00958585483116,6.648419427992737,0.8688524590163934,24.47222126080636,35.86332241451245,5.001310914382605,0.45901639344262296,61
all_history,SPX,10,kalman_price,2026-09-28,110.54289248942013,7.428378432400476,0.7894736842105263,24.501952468827643,39.42870881267204,5.620954614212973,0.34210526315789475,57
all_history,SPX,10,kalman_price,2026-09-29,43.90790540466514,4.993741247531073,0.9016393442622951,24.47222126080636,27.070232868050713,3.842079675269393,0.47540983606557374,61
all_history,SPX,10,markov_gex,2026-07-21,19.262093785144902,3.408710146663965,0.9672131147540983,18.962671961731534,19.7217960894768,2.600142318678844,0.4918032786885246,61
all_history,SPX,10,markov_gex,2026-07-22,12.616226322903216,2.8827837528754947,1.0,16.717171320675607,16.717171320675607,2.2445047555426076,0.7619047619047619,21
all_history,SPX,10,markov_gex,2026-07-23,75.57386952048422,6.93601662407144,0.8524590163934426,25.83600521132325,30.09166216884697,4.925902268667831,0.45901639344262296,61
all_history,SPX,10,markov_gex,2026-07-24,110.54199417835308,8.377532111309703,0.7272727272727273,26.57744383258863,36.668415533451864,5.854070776351108,0.45454545454545453,44
all_history,SPX,10,markov_gex,2026-07-30,144.64886548423615,10.24589845378591,0.6666666666666666,32.84600474534253,39.36385517905941,7.144836680753883,0.3333333333333333,12
all_history,SPX,10,markov_gex,2026-07-31,117.13331735721297,8.672840065635778,0.825,28.874941837309695,36.0340528365452,6.0845723724077585,0.375,40
all_history,SPX,10,markov_gex,2026-08-03,12.950432197963295,2.985154476208854,1.0,16.72918246352216,16.72918246352216,2.2789896174113133,0.29411764705882354,17
all_history,SPX,10,markov_gex,2026-08-11,11.176301283322344,2.684426006230384,0.9333333333333333,13.955987363889014,14.071756141008272,2.033291966119595,0.6666666666666666,15
all_history,SPX,10,markov_gex,2026-08-12,13.827348708279963,2.782408165864131,1.0,16.52384371163482,16.52384371163482,2.1923018087523034,0.5483870967741935,31
all_history,SPX,10,markov_gex,2026-08-13,52.46270287337353,5.712854288875154,0.75,18.273438837596906,30.371588619566854,4.281283618601973,0.375,24
all_history,SPX,10,markov_gex,2026-08-14,18.609165346679617,3.527489844515514,1.0,14.24618647664375,14.24618647664375,2.4867699835655706,0.25,4
all_history,SPX,10,markov_gex,2026-09-01,36.216032773534934,5.028470348492485,0.7555555555555555,15.67571122739087,21.865863643780386,3.5325976717631273,0.5111111111111111,45
all_history,SPX,10,markov_gex,2026-09-04,41.267812575638885,5.384285117725682,0.8125,20.064830606846968,24.11264111631453,3.7362719876452872,0.625,16
all_history,SPX,10,markov_gex,2026-09-08,19.654832567238106,3.5511599451570457,0.8918918918918919,17.06240270629235,19.306423436688377,2.6974956427683408,0.4594594594594595,37
all_history,SPX,10,markov_gex,2026-09-09,68.54851527816366,6.6163264913389215,0.8666666666666667,28.315799808858415,34.66746332475178,4.964619027601804,0.4,15
all_history,SPX,10,markov_gex,2026-09-10,20.519703726146894,3.5652377957884305,0.9347826086956522,16.338420842836452,18.42721915182706,2.636460598393047,0.6086956521739131,46
all_history,SPX,10,markov_gex,2026-09-11,40.22622884321931,4.307141953716027,0.9411764705882353,20.090256747098472,23.78139781725926,3.34373938329277,0.5882352941176471,34
all_history,SPX,10,markov_gex,2026-09-14,45.527434878355784,4.691306705647629,0.8852459016393442,21.173582148181534,26.66963357126609,3.652150023198765,0.5409836065573771,61
all_history,SPX,10,markov_gex,2026-09-15,20.58362588296687,3.546019467863035,0.9090909090909091,13.890137388484373,16.19993810051213,2.5961024736048413,0.6363636363636364,11
all_history,SPX,10,markov_gex,2026-09-16,199.10181739174888,8.808296188433907,0.7,17.624514557835838,47.255165850883465,6.620183507032039,0.5333333333333333,60
all_history,SPX,10,markov_gex,2026-09-18,19.714525468294937,3.097840035878758,0.8833333333333333,14.38627082327748,18.288655133479992,2.4663691860987127,0.5,60
all_history,SPX,10,markov_gex,2026-09-21,13.228195239810983,3.637058597247367,1.0,14.654240130549972,14.654240130549972,2.2292368811498164,0.0,1
all_history,SPX,10,markov_gex,2026-09-22,16.047162474765354,3.2883465666230642,0.9180327868852459,13.400688599798634,14.791373975495942,2.3278779295780136,0.4262295081967213,61
all_history,SPX,10,markov_gex,2026-09-23,28.91346545742677,4.219106458935714,0.8666666666666667,18.969651297309984,21.623902686972897,3.1840186793765155,0.5555555555555556,45
all_history,SPX,10,markov_gex,2026-09-24,91.29314262547264,6.666037872217899,0.8852459016393442,26.383917844371588,36.99605593773432,5.055456330264399,0.5081967213114754,61
all_history,SPX,10,markov_gex,2026-09-25,75.85215651357774,6.121348614281965,0.8688524590163934,22.883138768891975,30.28679607021961,4.433578111206911,0.47540983606557374,61
all_history,SPX,10,markov_gex,2026-09-28,81.128809585307,6.172495227699901,0.8070175438596491,22.641001799514765,32.487663045127526,4.682956950177978,0.4824561403508772,57
all_history,SPX,10,markov_gex,2026-09-29,40.09323186518832,4.733505326538158,0.8852459016393442,18.793573430945518,23.26383903273095,3.571607094012445,0.5245901639344263,61
all_history,SPX,10,markov_price,2026-07-21,19.43252453600855,3.421546223022067,0.9672131147540983,18.961962423748474,19.76565482041404,2.607677725502432,0.47540983606557374,61
all_history,SPX,10,markov_price,2026-07-22,12.473296217099547,2.8620554578200346,1.0,16.708155793075104,16.708155793075104,2.2364561099692906,0.7619047619047619,21
all_history,SPX,10,markov_price,2026-07-23,75.74108282659321,6.932766354236201,0.8524590163934426,25.801923861886067,30.24181479545405,4.929946616552989,0.45901639344262296,61
all_history,SPX,10,markov_price,2026-07-24,110.29138344914563,8.37081742682964,0.7272727272727273,26.562593451210795,36.600211049162,5.846634710957243,0.45454545454545453,44
all_history,SPX,10,markov_price,2026-07-30,144.8569054050054,10.258988822130322,0.6666666666666666,32.89944997493385,39.30872013678586,7.148152671160642,0.3333333333333333,12
all_history,SPX,10,markov_price,2026-07-31,117.49427972720412,8.693204426462325,0.825,28.935973879640375,36.083440494875326,6.09590945273057,0.35,40
all_history,SPX,10,markov_price,2026-08-03,13.864236825854508,3.1142637060976335,1.0,16.728502408077258,16.728502408077258,2.3300314119758676,0.23529411764705882,17
all_history,SPX,10,markov_price,2026-08-11,11.172601692370028,2.6843367792281114,0.9333333333333333,13.86295516375988,14.011161349644736,2.0288675273187873,0.6666666666666666,15
all_history,SPX,10,markov_price,2026-08-12,13.924377569332492,2.800142710298642,1.0,16.497875106703127,16.497875106703127,2.201114670289987,0.41935483870967744,31
all_history,SPX,10,markov_price,2026-08-13,50.36425887413508,5.5932717504254486,0.75,18.08006861819052,29.91961631550683,4.197701558180463,0.625,24
all_history,SPX,10,markov_price,2026-08-14,17.84928648334694,3.453216008479404,1.0,14.149213446302298,14.149213446302298,2.4406675316369113,0.25,4
all_history,SPX,10,markov_price,2026-09-01,36.743098247397604,5.042771310776019,0.8,15.688391903314805,22.257105460246866,3.561295086170335,0.4444444444444444,45
all_history,SPX,10,markov_price,2026-09-04,41.176877156218616,5.3790036369832155,0.8125,20.10337137198801,24.129691379272,3.736319194393739,0.5625,16
all_history,SPX,10,markov_price,2026-09-08,19.502990633625856,3.5277856027561456,0.8918918918918919,17.02416703442973,19.33765145816919,2.689350270254249,0.6216216216216216,37
all_history,SPX,10,markov_price,2026-09-09,68.95120790130642,6.597738755310211,0.8666666666666667,28.336960042831194,34.80575550103767,4.975823802350941,0.4,15
all_history,SPX,10,markov_price,2026-09-10,20.607556857609794,3.596097494291848,0.9347826086956522,16.302300153040363,18.345460605671214,2.6468339908696663,0.6304347826086957,46
all_history,SPX,10,markov_price,2026-09-11,40.07137911620712,4.289313126589994,0.9411764705882353,20.12256601659712,23.779655895450713,3.3355934409449994,0.5294117647058824,34
all_history,SPX,10,markov_price,2026-09-14,44.914596904785014,4.6780579176340105,0.8852459016393442,21.16558341137759,26.537676628448533,3.6356999654774405,0.5737704918032787,61
all_history,SPX,10,markov_price,2026-09-15,20.5439317656879,3.582274529941813,0.9090909090909091,13.881672998727993,16.016117727706902,2.598992047077805,0.7272727272727273,11
all_history,SPX,10,markov_price,2026-09-16,199.35129499674065,8.805672527102917,0.7,17.6110394170694,47.27844293872395,6.621734990825655,0.5333333333333333,60
all_history,SPX,10,markov_price,2026-09-18,19.62576661634252,3.0846866292802018,0.8833333333333333,14.369197415471454,18.263291510208244,2.460432744402509,0.5166666666666667,60
all_history,SPX,10,markov_price,2026-09-21,13.485177662469944,3.67221699555867,1.0,14.660898552779168,14.660898552779168,2.2462394838771744,0.0,1
all_history,SPX,10,markov_price,2026-09-22,16.066448441039523,3.2916956947587006,0.9180327868852459,13.39912058680449,14.798616861807478,2.329133657352728,0.4262295081967213,61
all_history,SPX,10,markov_price,2026-09-23,28.90483485393915,4.219058378448615,0.8666666666666667,18.970536000798937,21.617636061964436,3.184246327692123,0.5555555555555556,45
all_history,SPX,10,markov_price,2026-09-24,91.25211084890756,6.666167152887386,0.8852459016393442,26.386619655473694,36.98793480627213,5.055175565353158,0.5245901639344263,61
all_history,SPX,10,markov_price,2026-09-25,75.87297297528646,6.122318976223444,0.8688524590163934,22.882686639918603,30.28733105724611,4.4337650190545155,0.4426229508196721,61
all_history,SPX,10,markov_price,2026-09-28,81.07895241828818,6.170038179353663,0.8070175438596491,22.640038404628175,32.485604443481556,4.682190499722328,0.4824561403508772,57
all_history,SPX,10,markov_price,2026-09-29,40.07602816310197,4.732438950275713,0.8852459016393442,18.79011655179484,23.25592475387587,3.5708173854804253,0.5245901639344263,61
all_history,SPX,10,momentum,2026-07-21,33.64851497902702,4.071572700475693,0.9016393442622951,17.562021354482383,20.91207305831606,3.049114999957974,0.47540983606557374,61
all_history,SPX,10,momentum,2026-07-22,18.403295351657796,3.474441790365936,0.9523809523809523,18.432104934707766,19.033940901894624,2.652325681083065,0.47619047619047616,21
all_history,SPX,10,momentum,2026-07-23,108.89808054528937,8.565836902123353,0.7868852459016393,27.060602744502024,35.44280825303626,5.950254437357107,0.47540983606557374,61
all_history,SPX,10,momentum,2026-07-24,140.6776875693609,9.52880532542192,0.7954545454545454,31.941220310147802,40.23668996912507,6.647001627760743,0.45454545454545453,44
all_history,SPX,10,momentum,2026-07-30,165.66408515290115,11.503337748120492,0.8333333333333334,31.0624416368556,39.66877502825668,7.631160731417488,0.6666666666666666,12
all_history,SPX,10,momentum,2026-07-31,159.55454666151687,9.413336500395381,0.825,32.392668140773665,43.086126361651324,6.913527223873078,0.6,40
all_history,SPX,10,momentum,2026-08-03,12.515303682533055,2.9610070305213894,1.0,19.113465078702887,19.113465078702887,2.375768527817462,0.7058823529411765,17
all_history,SPX,10,momentum,2026-08-11,19.644343659413163,3.8252462942894394,1.0,19.783258294950233,19.783258294950233,2.755686890427614,0.4666666666666667,15
all_history,SPX,10,momentum,2026-08-12,26.169143315821195,3.6647767315301367,0.9354838709677419,18.351093899070456,20.137344511208394,2.8007684896627536,0.45161290322580644,31
all_history,SPX,10,momentum,2026-08-13,67.23250907499201,6.903006789896971,0.75,20.674490602447182,26.292438480733107,4.69541844014947,0.5833333333333334,24
all_history,SPX,10,momentum,2026-08-14,22.994135509385742,4.475284916103556,1.0,22.08074902613683,22.08074902613683,3.057569257079054,0.75,4
all_history,SPX,10,momentum,2026-09-01,40.422913739813104,5.355378855292867,0.8222222222222222,18.85249019054588,22.26599723387011,3.677537465628844,0.5777777777777777,45
all_history,SPX,10,momentum,2026-09-04,48.576612766357684,5.289186587332916,0.8125,22.24267099996626,25.36692811445475,3.9882715438465075,0.5625,16
all_history,SPX,10,momentum,2026-09-08,28.4496452655552,3.9360843467464783,0.918918918918919,20.775867600874204,23.293523746608194,3.139042805967968,0.4864864864864865,37
all_history,SPX,10,momentum,2026-09-09,86.77511600944634,6.343125577069198,0.8666666666666667,25.771824882822894,36.64068094036512,5.0864069851875335,0.6666666666666666,15
all_history,SPX,10,momentum,2026-09-10,28.475605286057718,4.103608742585335,0.8695652173913043,17.17880389436346,19.777332236276685,3.034539073256422,0.5869565217391305,46
all_history,SPX,10,momentum,2026-09-11,66.96785431642809,5.297824063061939,0.8529411764705882,20.75695408515871,28.398718494229943,4.166100464309661,0.5,34
all_history,SPX,10,momentum,2026-09-14,66.16490625649327,6.085044557554027,0.819672131147541,20.6695202867391,27.190430992914557,4.329250967017035,0.5245901639344263,61
all_history,SPX,10,momentum,2026-09-15,32.62425488590222,4.357813519492894,0.8181818181818182,19.064368397013986,22.844410656779086,3.2690645135154153,0.6363636363636364,11
all_history,SPX,10,momentum,2026-09-16,243.58962413257984,10.328609110919013,0.5833333333333334,20.488253390371185,52.94274242065809,7.710152977152846,0.55,60
all_history,SPX,10,momentum,2026-09-18,33.088183600064774,4.201305405880509,0.8666666666666667,14.991357663071934,22.15678996765435,3.1596373516954666,0.5333333333333333,60
all_history,SPX,10,momentum,2026-09-21,7.32092083882515,2.7057200222538085,1.0,20.84049123704122,20.84049123704122,2.256084427763732,1.0,1
all_history,SPX,10,momentum,2026-09-22,27.68873218971734,4.266599428168876,0.7868852459016393,14.265769377271724,18.50325990581222,3.030640930335288,0.4098360655737705,61
all_history,SPX,10,momentum,2026-09-23,47.61126873660094,5.531887021684088,0.7777777777777778,18.986529276834933,24.580574358951477,3.930649638826964,0.4666666666666667,45
all_history,SPX,10,momentum,2026-09-24,130.66105700702118,8.03146732276712,0.8688524590163934,25.98540880737844,41.369752253224576,5.947383367474693,0.5737704918032787,61
all_history,SPX,10,momentum,2026-09-25,136.6653050327267,8.560904147561695,0.819672131147541,26.815150413776106,41.84731554550663,6.2104139268948755,0.4262295081967213,61
all_history,SPX,10,momentum,2026-09-28,176.3287713051758,9.522589815885958,0.7719298245614035,26.635024690661705,49.02437254797326,7.112807747920173,0.41228070175438597,57
all_history,SPX,10,momentum,2026-09-29,65.16159372380564,6.261305550678078,0.7868852459016393,18.433537622040216,28.43541547640022,4.427487514591287,0.3770491803278688,61
all_history,SPX,10,ou_gex,2026-07-21,19.349821235624194,3.4087824636819812,0.9836065573770492,27.12642830809454,27.634077339742465,3.15830284745632,0.47540983606557374,61
all_history,SPX,10,ou_gex,2026-07-22,13.233596516524537,2.9827724426936633,1.0,27.12642830809454,27.12642830809454,2.9585513580207254,0.7619047619047619,21
all_history,SPX,10,ou_gex,2026-07-23,77.53161899531835,6.993696038459987,0.8360655737704918,27.12642830809454,31.866463170908386,5.035258334504224,0.4262295081967213,61
all_history,SPX,10,ou_gex,2026-07-24,109.8441432364858,8.372449673609685,0.8409090909090909,27.126428308094543,36.412906920456685,5.915985677083665,0.4318181818181818,44
all_history,SPX,10,ou_gex,2026-07-30,139.03717784558637,9.967164168104642,0.6666666666666666,27.126428308094535,39.349593839094574,6.934361734321716,0.75,12
all_history,SPX,10,ou_gex,2026-07-31,114.58540480568593,8.524201111121432,0.8,27.12642830809454,37.41081573990754,6.0600212847937645,0.45,40
all_history,SPX,10,ou_gex,2026-08-03,12.555042644662766,2.938564146474255,1.0,27.12642830809454,27.12642830809454,2.93769084951102,0.4117647058823529,17
all_history,SPX,10,ou_gex,2026-08-11,11.483356372195537,2.7090398188553264,1.0,26.43920044319009,26.43920044319009,2.8446377264538287,0.4,15
all_history,SPX,10,ou_gex,2026-08-12,14.18199473490045,2.7942069773030114,1.0,26.43920044319009,26.43920044319009,2.9326165951667043,0.45161290322580644,31
all_history,SPX,10,ou_gex,2026-08-13,50.114390804469856,5.616886764046661,0.9166666666666666,26.43920044319009,28.465795586495194,4.153086237097068,0.75,24
all_history,SPX,10,ou_gex,2026-08-14,17.809074486567244,3.428059698142711,1.0,26.43920044319009,26.43920044319009,3.0822828543132865,0.25,4
all_history,SPX,10,ou_gex,2026-09-01,36.58108059349138,5.031541492791353,0.9777777777777777,26.439200443190092,26.760129050454395,3.739953781735032,0.4888888888888889,45
all_history,SPX,10,ou_gex,2026-09-04,41.293689562740745,5.380762530629983,0.9375,26.43920044319009,26.660312440980228,3.8987801194531215,0.5625,16
all_history,SPX,10,ou_gex,2026-09-08,19.840714698210064,3.5535339241030255,1.0,26.43920044319009,26.43920044319009,3.1425324144946933,0.5945945945945946,37
all_history,SPX,10,ou_gex,2026-09-09,68.80395202185711,6.525751901056252,0.8,24.775349021781867,30.522421756156096,4.721909015408489,0.5333333333333333,15
all_history,SPX,10,ou_gex,2026-09-10,20.8182094474435,3.647369128387916,1.0,24.775349021781864,24.775349021781864,3.07832415525041,0.5,46
all_history,SPX,10,ou_gex,2026-09-11,39.92377620383263,4.28488580126202,0.9411764705882353,24.775349021781864,28.41709840519982,3.6482423898122613,0.5294117647058824,34
all_history,SPX,10,ou_gex,2026-09-14,44.19540222535141,4.725581480295585,0.9180327868852459,24.775349021781864,28.646738136312756,3.8257824018544593,0.4262295081967213,61
all_history,SPX,10,ou_gex,2026-09-15,21.01077235900919,3.662504525247335,1.0,24.775349021781867,24.775349021781867,3.0895844656232203,0.6363636363636364,11
all_history,SPX,10,ou_gex,2026-09-16,199.76431857462995,8.830681024432714,0.8166666666666667,24.775349021781867,54.74376959803017,6.97199005078215,0.43333333333333335,60
all_history,SPX,10,ou_gex,2026-09-18,19.506660305191726,3.101651735627984,0.9833333333333333,24.775349021781867,24.875067802911193,3.004757720419954,0.36666666666666664,60
all_history,SPX,10,ou_gex,2026-09-21,11.759120196755763,3.4291573595791376,1.0,23.8015073729432,23.8015073729432,2.669657121469454,0.0,1
all_history,SPX,10,ou_gex,2026-09-22,15.850783537944196,3.2569957910267266,1.0,23.8015073729432,23.8015073729432,2.8268078656854043,0.5081967213114754,61
all_history,SPX,10,ou_gex,2026-09-23,29.057105923201224,4.265114792750737,0.9555555555555556,23.801507372943203,24.13198243576624,3.328735831968096,0.5111111111111111,45
all_history,SPX,10,ou_gex,2026-09-24,90.783796332321,6.659105440593305,0.8688524590163934,23.8015073729432,34.27508590818016,4.896210734951424,0.5245901639344263,61
all_history,SPX,10,ou_gex,2026-09-25,75.41572212525433,6.11217809308354,0.9016393442622951,23.8015073729432,33.31527459698715,4.585073470776958,0.4262295081967213,61
all_history,SPX,10,ou_gex,2026-09-28,80.70770920905055,6.1664466650466885,0.8771929824561403,23.8015073729432,34.4015446839113,4.768837331942197,0.5877192982456141,57
all_history,SPX,10,ou_gex,2026-09-29,40.250838980287824,4.74600069949971,0.9016393442622951,23.8015073729432,25.95578188977894,3.711917669644375,0.5737704918032787,61
all_history,SPX,10,ou_price,2026-07-21,19.172575607410806,3.3935990785180667,0.9836065573770492,26.896530672842168,27.395948109097965,3.1370041213049658,0.5573770491803278,61
all_history,SPX,10,ou_price,2026-07-22,13.643414222895931,3.0544062385883515,1.0,26.896530672842168,26.896530672842168,2.956458905364746,0.38095238095238093,21
all_history,SPX,10,ou_price,2026-07-23,77.19874068855601,6.9751302853695965,0.8360655737704918,26.896530672842168,31.67122370436438,5.024112209431625,0.4918032786885246,61
all_history,SPX,10,ou_price,2026-07-24,110.59526130863759,8.365606683235107,0.8181818181818182,26.89653067284217,36.687048182673294,5.93335225074897,0.5,44
all_history,SPX,10,ou_price,2026-07-30,143.52539444486231,10.207970167764678,0.6666666666666666,26.896530672842164,40.36306956425792,7.0723253295440225,0.3333333333333333,12
all_history,SPX,10,ou_price,2026-07-31,116.61240077936172,8.65503487337844,0.775,26.896530672842168,37.5468084418708,6.130328944308974,0.35,40
all_history,SPX,10,ou_price,2026-08-03,12.912605639825232,2.979199375667487,1.0,26.896530672842168,26.896530672842168,2.9336689308887385,0.4117647058823529,17
all_history,SPX,10,ou_price,2026-08-11,11.506825052421599,2.7184051143508627,1.0,26.37593451319398,26.37593451319398,2.8406388347077582,0.4666666666666667,15
all_history,SPX,10,ou_price,2026-08-12,14.08243445258897,2.784623199484771,1.0,26.37593451319398,26.37593451319398,2.924912079172989,0.5161290322580645,31
all_history,SPX,10,ou_price,2026-08-13,50.754892548105055,5.646114362734611,0.9166666666666666,26.37593451319398,28.485040490026307,4.171412497634885,0.4583333333333333,24
all_history,SPX,10,ou_price,2026-08-14,18.0418051731582,3.4543878429649664,1.0,26.37593451319398,26.37593451319398,3.0865410806588853,0.25,4
all_history,SPX,10,ou_price,2026-09-01,36.87066211834496,5.046530284521284,0.9777777777777777,26.37593451319398,26.732811185932142,3.7464280992680554,0.4666666666666667,45
all_history,SPX,10,ou_price,2026-09-04,41.852304044270674,5.413759498616545,0.9375,26.37593451319398,26.625648294974525,3.9164138458398217,0.375,16
all_history,SPX,10,ou_price,2026-09-08,19.888340242310882,3.563284926219829,1.0,26.37593451319398,26.37593451319398,3.140223104579561,0.5135135135135135,37
all_history,SPX,10,ou_price,2026-09-09,69.57672348045118,6.5520986002461425,0.8,24.78325095999692,30.639576005114836,4.745898603111118,0.4,15
all_history,SPX,10,ou_price,2026-09-10,20.928669853027944,3.654644103849204,1.0,24.783250959996916,24.783250959996916,3.082774042602766,0.43478260869565216,46
all_history,SPX,10,ou_price,2026-09-11,39.93271944982581,4.2882361949200725,0.9411764705882353,24.78325095999692,28.411889529398533,3.6489967483456667,0.47058823529411764,34
all_history,SPX,10,ou_price,2026-09-14,43.985789598219746,4.714486588268092,0.9180327868852459,24.78325095999692,28.623263782858082,3.8192526529363175,0.4918032786885246,61
all_history,SPX,10,ou_price,2026-09-15,21.00391724378239,3.663953047569804,1.0,24.78325095999692,24.78325095999692,3.089767051122247,0.45454545454545453,11
all_history,SPX,10,ou_price,2026-09-16,199.90528030388634,8.808342014261685,0.8166666666666667,24.78325095999692,54.77551530415777,6.977328519459522,0.4666666666666667,60
all_history,SPX,10,ou_price,2026-09-18,19.339054280259393,3.071039079875629,0.9833333333333333,24.78325095999692,24.886187017959163,2.998843195424175,0.4666666666666667,60
all_history,SPX,10,ou_price,2026-09-21,11.57140050292174,3.401676131397835,1.0,23.8195902666016,23.8195902666016,2.66305445577782,0.5,1
all_history,SPX,10,ou_price,2026-09-22,15.850636107257861,3.257123307157241,1.0,23.8195902666016,23.8195902666016,2.828009412307347,0.5,61
all_history,SPX,10,ou_price,2026-09-23,29.09248090496344,4.266819958224531,0.9555555555555556,23.819590266601605,24.150071868164403,3.330908064992804,0.5,45
all_history,SPX,10,ou_price,2026-09-24,90.90505223697282,6.662217686025781,0.8688524590163934,23.8195902666016,34.294185578860876,4.899221533826478,0.5,61
all_history,SPX,10,ou_price,2026-09-25,75.28906583370845,6.111667084520764,0.9016393442622951,23.8195902666016,33.295715140323416,4.583255680821465,0.5,61
all_history,SPX,10,ou_price,2026-09-28,80.76863567962201,6.169143971977367,0.8771929824561403,23.8195902666016,34.417453388294724,4.770919729826843,0.5,57
all_history,SPX,10,ou_price,2026-09-29,40.331325139055885,4.7520515851144,0.9016393442622951,23.8195902666016,25.979474327953096,3.7155234543088,0.5,61
all_history,SPX,10,random_walk,2026-07-21,19.45876054574346,3.4105580636218082,0.9672131147540983,17.562021354482383,18.57511517942553,2.532705382816497,0.5,61
all_history,SPX,10,random_walk,2026-07-22,13.446917145345584,3.0195828670825686,0.9523809523809523,18.432104934707766,18.717955815691102,2.3896017937080356,0.5,21
all_history,SPX,10,random_walk,2026-07-23,76.8611736374659,6.965073243721549,0.8524590163934426,27.060602744502024,30.152497732700677,4.937249630908468,0.5,61
all_history,SPX,10,random_walk,2026-07-24,109.59026897177459,8.374342455580932,0.8409090909090909,31.941220310147802,36.60874920278852,5.896477485409424,0.5,44
all_history,SPX,10,random_walk,2026-07-30,140.40792939578645,10.028065983592873,0.6666666666666666,31.0624416368556,38.878052108892845,6.982880346340013,0.5,12
all_history,SPX,10,random_walk,2026-07-31,115.09560498352648,8.556770973480525,0.9,32.392668140773665,37.86019855244815,6.086436603910181,0.5,40
all_history,SPX,10,random_walk,2026-08-03,12.53802788240327,2.9329634216230582,1.0,19.113465078702887,19.113465078702887,2.4034931906354453,0.5,17
all_history,SPX,10,random_walk,2026-08-11,11.4368901913066,2.706701902852122,1.0,19.783258294950233,19.783258294950233,2.362915755255737,0.5,15
all_history,SPX,10,random_walk,2026-08-12,14.163054380476996,2.7912484984600825,1.0,18.351093899070456,18.351093899070456,2.3484789390444614,0.5,31
all_history,SPX,10,random_walk,2026-08-13,50.48227263489207,5.639997401667642,0.8333333333333334,20.674490602447182,25.839399113347298,4.01609476509342,0.5,24
all_history,SPX,10,random_walk,2026-08-14,17.81234030648959,3.428144973317103,1.0,22.08074902613683,22.08074902613683,2.796032873268883,0.5,4
all_history,SPX,10,random_walk,2026-09-01,36.577333411030125,5.031610067056156,0.8222222222222222,18.85249019054588,21.850486280977186,3.507750872624377,0.5,45
all_history,SPX,10,random_walk,2026-09-04,41.60583930765187,5.398079762789166,0.875,22.24267099996626,23.945030763592783,3.7466747998936825,0.5,16
all_history,SPX,10,random_walk,2026-09-08,19.93143267710685,3.566090064129172,0.972972972972973,20.775867600874204,21.890740307776532,2.8400241047740873,0.5,37
all_history,SPX,10,random_walk,2026-09-09,69.46500917374395,6.541069447353948,0.8666666666666667,25.771824882822894,31.448060289335228,4.793209977953359,0.5,15
all_history,SPX,10,random_walk,2026-09-10,20.902403011815085,3.651766981672668,0.9347826086956522,17.17880389436346,18.537564139955787,2.6987401552859995,0.5,46
all_history,SPX,10,random_walk,2026-09-11,39.9336827277938,4.289207138053932,0.9411764705882353,20.75695408515871,24.886269611951587,3.3870200965270167,0.5,34
all_history,SPX,10,random_walk,2026-09-14,43.92471890488447,4.71432615682477,0.8852459016393442,20.6695202867391,25.157313012838163,3.562031256979461,0.5,61
all_history,SPX,10,random_walk,2026-09-15,21.056576666696678,3.6652607546910243,0.9090909090909091,19.064368397013986,19.437857851080317,2.804178845342506,0.5,11
all_history,SPX,10,random_walk,2026-09-16,199.48086827223148,8.802533040914083,0.7666666666666667,20.488253390371185,45.75888697659116,6.514897834202634,0.5,60
all_history,SPX,10,random_walk,2026-09-18,19.357926501396857,3.073033827604619,0.8833333333333333,14.991357663071934,18.751439619363854,2.4912798053083085,0.5,60
all_history,SPX,10,random_walk,2026-09-21,11.57140050292174,3.401676131397835,1.0,20.84049123704122,20.84049123704122,2.459772611399105,0.5,1
all_history,SPX,10,random_walk,2026-09-22,15.850636107257861,3.257123307157241,0.9016393442622951,14.265769377271724,15.625957437742997,2.376341201589918,0.5,61
all_history,SPX,10,random_walk,2026-09-23,29.09248090496344,4.266819958224531,0.9111111111111111,18.986529276834933,21.171967162298802,3.157155071545234,0.5,45
all_history,SPX,10,random_walk,2026-09-24,90.90505223697282,6.662217686025781,0.8852459016393442,25.98540880737844,36.85255495315217,5.035497856007064,0.5,61
all_history,SPX,10,random_walk,2026-09-25,75.28906583370845,6.111667084520764,0.9180327868852459,26.815150413776106,34.015038134453086,4.627727328374513,0.5,61
all_history,SPX,10,random_walk,2026-09-28,80.76863567962201,6.169143971977367,0.9122807017543859,26.635024690661705,34.9858772985578,4.866868604143285,0.5,57
all_history,SPX,10,random_walk,2026-09-29,40.331325139055885,4.7520515851144,0.8524590163934426,18.433537622040216,23.623381208931576,3.5552938491476804,0.5,61
all_history,SPX,15,garch_gex,2026-07-21,23.939043105308738,3.5483196449745638,0.9344262295081968,17.024377675848683,18.398136192632066,2.6488741222732193,0.5,61
all_history,SPX,15,garch_gex,2026-07-22,18.23208239451951,3.6102223593805407,1.0,17.188505560605318,17.188505560605318,2.5661030340978823,0.5,21
all_history,SPX,15,garch_gex,2026-07-23,112.7201287150102,8.32767373769755,0.9508196721311475,39.96789737054181,42.248388880032465,6.172682308741148,0.5,61
all_history,SPX,15,garch_gex,2026-07-24,155.2339369675509,9.57176505467578,0.8409090909090909,33.14196511781812,44.93353533183227,6.896975153794503,0.5,44
all_history,SPX,15,garch_gex,2026-07-30,233.31665547464465,13.081283643108085,0.6666666666666666,36.31309981803312,53.520634129940184,9.307827800643047,0.5,12
all_history,SPX,15,garch_gex,2026-07-31,162.20417080019678,10.40511850197836,0.75,32.459462842534876,43.10926012072295,7.256092165887978,0.5,40
all_history,SPX,15,garch_gex,2026-08-03,22.459751754449044,4.008852663941284,0.7058823529411765,12.868774057593427,18.25832378301698,2.8288643795906236,0.5,17
all_history,SPX,15,garch_gex,2026-08-11,17.30346416004657,3.247362490247663,1.0,19.431440964159872,19.431440964159872,2.630662492146882,0.5,15
all_history,SPX,15,garch_gex,2026-08-12,14.999477013009251,3.1738828519798603,0.967741935483871,17.46454619725267,17.5527211143823,2.3786955224170305,0.5,31
all_history,SPX,15,garch_gex,2026-08-13,79.41559397127257,6.953145638217393,0.6666666666666666,18.718558347645047,35.79222057885311,5.196663319446006,0.5,24
all_history,SPX,15,garch_gex,2026-08-14,22.152504189558456,3.903688556743873,1.0,19.46167397837832,19.46167397837832,2.841200721680319,0.5,4
all_history,SPX,15,garch_gex,2026-09-01,69.79136688376539,6.968969318317249,0.8,25.748825916534425,31.164123099382348,4.870021685088496,0.5,45
all_history,SPX,15,garch_gex,2026-09-04,56.059492060188525,6.340310413148472,0.9375,22.762336216994647,25.856435023144662,4.260022527574442,0.5,16
all_history,SPX,15,garch_gex,2026-09-08,24.64586926750111,3.751983830716297,0.972972972972973,23.677735984501044,25.800881941606566,3.1873376668340168,0.5,37
all_history,SPX,15,garch_gex,2026-09-09,124.13755662677664,8.180491769871635,0.8,32.658414367902125,45.734131471619044,6.410608006916651,0.5,15
all_history,SPX,15,garch_gex,2026-09-10,28.38866547703613,4.305991000706854,0.9565217391304348,24.728154941363158,25.59488443376185,3.3888170550475074,0.5,46
all_history,SPX,15,garch_gex,2026-09-11,50.77095164407673,4.752931745728026,0.9117647058823529,19.740836883934673,26.56275359639251,3.631692484898876,0.5,34
all_history,SPX,15,garch_gex,2026-09-14,70.92093128126875,6.0411266743240795,0.9016393442622951,25.418283480515,31.301433782757055,4.448183960963056,0.5,61
all_history,SPX,15,garch_gex,2026-09-15,17.78843945940097,3.6463095659048785,1.0,24.757504184237288,24.757504184237288,2.9658867599773804,0.5,11
all_history,SPX,15,garch_gex,2026-09-16,305.5089751429357,10.947099443653375,0.75,26.433817709262964,50.1830232191941,7.880628722699744,0.5,60
all_history,SPX,15,garch_gex,2026-09-18,26.10106568474474,3.865666032673471,0.9,18.298850827916965,21.474568816979954,2.991523482391179,0.5,60
all_history,SPX,15,garch_gex,2026-09-21,20.921068572298758,4.573955462430604,1.0,18.113373911933895,18.113373911933895,2.792980854609722,0.5,1
all_history,SPX,15,garch_gex,2026-09-22,19.497905039355945,3.567570669919569,0.8852459016393442,14.606424653199552,17.098524919307106,2.599162875000081,0.5,61
all_history,SPX,15,garch_gex,2026-09-23,45.27208427006727,5.046161752952159,0.8666666666666667,22.801872140626443,27.490169485383635,3.8916446216830045,0.5,45
all_history,SPX,15,garch_gex,2026-09-24,134.41371330216504,8.222398083729786,0.8524590163934426,30.46912259192165,44.20591354469609,6.212298545612796,0.5,61
all_history,SPX,15,garch_gex,2026-09-25,108.59595300681512,6.8748981048540045,0.8360655737704918,27.269463064436604,38.42462772062047,5.364678735929718,0.5,61
all_history,SPX,15,garch_gex,2026-09-28,119.34724487681925,7.417257946632545,0.8596491228070176,30.470149776853738,40.873758045585504,5.804094995972685,0.5,57
all_history,SPX,15,garch_gex,2026-09-29,54.83479170304204,5.650363314355777,0.8852459016393442,22.69952816032269,26.01482184920981,4.133327914837107,0.5,61
all_history,SPX,15,garch_price,2026-07-21,23.939043105308738,3.5483196449745638,0.9672131147540983,18.47048624978433,19.245294404726085,2.716539794884204,0.5,61
all_history,SPX,15,garch_price,2026-07-22,18.23208239451951,3.6102223593805407,0.9523809523809523,16.530039755355542,16.971928726138028,2.5534047725520566,0.5,21
all_history,SPX,15,garch_price,2026-07-23,112.7201287150102,8.32767373769755,0.8688524590163934,31.001025118810936,37.12861909082661,5.896727010351629,0.5,61
all_history,SPX,15,garch_price,2026-07-24,155.2339369675509,9.57176505467578,0.8636363636363636,36.803215372667175,44.97979818210708,6.931129086449453,0.5,44
all_history,SPX,15,garch_price,2026-07-30,233.31665547464465,13.081283643108085,0.6666666666666666,39.70519744655912,50.59259450170955,9.14624203276404,0.5,12
all_history,SPX,15,garch_price,2026-07-31,162.20417080019678,10.40511850197836,0.85,37.84173287988488,42.673815447785884,7.268746963562438,0.5,40
all_history,SPX,15,garch_price,2026-08-03,22.459751754449044,4.008852663941284,0.8823529411764706,16.99917196721706,18.901349935699354,2.8866377521750497,0.5,17
all_history,SPX,15,garch_price,2026-08-11,17.30346416004657,3.247362490247663,1.0,17.695620217951507,17.695620217951507,2.556562255262166,0.5,15
all_history,SPX,15,garch_price,2026-08-12,14.999477013009251,3.1738828519798603,0.967741935483871,17.110615096405787,17.576029812931576,2.377944818757198,0.5,31
all_history,SPX,15,garch_price,2026-08-13,79.41559397127257,6.953145638217393,0.7083333333333334,21.482045740915186,33.55762707853529,5.119470306704565,0.5,24
all_history,SPX,15,garch_price,2026-08-14,22.152504189558456,3.903688556743873,1.0,21.2457700785353,21.2457700785353,2.9197303980176805,0.5,4
all_history,SPX,15,garch_price,2026-09-01,69.79136688376539,6.968969318317249,0.7777777777777778,20.10639337671761,31.609654565754827,4.867979102589391,0.5,45
all_history,SPX,15,garch_price,2026-09-04,56.059492060188525,6.340310413148472,0.9375,22.743862906680565,25.45762280317426,4.2474830374178705,0.5,16
all_history,SPX,15,garch_price,2026-09-08,24.64586926750111,3.751983830716297,0.9459459459459459,20.706752568744243,23.782879116700414,3.0809082181489162,0.5,37
all_history,SPX,15,garch_price,2026-09-09,124.13755662677664,8.180491769871635,0.8,31.673490914125452,45.937675639112385,6.404247095522893,0.5,15
all_history,SPX,15,garch_price,2026-09-10,28.38866547703613,4.305991000706854,0.8478260869565217,17.64967306132671,21.490000170456156,3.1923432636221833,0.5,46
all_history,SPX,15,garch_price,2026-09-11,50.77095164407673,4.752931745728026,0.9117647058823529,21.5227483553866,27.323492255089448,3.6841383250323254,0.5,34
all_history,SPX,15,garch_price,2026-09-14,70.92093128126875,6.0411266743240795,0.8688524590163934,22.53532897351397,30.029269371098476,4.376729765007096,0.5,61
all_history,SPX,15,garch_price,2026-09-15,17.78843945940097,3.6463095659048785,1.0,17.644723461675113,17.644723461675113,2.5879629692929815,0.5,11
all_history,SPX,15,garch_price,2026-09-16,305.5089751429357,10.947099443653375,0.7166666666666667,26.522407077491092,49.92232893795818,7.842771034000714,0.5,60
all_history,SPX,15,garch_price,2026-09-18,26.10106568474474,3.865666032673471,0.8666666666666667,15.981224372383839,21.200184550561847,2.952969291073955,0.5,60
all_history,SPX,15,garch_price,2026-09-21,20.921068572298758,4.573955462430604,1.0,20.1974350572467,20.1974350572467,2.8719333910546774,0.5,1
all_history,SPX,15,garch_price,2026-09-22,19.497905039355945,3.567570669919569,0.9180327868852459,15.76008689620211,17.725054014279078,2.6288896402054887,0.5,61
all_history,SPX,15,garch_price,2026-09-23,45.27208427006727,5.046161752952159,0.8666666666666667,21.334133592907936,27.20655385293179,3.870285782580355,0.5,45
all_history,SPX,15,garch_price,2026-09-24,134.41371330216504,8.222398083729786,0.8688524590163934,31.051806455237596,45.151142576256724,6.258655462741916,0.5,61
all_history,SPX,15,garch_price,2026-09-25,108.59595300681512,6.8748981048540045,0.8688524590163934,29.62114166887558,39.327978442142324,5.4355834516537165,0.5,61
all_history,SPX,15,garch_price,2026-09-28,119.34724487681925,7.417257946632545,0.8596491228070176,30.620185020967853,41.32101570704755,5.842447652039362,0.5,57
all_history,SPX,15,garch_price,2026-09-29,54.83479170304204,5.650363314355777,0.819672131147541,21.352612407570618,25.527608361218782,4.119968984434468,0.5,61
all_history,SPX,15,kalman_gex,2026-07-21,22.639190861174818,3.489925854359452,1.0,33.249410351702714,33.249410351702714,3.673089131356777,0.5901639344262295,61
all_history,SPX,15,kalman_gex,2026-07-22,15.144254844447056,3.17740493849393,1.0,34.611595075654016,34.611595075654016,3.5973585998516433,0.6666666666666666,21
all_history,SPX,15,kalman_gex,2026-07-23,138.36417656795575,8.9750850184715,0.819672131147541,33.249410351702714,42.018082197260895,6.592879384313141,0.4262295081967213,61
all_history,SPX,15,kalman_gex,2026-07-24,164.15527015294035,10.1980789015219,0.8181818181818182,33.62124849942269,46.27104213201033,7.170823449704304,0.4772727272727273,44
all_history,SPX,15,kalman_gex,2026-07-30,457.7001811417909,19.66036978082526,0.5,35.43008150993882,82.92879867673919,13.62348570426748,0.16666666666666666,12
all_history,SPX,15,kalman_gex,2026-07-31,208.21357022122933,11.631002522167572,0.75,33.73827277414461,50.19844989533637,8.134261447177568,0.5,40
all_history,SPX,15,kalman_gex,2026-08-03,24.55761191280262,4.1363551487671995,1.0,34.91899119863956,34.91899119863956,3.893420545011613,0.5882352941176471,17
all_history,SPX,15,kalman_gex,2026-08-11,11.392917561318013,2.8562965644641185,1.0,34.44023959583035,34.44023959583035,3.4769724305254757,0.6666666666666666,15
all_history,SPX,15,kalman_gex,2026-08-12,18.63511411165782,3.52829744448008,1.0,33.46645419111051,33.46645419111051,3.6008093610676855,0.3870967741935484,31
all_history,SPX,15,kalman_gex,2026-08-13,102.50503252733255,7.794475780386196,0.9166666666666666,33.79520287720098,38.05483257886963,5.749505716706596,0.4166666666666667,24
all_history,SPX,15,kalman_gex,2026-08-14,18.94470371238863,3.9112615429382447,1.0,36.12372276870069,36.12372276870069,3.820693815546843,0.75,4
all_history,SPX,15,kalman_gex,2026-09-01,81.28003535823589,7.252030807385639,0.9111111111111111,33.03393613018559,34.514871686763655,5.2785065674182094,0.4666666666666667,45
all_history,SPX,15,kalman_gex,2026-09-04,55.163971946444775,6.239712889104317,1.0,34.970183954860346,34.970183954860346,4.728067036878029,0.6875,16
all_history,SPX,15,kalman_gex,2026-09-08,35.715695237017975,4.71233241908485,0.972972972972973,34.0693471923704,34.56869093131974,4.115884008380613,0.35135135135135137,37
all_history,SPX,15,kalman_gex,2026-09-09,124.37824901194087,9.044899328644336,0.8666666666666667,32.304317888360444,38.7648567037387,6.335239354539518,0.5333333333333333,15
all_history,SPX,15,kalman_gex,2026-09-10,51.14277526521503,6.111519343942895,1.0,31.0462130436069,31.0462130436069,4.419714996869255,0.34782608695652173,46
all_history,SPX,15,kalman_gex,2026-09-11,65.72796028811756,5.5620982767365,0.9117647058823529,32.14438787747432,36.13116776064955,4.737510572682951,0.5294117647058824,34
all_history,SPX,15,kalman_gex,2026-09-14,78.36601152227935,6.2913828825237434,0.9508196721311475,30.815744153730986,36.15927709353039,4.943489659784909,0.45901639344262296,61
all_history,SPX,15,kalman_gex,2026-09-15,32.730138825275944,5.130201695193703,1.0,32.69852646799949,32.69852646799949,3.9797495798987144,0.36363636363636365,11
all_history,SPX,15,kalman_gex,2026-09-16,297.49822916136134,11.11672592078353,0.8,30.828065274967347,69.25539518928937,8.880103406230763,0.45,60
all_history,SPX,15,kalman_gex,2026-09-18,31.400626466963008,4.240056324279108,0.9833333333333333,30.828065274967347,30.901300634245512,3.792671875472808,0.45,60
all_history,SPX,15,kalman_gex,2026-09-21,29.043139604915766,5.389168730418056,1.0,33.88871729311134,33.88871729311134,3.9542472355916565,0.0,1
all_history,SPX,15,kalman_gex,2026-09-22,19.165176130792766,3.5324325755123236,1.0,30.265614830140468,30.265614830140468,3.3891143757065256,0.4918032786885246,61
all_history,SPX,15,kalman_gex,2026-09-23,46.32959854316007,5.102034682568953,0.9333333333333333,30.480457146533315,31.771395663561602,4.204032290433042,0.6222222222222222,45
all_history,SPX,15,kalman_gex,2026-09-24,137.7628265826682,8.393784433997386,0.9180327868852459,30.265614830140468,43.294097648196406,6.190651370715618,0.5737704918032787,61
all_history,SPX,15,kalman_gex,2026-09-25,137.87144965466942,7.796638423766064,0.8688524590163934,30.265614830140468,44.69469249049703,6.106458758225602,0.5081967213114754,61
all_history,SPX,15,kalman_gex,2026-09-28,159.6456908981352,8.706447457834935,0.7894736842105263,30.30932119797321,47.09505662263532,6.661352908904878,0.43859649122807015,57
all_history,SPX,15,kalman_gex,2026-09-29,56.192596009397164,5.711213035043132,0.9344262295081968,30.265614830140468,31.553082138312813,4.466398510931382,0.4918032786885246,61
all_history,SPX,15,kalman_price,2026-07-21,29.998756249068677,4.22186252239489,0.9836065573770492,33.59072536675906,33.76153032020391,3.9047450715647796,0.5737704918032787,61
all_history,SPX,15,kalman_price,2026-07-22,16.39317579757223,3.406637420850386,1.0,34.96527986910912,34.96527986910912,3.655842216550537,0.6666666666666666,21
all_history,SPX,15,kalman_price,2026-07-23,125.12979982039488,8.730662536348914,0.8688524590163934,33.59072536675906,40.060047161361496,6.321024742491621,0.4918032786885246,61
all_history,SPX,15,kalman_price,2026-07-24,184.2347213046063,10.766874368860208,0.8181818181818182,33.96601126229646,49.13907246981091,7.616253633806349,0.4772727272727273,44
all_history,SPX,15,kalman_price,2026-07-30,490.05229404280317,20.17756449693016,0.4166666666666667,35.790846570965094,84.48136255746,14.035818396051203,0.16666666666666666,12
all_history,SPX,15,kalman_price,2026-07-31,198.27144264561647,11.242487893504398,0.775,34.08410942056251,48.7266235707955,7.936868100455731,0.4,40
all_history,SPX,15,kalman_price,2026-08-03,19.838934697910602,3.6781895762370307,1.0,35.27536742642069,35.27536742642069,3.7836622101001502,0.6470588235294118,17
all_history,SPX,15,kalman_price,2026-08-11,24.776020407829,4.279895608390861,1.0,34.80253287386344,34.80253287386344,3.884826804594801,0.6666666666666666,15
all_history,SPX,15,kalman_price,2026-08-12,18.741827839730366,3.4259669721904906,1.0,33.82726098305406,33.82726098305406,3.6282346940214913,0.41935483870967744,31
all_history,SPX,15,kalman_price,2026-08-13,121.71165398979127,8.715641781230481,0.9166666666666666,34.15599340274064,40.127874770701986,6.200329499135436,0.4166666666666667,24
all_history,SPX,15,kalman_price,2026-08-14,25.300422219935637,4.611070678142793,1.0,36.493513013098735,36.493513013098735,4.024798044119867,0.75,4
all_history,SPX,15,kalman_price,2026-09-01,78.19437897570789,7.143177659738251,0.9555555555555556,33.39623466738556,34.19113250791277,5.218852881460144,0.5333333333333333,45
all_history,SPX,15,kalman_price,2026-09-04,64.0322667676326,6.720716316624384,1.0,35.334718833290346,35.334718833290346,4.988560055353026,0.6875,16
all_history,SPX,15,kalman_price,2026-09-08,36.30578917863219,4.833033917608417,0.972972972972973,34.43096987701425,34.840721423422316,4.157986777268954,0.2702702702702703,37
all_history,SPX,15,kalman_price,2026-09-09,142.61155418880423,10.036053192392835,0.8,32.64943697389912,40.05747972742937,6.8179858082971645,0.5333333333333333,15
all_history,SPX,15,kalman_price,2026-09-10,54.934285856098136,6.24894494565276,1.0,31.35056962029494,31.35056962029494,4.5311015255313905,0.34782608695652173,46
all_history,SPX,15,kalman_price,2026-09-11,74.0967991372317,5.862173601831106,0.9117647058823529,32.48593318513514,37.25241752925822,4.95581381880406,0.5,34
all_history,SPX,15,kalman_price,2026-09-14,88.82458059813425,7.180620301954168,0.9344262295081968,31.10688964056502,36.7531115833572,5.270746253212983,0.36065573770491804,61
all_history,SPX,15,kalman_price,2026-09-15,27.6554205788363,4.634321071164587,1.0,33.05128820594877,33.05128820594877,3.85441589982274,0.18181818181818182,11
all_history,SPX,15,kalman_price,2026-09-16,301.6750150926565,11.336264615843266,0.8,31.11999794180739,69.81877792365809,9.01573778860726,0.31666666666666665,60
all_history,SPX,15,kalman_price,2026-09-18,27.734741465723484,4.013974496837481,1.0,31.11999794180739,31.11999794180739,3.7010953999218517,0.55,60
all_history,SPX,15,kalman_price,2026-09-21,12.854865894230599,3.5853683066360977,1.0,34.29834016947363,34.29834016947363,3.508168817952778,1.0,1
all_history,SPX,15,kalman_price,2026-09-22,21.18949520355904,3.8075268081586677,1.0,30.445225328406504,30.445225328406504,3.4668331493537394,0.47540983606557374,61
all_history,SPX,15,kalman_price,2026-09-23,54.291408644888755,5.616561956099799,0.9333333333333333,30.701733970947924,33.31492495969781,4.425188630982689,0.5777777777777777,45
all_history,SPX,15,kalman_price,2026-09-24,149.31284721134023,8.749430142557548,0.9016393442622951,30.445225328406504,44.60991459882569,6.393890376218719,0.45901639344262296,61
all_history,SPX,15,kalman_price,2026-09-25,138.59227177430384,7.954648735135282,0.8688524590163934,30.445225328406504,44.10625540640963,6.169565882869408,0.45901639344262296,61
all_history,SPX,15,kalman_price,2026-09-28,185.98612855788758,9.318577874375444,0.7543859649122807,30.498336779972384,51.369024662864135,7.189412126198476,0.3684210526315789,57
all_history,SPX,15,kalman_price,2026-09-29,62.19632838059581,6.105590050362863,0.9344262295081968,30.445225328406504,32.18238206752991,4.648919452412487,0.4098360655737705,61
all_history,SPX,15,markov_gex,2026-07-21,24.442556253491983,3.588200098164899,0.9836065573770492,23.23768947896047,23.817668874527875,3.0101000384220473,0.45901639344262296,61
all_history,SPX,15,markov_gex,2026-07-22,16.6853153535496,3.461163266628602,1.0,20.61336075001571,20.61336075001571,2.66655777746918,0.6666666666666666,21
all_history,SPX,15,markov_gex,2026-07-23,109.80228989424037,8.337727712348164,0.8360655737704918,31.29626855188531,36.565648403540244,5.866797082589314,0.4918032786885246,61
all_history,SPX,15,markov_gex,2026-07-24,159.4679030173782,9.615633851132602,0.8409090909090909,32.160139338154586,44.497108608191525,6.954456726807021,0.5454545454545454,44
all_history,SPX,15,markov_gex,2026-07-30,245.08896377450398,13.622134105307708,0.75,39.52724167624598,51.72352081634176,9.338690726547455,0.08333333333333333,12
all_history,SPX,15,markov_gex,2026-07-31,166.69411050586163,10.634160692842526,0.775,34.86122384228941,43.75368231600387,7.385584106831283,0.375,40
all_history,SPX,15,markov_gex,2026-08-03,23.47688121468776,4.0818785514834115,0.9411764705882353,20.627246879622504,20.79829684189387,2.973124318431172,0.29411764705882354,17
all_history,SPX,15,markov_gex,2026-08-11,16.534653121832285,3.1939135020816662,1.0,17.06008710604993,17.06008710604993,2.456616269130522,0.6666666666666666,15
all_history,SPX,15,markov_gex,2026-08-12,14.794677823038713,3.14900180534753,1.0,20.141555419596372,20.141555419596372,2.5011551978950455,0.5161290322580645,31
all_history,SPX,15,markov_gex,2026-08-13,83.25846901168336,7.158487883362465,0.6666666666666666,22.2336053622471,37.360153194391096,5.375433332170953,0.2916666666666667,24
all_history,SPX,15,markov_gex,2026-08-14,23.06636622967147,4.014481496376456,1.0,17.40338248285895,17.40338248285895,2.7946509035990794,0.25,4
all_history,SPX,15,markov_gex,2026-09-01,68.38312579775325,6.869035403389416,0.7555555555555555,19.11998554809631,31.54727452406781,4.834668038828591,0.6222222222222222,45
all_history,SPX,15,markov_gex,2026-09-04,55.92715950398977,6.331027068050841,0.875,24.381688997586817,26.592493899635077,4.355648995599877,0.5625,16
all_history,SPX,15,markov_gex,2026-09-08,24.78123085583505,3.7609547139104014,0.9459459459459459,20.78510731501478,23.30394456620856,3.093152751242598,0.5135135135135135,37
all_history,SPX,15,markov_gex,2026-09-09,121.59226504821112,8.294465014889619,0.8,34.21313754173923,47.7117061818444,6.555713549211257,0.5333333333333333,15
all_history,SPX,15,markov_gex,2026-09-10,27.509185879587488,4.15082870461157,0.9130434782608695,19.975776138391737,22.768128248014655,3.201210040032467,0.6521739130434783,46
all_history,SPX,15,markov_gex,2026-09-11,51.480382429066786,4.790133832046295,0.9117647058823529,24.43192937497634,29.17482188600954,3.8344252386460234,0.5294117647058824,34
all_history,SPX,15,markov_gex,2026-09-14,74.28903987402268,6.045532451494387,0.9016393442622951,25.720334455874834,32.51929211261939,4.546726880957352,0.5573770491803278,61
all_history,SPX,15,markov_gex,2026-09-15,16.940011073099402,3.483055143470997,0.9090909090909091,17.068525015025813,17.18980331061525,2.498859357160679,0.6363636363636364,11
all_history,SPX,15,markov_gex,2026-09-16,303.269407374469,10.935427178516665,0.6333333333333333,21.509387258744812,59.12271276597593,8.331622008260426,0.5,60
all_history,SPX,15,markov_gex,2026-09-18,27.136066144617796,4.0330072764670035,0.9,17.654500164435103,20.57342942052064,2.9807052707201933,0.3333333333333333,60
all_history,SPX,15,markov_gex,2026-09-21,24.373436105203723,4.936946030209741,1.0,17.975951203336905,17.975951203336905,2.9708904351498946,0.0,1
all_history,SPX,15,markov_gex,2026-09-22,20.01653993241033,3.6141804807883187,0.9344262295081968,16.490158308440027,17.866084808004477,2.6444996665737217,0.4426229508196721,61
all_history,SPX,15,markov_gex,2026-09-23,44.80874580928889,4.966707367273261,0.8666666666666667,23.1481771965253,27.5353808744225,3.909817917617412,0.5777777777777777,45
all_history,SPX,15,markov_gex,2026-09-24,135.3085129976573,8.180059462363381,0.8524590163934426,32.02467200277724,45.20364767219403,6.238247494921869,0.5409836065573771,61
all_history,SPX,15,markov_gex,2026-09-25,110.17067425730846,6.889268392881605,0.8688524590163934,27.84027789633906,37.08279877450088,5.282120197063776,0.45901639344262296,61
all_history,SPX,15,markov_gex,2026-09-28,119.72702120019913,7.399188010505951,0.8596491228070176,27.54899709696971,38.53731867915935,5.656496566917884,0.5087719298245614,57
all_history,SPX,15,markov_gex,2026-09-29,54.40564511408998,5.657168370387586,0.8524590163934426,22.9386246235999,26.448272049263448,4.13842006689652,0.4918032786885246,61
all_history,SPX,15,markov_price,2026-07-21,24.877331771432623,3.614862470640422,0.9836065573770492,23.230759894084365,23.843973725191407,3.0260920139489302,0.4426229508196721,61
all_history,SPX,15,markov_price,2026-07-22,16.42375652647524,3.438464494894918,1.0,20.594270554089626,20.594270554089626,2.65392764073744,0.6666666666666666,21
all_history,SPX,15,markov_price,2026-07-23,110.33732014053778,8.339609692355312,0.8524590163934426,31.257099040913353,36.83723630455136,5.8809358922524755,0.47540983606557374,61
all_history,SPX,15,markov_price,2026-07-24,158.86200395616157,9.599594250644946,0.8409090909090909,32.14487128158124,44.33914398616644,6.939040010805983,0.5454545454545454,44
all_history,SPX,15,markov_price,2026-07-30,245.6141601630469,13.642288149890616,0.75,39.59814250954205,51.71787015932305,9.34629659984469,0.08333333333333333,12
all_history,SPX,15,markov_price,2026-07-31,167.4934428470401,10.663713361660879,0.775,34.93687637304094,43.87057182927516,7.405162089240531,0.375,40
all_history,SPX,15,markov_price,2026-08-03,25.546274366548882,4.254089524325524,0.9411764705882353,20.61780810281203,20.99716281122133,3.0629563965433078,0.29411764705882354,17
all_history,SPX,15,markov_price,2026-08-11,16.587342175036706,3.200015820564395,1.0,16.93952510704737,16.93952510704737,2.4540545579629716,0.6,15
all_history,SPX,15,markov_price,2026-08-12,15.020218784846097,3.178132787959031,1.0,20.104321385044802,20.104321385044802,2.518035422859936,0.45161290322580644,31
all_history,SPX,15,markov_price,2026-08-13,78.65434475502859,6.93388374521562,0.6666666666666666,21.997665846632447,36.244555323315026,5.227525568593156,0.5833333333333334,24
all_history,SPX,15,markov_price,2026-08-14,22.065908449204972,3.904435943747998,1.0,17.27878851211394,17.27878851211394,2.743535254761454,0.5,4
all_history,SPX,15,markov_price,2026-09-01,69.64930163855422,6.931799032950314,0.7555555555555555,19.128431816706346,32.17872666898086,4.8880943414626055,0.5333333333333333,45
all_history,SPX,15,markov_price,2026-09-04,55.740887172434796,6.3255620019313685,0.875,24.426203561727814,26.61645846397076,4.354097949549018,0.5625,16
all_history,SPX,15,markov_price,2026-09-08,24.52480690636878,3.733339078283895,0.9459459459459459,20.733801226052275,23.279488306577058,3.082641754510952,0.5405405405405406,37
all_history,SPX,15,markov_price,2026-09-09,122.40710253901672,8.234414939904513,0.8,34.24377564427281,48.0098521796476,6.569644612367109,0.4666666666666667,15
all_history,SPX,15,markov_price,2026-09-10,27.789745815093635,4.200379385911774,0.9347826086956522,19.93183126311058,22.611360102869295,3.2232692370616194,0.6521739130434783,46
all_history,SPX,15,markov_price,2026-09-11,51.39947207230202,4.758809359747652,0.9117647058823529,24.471521745435282,29.191688382577503,3.8286796761650237,0.5,34
all_history,SPX,15,markov_price,2026-09-14,72.90058250234739,6.0296713475103045,0.9016393442622951,25.7124179778948,32.36161971856802,4.5175340386477405,0.5409836065573771,61
all_history,SPX,15,markov_price,2026-09-15,17.14525415319094,3.5567642742489314,1.0,17.0562091988912,17.0562091988912,2.513195184920134,0.6363636363636364,11
all_history,SPX,15,markov_price,2026-09-16,303.7965082859151,10.932972411192676,0.6333333333333333,21.493037852986962,59.13994967342482,8.332851568806495,0.5166666666666667,60
all_history,SPX,15,markov_price,2026-09-18,26.974030418708217,4.007111410240495,0.9,17.6322939594659,20.565803908908745,2.9716394428998543,0.35,60
all_history,SPX,15,markov_price,2026-09-21,24.894654729737162,4.989454351904341,1.0,17.983682467219214,17.983682467219214,2.99840662870736,0.0,1
all_history,SPX,15,markov_price,2026-09-22,20.05553437656587,3.617662663781923,0.9344262295081968,16.48799702113977,17.87309395282247,2.6466100824479217,0.4426229508196721,61
all_history,SPX,15,markov_price,2026-09-23,44.797516648642315,4.967351555265231,0.8666666666666667,23.149317807276283,27.5314599731477,3.9102649589751417,0.5777777777777777,45
all_history,SPX,15,markov_price,2026-09-24,135.212455997119,8.178991763309153,0.8524590163934426,32.02846733160608,45.19767859650675,6.237373137538616,0.5409836065573771,61
all_history,SPX,15,markov_price,2026-09-25,110.22300828062984,6.8908443530888785,0.8688524590163934,27.840062242084386,37.082780259293834,5.282974325575162,0.45901639344262296,61
all_history,SPX,15,markov_price,2026-09-28,119.62156310030305,7.3971558152342745,0.8596491228070176,27.54814985449974,38.53483952244615,5.655157297837929,0.5087719298245614,57
all_history,SPX,15,markov_price,2026-09-29,54.36848919920313,5.654539871445834,0.8524590163934426,22.9345705079242,26.442352713513547,4.1369776845206605,0.4918032786885246,61
all_history,SPX,15,momentum,2026-07-21,44.506504736202366,4.680929272764031,0.9508196721311475,21.508995585171863,24.45872643151845,3.5223218723444245,0.4918032786885246,61
all_history,SPX,15,momentum,2026-07-22,25.1699272845315,4.139259496177537,1.0,22.574625987734937,22.574625987734937,3.141987595597757,0.47619047619047616,21
all_history,SPX,15,momentum,2026-07-23,166.43666831313394,10.336219034701212,0.7868852459016393,33.14233442809401,44.151001023409606,7.288563264837104,0.47540983606557374,61
all_history,SPX,15,momentum,2026-07-24,198.4973279764321,11.128708841852152,0.8863636363636364,39.11984576084239,49.872171836446185,7.741564890119883,0.5681818181818182,44
all_history,SPX,15,momentum,2026-07-30,259.08308989515956,13.999308350074685,0.6666666666666666,38.043566087639455,51.80188968770466,9.51737539173697,0.6666666666666666,12
all_history,SPX,15,momentum,2026-07-31,225.43438971561395,11.99041993734846,0.85,39.672754176102266,51.98713091078381,8.468927626748215,0.575,40
all_history,SPX,15,momentum,2026-08-03,23.036849403686848,4.250231447747974,1.0,23.409118329663595,23.409118329663595,3.1026203094071323,0.6470588235294118,17
all_history,SPX,15,momentum,2026-08-11,27.55529943222689,4.378744230615208,1.0,24.229444136155404,24.229444136155404,3.3354347482196136,0.5333333333333333,15
all_history,SPX,15,momentum,2026-08-12,30.532736071645708,3.8429774861666877,1.0,22.475408137312023,22.475408137312023,3.193055962479301,0.5161290322580645,31
all_history,SPX,15,momentum,2026-08-13,102.25163217951105,8.053361776308682,0.875,25.320976333980795,32.187276645738955,5.626838138021985,0.7083333333333334,24
all_history,SPX,15,momentum,2026-08-14,38.943275938655724,5.402837045017126,1.0,27.043284126245904,27.043284126245904,3.8914945288562057,0.75,4
all_history,SPX,15,momentum,2026-09-01,78.86286571904952,7.138046502001636,0.8,23.089490673831303,30.172502546679127,5.095889459084175,0.5555555555555556,45
all_history,SPX,15,momentum,2026-09-04,71.38051985874564,6.741170998402183,0.875,27.241597233259107,29.812845466965022,4.855042446643698,0.625,16
all_history,SPX,15,momentum,2026-09-08,35.704460376049866,4.315065579380959,0.9459459459459459,25.44513729288136,28.124230610552026,3.6246833976427033,0.5675675675675675,37
all_history,SPX,15,momentum,2026-09-09,175.07121863641507,10.01993557139234,0.7333333333333333,31.563910351639482,51.14348128421568,7.442386869351223,0.4666666666666667,15
all_history,SPX,15,momentum,2026-09-10,45.77636709985581,5.337535697263974,0.8478260869565217,21.0396519662635,24.717856959445136,3.8759165542056166,0.5869565217391305,46
all_history,SPX,15,momentum,2026-09-11,96.12693101852778,6.793023405332991,0.8823529411764706,25.421973061508822,33.65665331740564,5.016156716402932,0.5,34
all_history,SPX,15,momentum,2026-09-14,114.76647101976604,8.129136850692348,0.819672131147541,25.31488896530812,35.18337423540033,5.726077646374727,0.5081967213114754,61
all_history,SPX,15,momentum,2026-09-15,41.02985347806475,5.223006269156361,0.9090909090909091,23.348987420562768,25.435099477832146,3.776653120767749,0.45454545454545453,11
all_history,SPX,15,momentum,2026-09-16,348.9386002507681,12.460340196868094,0.6,25.09288326362844,63.71692313818435,9.235633394555162,0.55,60
all_history,SPX,15,momentum,2026-09-18,46.82765271892372,5.1877488248848405,0.8166666666666667,18.36058841304435,25.80194206166334,3.793996448094909,0.55,60
all_history,SPX,15,momentum,2026-09-21,13.180880902414502,3.63054829225759,1.0,25.524284759847585,25.524284759847585,2.8494853845091126,1.0,1
all_history,SPX,15,momentum,2026-09-22,36.87922644855246,5.187668336399184,0.7868852459016393,17.471927881268726,21.097156187041794,3.5455443624504914,0.39344262295081966,61
all_history,SPX,15,momentum,2026-09-23,77.39558873325352,6.977462819900381,0.8666666666666667,23.253654357329843,29.62114352111609,4.951166758311737,0.4888888888888889,45
all_history,SPX,15,momentum,2026-09-24,193.03292391964104,10.155281673172828,0.8360655737704918,31.825496167850574,48.754460945511106,7.438535375639518,0.5245901639344263,61
all_history,SPX,15,momentum,2026-09-25,228.4548687341996,10.403903088064926,0.8360655737704918,32.84171794486633,55.9783136229794,7.874129709516907,0.39344262295081966,61
all_history,SPX,15,momentum,2026-09-28,307.89951854065407,12.236095285753803,0.7543859649122807,32.62110988927627,63.67834426500967,9.19377934636593,0.3684210526315789,57
all_history,SPX,15,momentum,2026-09-29,97.23947301518712,7.656139029656437,0.819672131147541,22.576380664197664,33.562578059230994,5.367775787530889,0.4426229508196721,61
all_history,SPX,15,ou_gex,2026-07-21,23.729917236789458,3.529013450574166,0.9836065573770492,33.16892901678499,33.61637855984466,3.710072670779652,0.5573770491803278,61
all_history,SPX,15,ou_gex,2026-07-22,17.79844057174077,3.5705185937848785,1.0,33.16892901678499,33.16892901678499,3.56224875490272,0.6666666666666666,21
all_history,SPX,15,ou_gex,2026-07-23,114.32784919049857,8.373744531176982,0.9016393442622951,33.16892901678499,39.41395381354178,6.056114614835709,0.39344262295081966,61
all_history,SPX,15,ou_gex,2026-07-24,155.93729360216955,9.611023634086884,0.8181818181818182,33.16892901678499,44.75312426953329,6.967460579719184,0.2727272727272727,44
all_history,SPX,15,ou_gex,2026-07-30,229.9810368020195,12.985920339830882,0.6666666666666666,33.16892901678499,49.6996288913251,8.993298493754182,0.75,12
all_history,SPX,15,ou_gex,2026-07-31,161.0761737251509,10.365321098445236,0.8,33.16892901678499,43.41777596256207,7.245065734477902,0.475,40
all_history,SPX,15,ou_gex,2026-08-03,22.511733433584823,4.021498079833808,1.0,33.16892901678499,33.16892901678499,3.7001233782787555,0.35294117647058826,17
all_history,SPX,15,ou_gex,2026-08-11,17.43278927828071,3.25559832502117,1.0,32.340808076895804,32.340808076895804,3.487947741473365,0.3333333333333333,15
all_history,SPX,15,ou_gex,2026-08-12,14.939537317306494,3.1677897928890433,1.0,32.340808076895804,32.340808076895804,3.4106129781787153,0.5161290322580645,31
all_history,SPX,15,ou_gex,2026-08-13,78.60555888989649,6.917733366669226,0.9166666666666666,32.340808076895804,34.07896974098075,5.1990546223024765,0.7083333333333334,24
all_history,SPX,15,ou_gex,2026-08-14,22.091762399986692,3.903560804002785,1.0,32.340808076895804,32.340808076895804,3.6321120448862625,0.25,4
all_history,SPX,15,ou_gex,2026-09-01,69.67621496020993,6.961282960503569,0.9777777777777777,32.340808076895804,32.98417544598308,4.98120469218167,0.5555555555555556,45
all_history,SPX,15,ou_gex,2026-09-04,55.598072314937504,6.301826503271547,0.9375,32.340808076895804,32.836528192994344,4.590984457374123,0.625,16
all_history,SPX,15,ou_gex,2026-09-08,24.48545738225319,3.7365948192812213,0.972972972972973,32.340808076895804,32.57621887924049,3.680492103475582,0.5675675675675675,37
all_history,SPX,15,ou_gex,2026-09-09,122.55046285162463,8.150651575570238,0.8666666666666667,30.296902274425886,41.14027369806606,6.1585135266755024,0.6,15
all_history,SPX,15,ou_gex,2026-09-10,28.21192594166175,4.300354525891455,1.0,30.296902274425886,30.296902274425886,3.670798320925256,0.5,46
all_history,SPX,15,ou_gex,2026-09-11,50.63440752200249,4.744950893289579,0.9411764705882353,30.29690227442589,34.503500528629445,4.213854888735283,0.5294117647058824,34
all_history,SPX,15,ou_gex,2026-09-14,71.29982938553916,6.057780972467649,0.9344262295081968,30.296902274425886,35.2411331660765,4.764606347574318,0.3770491803278688,61
all_history,SPX,15,ou_gex,2026-09-15,17.93506034855806,3.6616932996456697,1.0,30.296902274425886,30.296902274425886,3.354003835551836,0.6363636363636364,11
all_history,SPX,15,ou_gex,2026-09-16,306.45962746861704,10.998795970587713,0.7833333333333333,30.296902274425886,68.85590894493585,8.82498024803986,0.43333333333333335,60
all_history,SPX,15,ou_gex,2026-09-18,26.48990155456317,3.9102335770447896,0.9833333333333333,30.296902274425886,30.310426389269693,3.6099561475919595,0.38333333333333336,60
all_history,SPX,15,ou_gex,2026-09-21,21.299580078657566,4.615146810087147,1.0,29.129222576073563,29.129222576073563,3.3934792110091783,0.0,1
all_history,SPX,15,ou_gex,2026-09-22,19.477982279424857,3.5675835631514694,1.0,29.129222576073563,29.129222576073563,3.3155252883395554,0.4918032786885246,61
all_history,SPX,15,ou_gex,2026-09-23,45.1905755382284,5.0393778858491975,0.9111111111111111,29.129222576073563,29.883578177377917,4.104121718348467,0.5333333333333333,45
all_history,SPX,15,ou_gex,2026-09-24,134.19799611466232,8.216552897736628,0.9016393442622951,29.129222576073563,42.71141871139153,6.052680657640664,0.5737704918032787,61
all_history,SPX,15,ou_gex,2026-09-25,108.95084452005474,6.881958078103233,0.8852459016393442,29.129222576073563,40.33783987169439,5.479319041736611,0.39344262295081966,61
all_history,SPX,15,ou_gex,2026-09-28,119.23353524006028,7.413523323611497,0.8596491228070176,29.129222576073563,41.35788790657444,5.751540341705337,0.5614035087719298,57
all_history,SPX,15,ou_gex,2026-09-29,54.67836158880352,5.644284734216037,0.9344262295081968,29.129222576073563,30.719485350165527,4.393397118433678,0.5409836065573771,61
all_history,SPX,15,ou_price,2026-07-21,23.712270445132553,3.550295787697341,0.9836065573770492,32.61764210645704,33.07034086972634,3.671145133798493,0.47540983606557374,61
all_history,SPX,15,ou_price,2026-07-22,18.5953364789222,3.640876097550504,1.0,32.61764210645704,32.61764210645704,3.5449346894599865,0.38095238095238093,21
all_history,SPX,15,ou_price,2026-07-23,113.86447025582675,8.384203349346372,0.9016393442622951,32.61764210645704,38.929494103255216,6.0414556823240675,0.4918032786885246,61
all_history,SPX,15,ou_price,2026-07-24,158.43555910877456,9.66323944114169,0.7954545454545454,32.61764210645704,45.17958311869438,7.027333491294638,0.5227272727272727,44
all_history,SPX,15,ou_price,2026-07-30,240.42633123595286,13.406210397627772,0.5833333333333334,32.61764210645704,51.117050798762186,9.280081350704053,0.3333333333333333,12
all_history,SPX,15,ou_price,2026-07-31,165.69398324241791,10.556331805871174,0.775,32.61764210645704,43.87285665575671,7.359756863145238,0.375,40
all_history,SPX,15,ou_price,2026-08-03,23.225346170886006,4.076837079481196,1.0,32.61764210645704,32.61764210645704,3.68209724124418,0.47058823529411764,17
all_history,SPX,15,ou_price,2026-08-11,17.51283083691625,3.2778071833329907,1.0,32.18594730256473,32.18594730256473,3.478728253332343,0.4,15
all_history,SPX,15,ou_price,2026-08-12,14.977309978211627,3.1739045040697924,1.0,32.18594730256473,32.18594730256473,3.3999187911635587,0.3870967741935484,31
all_history,SPX,15,ou_price,2026-08-13,80.01794380297777,7.007918099664335,0.9166666666666666,32.18594730256473,34.04196961788913,5.233420232931087,0.3333333333333333,24
all_history,SPX,15,ou_price,2026-08-14,22.382578175978246,3.9429088195416355,1.0,32.18594730256473,32.18594730256473,3.629858532420879,0.25,4
all_history,SPX,15,ou_price,2026-09-01,70.31039833943674,6.97789746974612,0.9555555555555556,32.18594730256473,32.90592566371833,4.991347307679687,0.4444444444444444,45
all_history,SPX,15,ou_price,2026-09-04,56.65431312033302,6.387600806061963,0.9375,32.18594730256473,32.74328530190317,4.613913634952521,0.3125,16
all_history,SPX,15,ou_price,2026-09-08,24.69422466123232,3.7446242177847595,0.972972972972973,32.18594730256473,32.43358074535107,3.675904120834494,0.5405405405405406,37
all_history,SPX,15,ou_price,2026-09-09,124.23168913166408,8.194201035625467,0.8666666666666667,30.313792427645613,41.38268383695442,6.196558062154734,0.4666666666666667,15
all_history,SPX,15,ou_price,2026-09-10,28.42728840876588,4.309247287145933,1.0,30.31379242764561,30.31379242764561,3.678299864520898,0.43478260869565216,46
all_history,SPX,15,ou_price,2026-09-11,50.776096155513024,4.754627702198358,0.9411764705882353,30.31379242764561,34.49926521460169,4.2191026578697635,0.5294117647058824,34
all_history,SPX,15,ou_price,2026-09-14,71.02040284130543,6.040672467817751,0.9180327868852459,30.31379242764561,35.25889708969624,4.757427294778871,0.5081967213114754,61
all_history,SPX,15,ou_price,2026-09-15,17.703454440572628,3.6398533599698557,1.0,30.313792427645613,30.313792427645613,3.347573503939618,0.6363636363636364,11
all_history,SPX,15,ou_price,2026-09-16,306.5530174639578,10.957969978155349,0.7833333333333333,30.313792427645613,68.80623038531367,8.820623253777248,0.5,60
all_history,SPX,15,ou_price,2026-09-18,26.08001922899023,3.8660977939786694,0.9833333333333333,30.313792427645613,30.33339568334104,3.5978229677884483,0.4166666666666667,60
all_history,SPX,15,ou_price,2026-09-21,20.921068572298758,4.573955462430604,1.0,29.172921017669317,29.172921017669317,3.3834729890787414,0.5,1
all_history,SPX,15,ou_price,2026-09-22,19.497905039355945,3.567570669919569,1.0,29.172921017669317,29.172921017669317,3.3192282627098857,0.5,61
all_history,SPX,15,ou_price,2026-09-23,45.27208427006727,5.046161752952159,0.9111111111111111,29.172921017669317,29.918514937431546,4.108760510194898,0.5,45
all_history,SPX,15,ou_price,2026-09-24,134.41371330216504,8.222398083729786,0.9180327868852459,29.172921017669317,42.7513607725092,6.05746942680597,0.5,61
all_history,SPX,15,ou_price,2026-09-25,108.59595300681512,6.8748981048540045,0.8852459016393442,29.172921017669317,40.30413696532296,5.473746002016202,0.5,61
all_history,SPX,15,ou_price,2026-09-28,119.34724487681925,7.417257946632545,0.8596491228070176,29.172921017669317,41.38884485488442,5.755559694383219,0.5,57
all_history,SPX,15,ou_price,2026-09-29,54.83479170304204,5.650363314355777,0.9344262295081968,29.172921017669317,30.767571480236857,4.399764182334502,0.5,61
all_history,SPX,15,random_walk,2026-07-21,23.939043105308738,3.5483196449745638,0.9836065573770492,21.508995585171863,22.230038368766923,2.877672291615968,0.5,61
all_history,SPX,15,random_walk,2026-07-22,18.23208239451951,3.6102223593805407,1.0,22.574625987734937,22.574625987734937,2.8592994414156285,0.5,21
all_history,SPX,15,random_walk,2026-07-23,112.7201287150102,8.32767373769755,0.9180327868852459,33.14233442809401,37.934028948900874,5.9348398277909356,0.5,61
all_history,SPX,15,random_walk,2026-07-24,155.2339369675509,9.57176505467578,0.8863636363636364,39.11984576084239,45.84086849515121,6.987730629096743,0.5,44
all_history,SPX,15,random_walk,2026-07-30,233.31665547464465,13.081283643108085,0.6666666666666666,38.043566087639455,49.27926031614944,9.026193269599386,0.5,12
all_history,SPX,15,random_walk,2026-07-31,162.20417080019678,10.40511850197836,0.9,39.672754176102266,43.8151742061781,7.299414479277203,0.5,40
all_history,SPX,15,random_walk,2026-08-03,22.459751754449044,4.008852663941284,1.0,23.409118329663595,23.409118329663595,3.1136611848261273,0.5,17
all_history,SPX,15,random_walk,2026-08-11,17.30346416004657,3.247362490247663,1.0,24.229444136155404,24.229444136155404,2.9098204395864347,0.5,15
all_history,SPX,15,random_walk,2026-08-12,14.999477013009251,3.1738828519798603,1.0,22.475408137312023,22.475408137312023,2.682306669291353,0.5,31
all_history,SPX,15,random_walk,2026-08-13,79.41559397127257,6.953145638217393,0.8333333333333334,25.320976333980795,31.133320320815546,5.031958667939361,0.5,24
all_history,SPX,15,random_walk,2026-08-14,22.152504189558456,3.903688556743873,1.0,27.043284126245904,27.043284126245904,3.2636316164964283,0.5,4
all_history,SPX,15,random_walk,2026-09-01,69.79136688376539,6.968969318317249,0.8222222222222222,23.089490673831303,30.72631224170853,4.799292651562128,0.5,45
all_history,SPX,15,random_walk,2026-09-04,56.059492060188525,6.340310413148472,0.9375,27.241597233259107,28.735331907815418,4.364643327371454,0.5,16
all_history,SPX,15,random_walk,2026-09-08,24.64586926750111,3.751983830716297,0.972972972972973,25.44513729288136,27.174837915842485,3.269897045549325,0.5,37
all_history,SPX,15,random_walk,2026-09-09,124.13755662677664,8.180491769871635,0.8,31.563910351639482,43.13762415308565,6.284622875197398,0.5,15
all_history,SPX,15,random_walk,2026-09-10,28.38866547703613,4.305991000706854,0.9565217391304348,21.0396519662635,22.94441470889343,3.2452348243645934,0.5,46
all_history,SPX,15,random_walk,2026-09-11,50.77095164407673,4.752931745728026,0.9411764705882353,25.421973061508822,30.211032966117166,3.879077925010167,0.5,34
all_history,SPX,15,random_walk,2026-09-14,70.92093128126875,6.0411266743240795,0.9180327868852459,25.31488896530812,31.12236055684966,4.442880085463147,0.5,61
all_history,SPX,15,random_walk,2026-09-15,17.78843945940097,3.6463095659048785,1.0,23.348987420562768,23.348987420562768,2.895800175380835,0.5,11
all_history,SPX,15,random_walk,2026-09-16,305.5089751429357,10.947099443653375,0.7166666666666667,25.09288326362844,56.491581908579526,8.152707347112385,0.5,60
all_history,SPX,15,random_walk,2026-09-18,26.10106568474474,3.865666032673471,0.9166666666666666,18.36058841304435,21.443290412799243,2.995142335968706,0.5,60
all_history,SPX,15,random_walk,2026-09-21,20.921068572298758,4.573955462430604,1.0,25.524284759847585,25.524284759847585,3.150908050255952,0.5,1
all_history,SPX,15,random_walk,2026-09-22,19.497905039355945,3.567570669919569,0.9344262295081968,17.471927881268726,18.791202453232337,2.683122110575502,0.5,61
all_history,SPX,15,random_walk,2026-09-23,45.27208427006727,5.046161752952159,0.8888888888888888,23.253654357329843,27.500526582694405,3.887745158429431,0.5,45
all_history,SPX,15,random_walk,2026-09-24,134.41371330216504,8.222398083729786,0.8852459016393442,31.825496167850574,44.73695004794948,6.201779806528211,0.5,61
all_history,SPX,15,random_walk,2026-09-25,108.59595300681512,6.8748981048540045,0.9016393442622951,32.84171794486633,41.612311664394774,5.582632506852603,0.5,61
all_history,SPX,15,random_walk,2026-09-28,119.34724487681925,7.417257946632545,0.8771929824561403,32.62110988927627,42.51755681662624,5.900809366352771,0.5,57
all_history,SPX,15,random_walk,2026-09-29,54.83479170304204,5.650363314355777,0.8360655737704918,22.576380664197664,27.005876160002707,4.165904904968381,0.5,61
all_history,SPX,20,garch_gex,2026-07-21,31.438282198509405,4.120483311905371,0.9672131147540983,19.65437583254346,21.371974014159843,3.046669847650152,0.5,61
all_history,SPX,20,garch_gex,2026-07-22,22.738474339191214,3.6641191185786046,1.0,20.092951058444907,20.092951058444907,2.8828715703246326,0.5,21
all_history,SPX,20,garch_gex,2026-07-23,147.6119125324003,10.230617381056215,1.0,46.750516118482494,46.750516118482494,7.178493442546295,0.5,61
all_history,SPX,20,garch_gex,2026-07-24,241.153048262608,11.578539725379498,0.7727272727272727,38.07309333240726,55.83413559425889,8.55986911479093,0.5,44
all_history,SPX,20,garch_gex,2026-07-30,370.45373110264376,17.57415009226194,0.5833333333333334,41.6069237207211,66.38498851695745,11.989057477122019,0.5,12
all_history,SPX,20,garch_gex,2026-07-31,213.09452001225026,12.141025404363972,0.75,37.14113983333504,46.00821863599736,8.328752365635879,0.5,40
all_history,SPX,20,garch_gex,2026-08-03,42.453188006317774,5.73687317151138,0.6470588235294118,14.770160372902389,24.83851320139392,3.977534689157036,0.5,17
all_history,SPX,20,garch_gex,2026-08-11,19.855784476170584,3.9535310157206065,1.0,22.707894639195413,22.707894639195413,2.9252692609828856,0.5,15
all_history,SPX,20,garch_gex,2026-08-12,19.723058689906892,3.4657102301299023,0.9354838709677419,20.286877245017532,21.103173826165424,2.762811154499506,0.5,31
all_history,SPX,20,garch_gex,2026-08-13,109.0612229487627,8.627288087526418,0.625,21.481690657729047,39.81851764840595,6.161788345242168,0.5,24
all_history,SPX,20,garch_gex,2026-08-14,16.255298308083674,3.736522132076061,1.0,22.466400768218488,22.466400768218488,2.7546237442639017,0.5,4
all_history,SPX,20,garch_gex,2026-09-01,101.84855773607015,7.8745747615657615,0.8222222222222222,30.159666449217987,37.81665656962306,5.850438518966123,0.5,45
all_history,SPX,20,garch_gex,2026-09-04,77.36039924428908,6.932707311826562,0.9375,26.398166197291122,31.356563868366166,4.9856836371739615,0.5,16
all_history,SPX,20,garch_gex,2026-09-08,36.523205814374904,4.654268697647117,0.972972972972973,27.633456312103533,29.822284074308108,3.8338565609891946,0.5,37
all_history,SPX,20,garch_gex,2026-09-09,181.9536005359736,11.027370488923044,0.8,37.81825268767701,53.43058810042039,7.8998653332606015,0.5,15
all_history,SPX,20,garch_gex,2026-09-10,41.632776782017906,5.236332118199599,0.9782608695652174,29.046561031302364,29.810831801190158,4.075520215850071,0.5,46
all_history,SPX,20,garch_gex,2026-09-11,58.79797966739299,5.312666289579818,0.8529411764705882,22.73947291795465,28.73338259570416,4.010676627678482,0.5,34
all_history,SPX,20,garch_gex,2026-09-14,98.90501994212659,7.20398777431296,0.9180327868852459,29.588745422889424,36.45614191924955,5.247254632538592,0.5,61
all_history,SPX,20,garch_gex,2026-09-15,26.734109233139122,3.744595221951551,1.0,29.137873112972088,29.137873112972088,3.5586014600707014,0.5,11
all_history,SPX,20,garch_gex,2026-09-16,434.07722498496867,13.46628185049849,0.75,30.52414072746028,61.961719780298566,9.608234837195276,0.5,60
all_history,SPX,20,garch_gex,2026-09-18,32.6651119768219,4.564951036980104,0.9,21.344181848495477,24.35800534003499,3.4292895438693676,0.5,60
all_history,SPX,20,garch_gex,2026-09-21,26.031224081088766,5.10208036795666,1.0,20.8122295920373,20.8122295920373,3.1360596607035873,0.5,1
all_history,SPX,20,garch_gex,2026-09-22,24.141340372029084,3.97629943592846,0.8524590163934426,16.91982794977345,19.478927865310872,2.9060147705984622,0.5,61
all_history,SPX,20,garch_gex,2026-09-23,60.233786152806566,5.643875257555111,0.9111111111111111,26.523727147229724,31.81273136734236,4.511906066826177,0.5,45
all_history,SPX,20,garch_gex,2026-09-24,166.58733832928436,9.128282557880471,0.8524590163934426,35.149097895533224,52.09962009420636,7.030240728005188,0.5,61
all_history,SPX,20,garch_gex,2026-09-25,147.96052196685298,8.128674079857044,0.8852459016393442,31.330155100659024,45.08379894582573,6.174046719012426,0.5,61
all_history,SPX,20,garch_gex,2026-09-28,136.0004083679103,8.193261098503921,0.9122807017543859,35.1984761074609,46.74830693415851,6.401222215711127,0.5,57
all_history,SPX,20,garch_gex,2026-09-29,69.62824192974632,6.641002619441037,0.8688524590163934,26.38368304774509,30.59422516540455,4.682212396320512,0.5,61
all_history,SPX,20,garch_price,2026-07-21,31.438282198509405,4.120483311905371,0.9672131147540983,21.37196949759293,22.567724288433745,3.1224834404681134,0.5,61
all_history,SPX,20,garch_price,2026-07-22,22.738474339191214,3.6641191185786046,0.9523809523809523,19.135074346459184,20.001115815431895,2.842274780244909,0.5,21
all_history,SPX,20,garch_price,2026-07-23,147.6119125324003,10.230617381056215,0.9180327868852459,35.79245227625901,38.477169172756184,6.856386839172178,0.5,61
all_history,SPX,20,garch_price,2026-07-24,241.153048262608,11.578539725379498,0.7954545454545454,42.47748516288561,55.369458520963356,8.58607492036087,0.5,44
all_history,SPX,20,garch_price,2026-07-30,370.45373110264376,17.57415009226194,0.6666666666666666,45.81981721468975,62.333576568968674,11.724558676770565,0.5,12
all_history,SPX,20,garch_price,2026-07-31,213.09452001225026,12.141025404363972,0.9,43.67312146650589,47.13318980369921,8.335652113666807,0.5,40
all_history,SPX,20,garch_price,2026-08-03,42.453188006317774,5.73687317151138,0.7647058823529411,19.674041547857506,23.887188953023323,3.931143362364557,0.5,17
all_history,SPX,20,garch_price,2026-08-11,19.855784476170584,3.9535310157206065,1.0,20.480372016347157,20.480372016347157,2.81821092449379,0.5,15
all_history,SPX,20,garch_price,2026-08-12,19.723058689906892,3.4657102301299023,0.967741935483871,19.812576858998472,21.068519535935334,2.7741894221223085,0.5,31
all_history,SPX,20,garch_price,2026-08-13,109.0612229487627,8.627288087526418,0.6666666666666666,24.83382645138414,36.512849475948386,6.033475676111251,0.5,24
all_history,SPX,20,garch_price,2026-08-14,16.255298308083674,3.736522132076061,1.0,24.560624784870484,24.560624784870484,2.8859669736255693,0.5,4
all_history,SPX,20,garch_price,2026-09-01,101.84855773607015,7.8745747615657615,0.6888888888888889,23.251317263978162,39.409902303309075,5.861814770367414,0.5,45
all_history,SPX,20,garch_price,2026-09-04,77.36039924428908,6.932707311826562,0.9375,26.28516388185569,30.79574412736362,4.977007147005048,0.5,16
all_history,SPX,20,garch_price,2026-09-08,36.523205814374904,4.654268697647117,0.918918918918919,23.94367612238542,27.977736616297797,3.724300511691429,0.5,37
all_history,SPX,20,garch_price,2026-09-09,181.9536005359736,11.027370488923044,0.8,36.578107793998484,53.62390998617152,7.900758588437449,0.5,15
all_history,SPX,20,garch_price,2026-09-10,41.632776782017906,5.236332118199599,0.8043478260869565,20.448894804211733,25.425141477492538,3.897674732879592,0.5,46
all_history,SPX,20,garch_price,2026-09-11,58.79797966739299,5.312666289579818,0.8823529411764706,24.90444431569959,29.110815646212266,4.073377523876214,0.5,34
all_history,SPX,20,garch_price,2026-09-14,98.90501994212659,7.20398777431296,0.8852459016393442,26.070602895685386,35.00299199552393,5.175814327065382,0.5,61
all_history,SPX,20,garch_price,2026-09-15,26.734109233139122,3.744595221951551,0.9090909090909091,20.43861174267265,22.255570262089897,3.1025270229670423,0.5,11
all_history,SPX,20,garch_price,2026-09-16,434.07722498496867,13.46628185049849,0.7333333333333333,30.668591658762477,60.40784827413335,9.529247613931696,0.5,60
all_history,SPX,20,garch_price,2026-09-18,32.6651119768219,4.564951036980104,0.8666666666666667,18.536397216470146,23.785130074270853,3.3924481989726467,0.5,60
all_history,SPX,20,garch_price,2026-09-21,26.031224081088766,5.10208036795666,1.0,23.404237795923194,23.404237795923194,3.242530967633832,0.5,1
all_history,SPX,20,garch_price,2026-09-22,24.141340372029084,3.97629943592846,0.9016393442622951,18.3393446305207,20.06180940813417,2.9492822114029456,0.5,61
all_history,SPX,20,garch_price,2026-09-23,60.233786152806566,5.643875257555111,0.8666666666666667,24.712765153275477,31.491507164157692,4.485381670387502,0.5,45
all_history,SPX,20,garch_price,2026-09-24,166.58733832928436,9.128282557880471,0.8688524590163934,35.85959924031158,53.217842192231856,7.093833644054076,0.5,61
all_history,SPX,20,garch_price,2026-09-25,147.96052196685298,8.128674079857044,0.9180327868852459,34.22202176294555,46.754856635748375,6.270123760785458,0.5,61
all_history,SPX,20,garch_price,2026-09-28,136.0004083679103,8.193261098503921,0.9122807017543859,35.36880706248117,47.50351596921116,6.458995252888999,0.5,57
all_history,SPX,20,garch_price,2026-09-29,69.62824192974632,6.641002619441037,0.8688524590163934,24.73660243528264,30.04512000956823,4.659652802107316,0.5,61
all_history,SPX,20,kalman_gex,2026-07-21,28.725068051698145,4.008081082780119,1.0,38.84170046633725,38.84170046633725,4.240845007282514,0.6885245901639344,61
all_history,SPX,20,kalman_gex,2026-07-22,18.43280377671897,3.622402262762525,1.0,40.882445874206546,40.882445874206546,4.181902685374818,0.5714285714285714,21
all_history,SPX,20,kalman_gex,2026-07-23,197.09693406292578,11.787165832461914,0.8524590163934426,38.84170046633725,46.75984512661791,7.993029415891537,0.4262295081967213,61
all_history,SPX,20,kalman_gex,2026-07-24,256.0464566327119,13.286277235830903,0.7954545454545454,39.40044711205852,55.23517206456077,9.067177229159869,0.45454545454545453,44
all_history,SPX,20,kalman_gex,2026-07-30,790.8173818892473,26.75077968051595,0.16666666666666666,42.100358329200596,115.3516865517023,18.820935027569597,0.08333333333333333,12
all_history,SPX,20,kalman_gex,2026-07-31,291.74492588175525,13.408686368263167,0.775,39.57603556687872,55.90182551679279,9.537267325325969,0.475,40
all_history,SPX,20,kalman_gex,2026-08-03,46.72389999076996,5.863645505016502,1.0,41.340597181400234,41.340597181400234,4.909269261670763,0.5882352941176471,17
all_history,SPX,20,kalman_gex,2026-08-11,12.265031249137262,2.662661645925953,1.0,40.87197411542969,40.87197411542969,4.032902166339879,0.7333333333333333,15
all_history,SPX,20,kalman_gex,2026-08-12,24.443992588380198,3.8666998308778795,1.0,39.41986234196723,39.41986234196723,4.209919769379072,0.3870967741935484,31
all_history,SPX,20,kalman_gex,2026-08-13,151.08717461673797,9.768558560693423,0.9166666666666666,39.91105279562155,43.923870442194975,6.947660802752163,0.375,24
all_history,SPX,20,kalman_gex,2026-08-14,16.650945099014677,3.8533040697486243,1.0,43.36104046039833,43.36104046039833,4.346918141866033,0.5,4
all_history,SPX,20,kalman_gex,2026-09-01,118.19565738625948,8.261543206870412,0.8888888888888888,38.77221785661413,42.050432068420264,6.297880843759323,0.5111111111111111,45
all_history,SPX,20,kalman_gex,2026-09-04,85.47370383333418,8.193057992608683,1.0,41.65618554327189,41.65618554327189,5.805766193957961,0.625,16
all_history,SPX,20,kalman_gex,2026-09-08,55.42500275068541,6.0062327523991605,0.972972972972973,40.31887935966941,40.70432060089196,5.003028552449575,0.35135135135135137,37
all_history,SPX,20,kalman_gex,2026-09-09,181.5216584452061,11.58928154416714,0.7333333333333333,38.36763661298773,44.47707857715962,7.773724865642179,0.5333333333333333,15
all_history,SPX,20,kalman_gex,2026-09-10,80.08265988998069,7.847673923456341,1.0,36.49234985133749,36.49234985133749,5.437701427076155,0.391304347826087,46
all_history,SPX,20,kalman_gex,2026-09-11,89.67068894525653,6.233429968000301,0.9117647058823529,38.1300134522384,41.57433253744535,5.589823598052668,0.5294117647058824,34
all_history,SPX,20,kalman_gex,2026-09-14,113.56926072719651,7.807537969878492,0.9180327868852459,36.14747034451503,43.781890417626464,5.934063797599357,0.4918032786885246,61
all_history,SPX,20,kalman_gex,2026-09-15,54.95772703794726,5.88402931284172,1.0,38.95221878391964,38.95221878391964,4.9125468332971876,0.36363636363636365,11
all_history,SPX,20,kalman_gex,2026-09-16,431.596179093008,13.780041227637264,0.7666666666666667,36.16591589833067,85.98506111961896,10.981114632897418,0.38333333333333336,60
all_history,SPX,20,kalman_gex,2026-09-18,41.42659293049333,4.984636793490989,1.0,36.16591589833067,36.16591589833067,4.410017275541622,0.5,60
all_history,SPX,20,kalman_gex,2026-09-21,38.35754238642566,6.193346622499476,1.0,41.01555192057036,41.01555192057036,4.6841627383252495,0.0,1
all_history,SPX,20,kalman_gex,2026-09-22,24.815245513605383,4.1151597659880705,1.0,35.649005153184646,35.649005153184646,3.945624525523119,0.45901639344262296,61
all_history,SPX,20,kalman_gex,2026-09-23,62.6277051894032,5.715885009404772,0.9777777777777777,35.970471614809995,36.98216591292167,4.923276879884347,0.6222222222222222,45
all_history,SPX,20,kalman_gex,2026-09-24,176.08297217407625,9.511543249790398,0.8688524590163934,35.649005153184646,48.75131546371126,7.178150350820387,0.4918032786885246,61
all_history,SPX,20,kalman_gex,2026-09-25,204.3397374698908,9.393272858092544,0.8852459016393442,35.649005153184646,54.916265573289884,7.368663304634018,0.4918032786885246,61
all_history,SPX,20,kalman_gex,2026-09-28,204.59619225017346,10.238987455828317,0.8596491228070176,35.7144200112497,53.398587559012036,7.628388404158856,0.42105263157894735,57
all_history,SPX,20,kalman_gex,2026-09-29,70.8694337305441,6.6255468324550435,0.9508196721311475,35.649005153184646,36.9764621181041,5.080716169418112,0.5245901639344263,61
all_history,SPX,20,kalman_price,2026-07-21,41.30331351324384,4.932930976863328,1.0,39.23182250647552,39.23182250647552,4.579147754239394,0.5737704918032787,61
all_history,SPX,20,kalman_price,2026-07-22,21.77889217880584,3.9296187381304604,1.0,41.29072880697398,41.29072880697398,4.289858260558431,0.6666666666666666,21
all_history,SPX,20,kalman_price,2026-07-23,169.5217671682448,10.906462281431828,0.8852459016393442,39.23182250647552,45.091179111028,7.445208854698775,0.5573770491803278,61
all_history,SPX,20,kalman_price,2026-07-24,293.62481679997876,14.312858255135717,0.7954545454545454,39.79564711192771,58.240350576814926,9.76530839090697,0.45454545454545453,44
all_history,SPX,20,kalman_price,2026-07-30,866.0019706594353,27.432487866938697,0.25,42.518962045127836,126.3634987992355,19.643576855858218,0.08333333333333333,12
all_history,SPX,20,kalman_price,2026-07-31,273.8948303828094,13.09706987586318,0.825,39.972814702615516,54.48841641916389,9.260501542790994,0.475,40
all_history,SPX,20,kalman_price,2026-08-03,37.06283262923549,5.286253850407399,1.0,41.752809951143114,41.752809951143114,4.70062374206231,0.6470588235294118,17
all_history,SPX,20,kalman_price,2026-08-11,34.97757414563456,4.797810940600041,1.0,41.30400104006633,41.30400104006633,4.606298326335506,0.7333333333333333,15
all_history,SPX,20,kalman_price,2026-08-12,25.53171868461126,4.066698750333175,1.0,39.849941235655,39.849941235655,4.265538329156401,0.3548387096774194,31
all_history,SPX,20,kalman_price,2026-08-13,183.91592655499073,10.839836271189514,0.875,40.34100136877566,47.79187443206758,7.573052467017153,0.375,24
all_history,SPX,20,kalman_price,2026-08-14,26.52603122963862,4.784844030875683,1.0,43.80391473656272,43.80391473656272,4.613216104579605,0.5,4
all_history,SPX,20,kalman_price,2026-09-01,116.07263774851056,8.378835118909604,0.8888888888888888,39.204707404485106,42.063627845985806,6.267138539424636,0.5111111111111111,45
all_history,SPX,20,kalman_price,2026-09-04,102.36005897724445,8.84545425037292,1.0,42.09144795919611,42.09144795919611,6.213033084842895,0.625,16
all_history,SPX,20,kalman_price,2026-09-08,56.74204982964345,5.928020047825438,0.972972972972973,40.75000509667364,41.06447905889087,5.056561187812705,0.3783783783783784,37
all_history,SPX,20,kalman_price,2026-09-09,214.08906259557486,12.806037559814643,0.7333333333333333,38.76479705281104,47.164171132431456,8.500795509384057,0.5333333333333333,15
all_history,SPX,20,kalman_price,2026-09-10,86.9547685860672,8.033000012151572,1.0,36.82740612364505,36.82740612364505,5.60400843101336,0.391304347826087,46
all_history,SPX,20,kalman_price,2026-09-11,102.97477475862158,6.740443749857239,0.9117647058823529,38.52173442944277,42.84527970885581,5.886550411917553,0.47058823529411764,34
all_history,SPX,20,kalman_price,2026-09-14,133.86323271472324,8.844017347374495,0.9180327868852459,36.46239541466261,44.72198682783053,6.428434726918706,0.3770491803278688,61
all_history,SPX,20,kalman_price,2026-09-15,45.170721324998794,5.266306627422425,1.0,39.36100308027364,39.36100308027364,4.710124019172803,0.2727272727272727,11
all_history,SPX,20,kalman_price,2026-09-16,436.2335762425904,14.247217809916318,0.75,36.482040285949296,86.10581284062904,11.229117315571042,0.3333333333333333,60
all_history,SPX,20,kalman_price,2026-09-18,34.79226871893221,4.700515581006946,1.0,36.482040285949296,36.482040285949296,4.258709786457945,0.5666666666666667,60
all_history,SPX,20,kalman_price,2026-09-21,14.40572390667128,3.7954873081952574,1.0,41.48775863037778,41.48775863037778,4.136145452031948,1.0,1
all_history,SPX,20,kalman_price,2026-09-22,27.331845577026495,4.297275252854645,1.0,35.76800642541199,35.76800642541199,4.022447304553821,0.47540983606557374,61
all_history,SPX,20,kalman_price,2026-09-23,76.68940594548197,6.361217921973698,0.9333333333333333,36.15317656305601,38.32019056294053,5.253819410144299,0.6666666666666666,45
all_history,SPX,20,kalman_price,2026-09-24,193.7475008127121,9.941121388935185,0.8524590163934426,35.76800642541199,51.513513484950536,7.448957804534893,0.5245901639344263,61
all_history,SPX,20,kalman_price,2026-09-25,204.01976950548277,9.36748270659511,0.8688524590163934,35.76800642541199,54.01196966805247,7.406232021094124,0.5081967213114754,61
all_history,SPX,20,kalman_price,2026-09-28,247.18788926735692,11.20946603261452,0.8421052631578947,35.84779472236051,58.426067211277164,8.339422551270127,0.3333333333333333,57
all_history,SPX,20,kalman_price,2026-09-29,82.09230846719504,7.031688505943392,0.9016393442622951,35.76800642541199,37.37337475275345,5.36995955891846,0.4098360655737705,61
all_history,SPX,20,markov_gex,2026-07-21,32.699966073811595,4.195731978160608,0.9672131147540983,26.93598576947789,27.96509832095464,3.4963658005751417,0.4426229508196721,61
all_history,SPX,20,markov_gex,2026-07-22,20.31258098993562,3.539291374422253,1.0,24.02997638260257,24.02997638260257,3.006723674579724,0.6666666666666666,21
all_history,SPX,20,markov_gex,2026-07-23,144.6445913787393,10.15938959945121,0.9016393442622951,35.88665704619052,38.211721004320204,6.804677351277936,0.5573770491803278,61
all_history,SPX,20,markov_gex,2026-07-24,246.50414180285662,11.593609838962244,0.75,36.840538151058794,56.862650655525066,8.613842207518605,0.5454545454545454,44
all_history,SPX,20,markov_gex,2026-07-30,388.65479886975277,18.11844373372697,0.6666666666666666,45.04119217704709,62.25888917788368,12.038761925194779,0.16666666666666666,12
all_history,SPX,20,markov_gex,2026-07-31,221.040996399591,12.401223725460707,0.775,39.848312468959634,46.490294458736116,8.519788013254097,0.275,40
all_history,SPX,20,markov_gex,2026-08-03,44.011467964960566,5.824535834408796,1.0,24.045198776793143,24.045198776793143,3.9387586447049454,0.35294117647058826,17
all_history,SPX,20,markov_gex,2026-08-11,18.711274528897164,3.850985020767091,1.0,19.72915467693154,19.72915467693154,2.6917737619965076,0.7333333333333333,15
all_history,SPX,20,markov_gex,2026-08-12,19.621507445517686,3.4669599455112583,0.967741935483871,23.22864793492045,23.524292869952568,2.913174530697041,0.4838709677419355,31
all_history,SPX,20,markov_gex,2026-08-13,115.70817119551249,8.882114148777461,0.6666666666666666,25.5963004574548,41.31207621688079,6.319072255923725,0.3333333333333333,24
all_history,SPX,20,markov_gex,2026-08-14,16.90237126436902,3.7492835029740625,1.0,20.1136387178419,20.1136387178419,2.638252470984649,0.5,4
all_history,SPX,20,markov_gex,2026-09-01,99.0937219159093,7.788052310342621,0.7333333333333333,22.06433268255426,39.37487215747897,5.787737620071534,0.6,45
all_history,SPX,20,markov_gex,2026-09-04,76.74455261882603,6.90628795411914,0.875,28.034033504046747,31.432994070561,5.148736924153534,0.625,16
all_history,SPX,20,markov_gex,2026-09-08,36.57017507716484,4.690499578004191,0.918918918918919,23.956542128443957,26.84178167920685,3.722027401477449,0.4594594594594595,37
all_history,SPX,20,markov_gex,2026-09-09,175.864004386068,10.98481930148613,0.8,39.12330726005606,55.789066057249684,7.978902541510275,0.5333333333333333,15
all_history,SPX,20,markov_gex,2026-09-10,39.97108008243657,5.066743138998527,0.9130434782608695,23.102886226894373,26.37412900767823,3.8547794281007355,0.6086956521739131,46
all_history,SPX,20,markov_gex,2026-09-11,60.43880538045434,5.350206793232913,0.8823529411764706,28.113195034591804,31.130971466498977,4.265550503687007,0.5,34
all_history,SPX,20,markov_gex,2026-09-14,104.48699588534554,7.295483245074182,0.9180327868852459,29.563687061253862,37.688002003708796,5.356570671723625,0.47540983606557374,61
all_history,SPX,20,markov_gex,2026-09-15,24.624803538965697,3.833982790512239,0.9090909090909091,19.834810128176926,20.418933494888883,2.974399268399236,0.5454545454545454,11
all_history,SPX,20,markov_gex,2026-09-16,432.3511976085732,13.396666554385055,0.6833333333333333,24.833876981336353,73.62495349310196,10.21474861614998,0.5833333333333334,60
all_history,SPX,20,markov_gex,2026-09-18,34.73329973398469,4.773640960597828,0.9,20.49010829398562,22.626177815016003,3.4300975729521865,0.31666666666666665,60
all_history,SPX,20,markov_gex,2026-09-21,31.278191707130507,5.5926909182548705,1.0,20.82463999080022,20.82463999080022,3.3766528985609754,0.0,1
all_history,SPX,20,markov_gex,2026-09-22,25.168824966142335,4.0448587733361085,0.9344262295081968,19.160123463489768,20.16502977956263,2.994488780946889,0.4426229508196721,61
all_history,SPX,20,markov_gex,2026-09-23,59.43080122464904,5.449558928528923,0.9111111111111111,26.68131926858424,32.29830255088656,4.510233951756094,0.6666666666666666,45
all_history,SPX,20,markov_gex,2026-09-24,169.50563119458283,9.203190850723491,0.8688524590163934,36.72207905493299,52.04196612972043,7.119716476396449,0.4918032786885246,61
all_history,SPX,20,markov_gex,2026-09-25,150.37355510945383,8.178615269045837,0.9016393442622951,31.996345492786244,44.30171788309832,6.10821719598688,0.4262295081967213,61
all_history,SPX,20,markov_gex,2026-09-28,137.0132208953348,8.20753813948265,0.8771929824561403,31.66529440844847,43.886334314203026,6.222150607329613,0.49122807017543857,57
all_history,SPX,20,markov_gex,2026-09-29,69.06773285656229,6.626985765434976,0.8852459016393442,26.44565318383734,31.074672916873002,4.708434447126485,0.5245901639344263,61
all_history,SPX,20,markov_price,2026-07-21,33.48249666014159,4.246974765927455,0.9672131147540983,26.921465914036126,28.028897901872746,3.5210389823375774,0.4262295081967213,61
all_history,SPX,20,markov_price,2026-07-22,19.923137753955228,3.5187922469552326,1.0,23.999444118986908,23.999444118986908,2.990280354388068,0.6666666666666666,21
all_history,SPX,20,markov_price,2026-07-23,145.62460558004162,10.191500745050865,0.9016393442622951,35.84351904794329,38.296715159759884,6.831712184234241,0.5409836065573771,61
all_history,SPX,20,markov_price,2026-07-24,245.3016597671909,11.564593060709697,0.75,36.825347589830805,56.606842545402316,8.588877254938062,0.5681818181818182,44
all_history,SPX,20,markov_price,2026-07-30,389.4546315078,18.1447284249424,0.6666666666666666,45.12814424606834,62.17962474316973,12.047113178026697,0.16666666666666666,12
all_history,SPX,20,markov_price,2026-07-31,222.47048683015473,12.461590527597531,0.8,39.93616365997841,46.63931933351104,8.549460962965323,0.3,40
all_history,SPX,20,markov_price,2026-08-03,48.093123637782476,6.014255291460601,1.0,24.02526193669533,24.02526193669533,4.088140014860358,0.29411764705882354,17
all_history,SPX,20,markov_price,2026-08-11,18.876342968177145,3.864362975698989,1.0,19.581360877033326,19.581360877033326,2.6922463134234187,0.7333333333333333,15
all_history,SPX,20,markov_price,2026-08-12,19.82945360901203,3.4909976684809982,0.967741935483871,23.17848314209351,23.55717863901855,2.931483497991606,0.41935483870967744,31
all_history,SPX,20,markov_price,2026-08-13,107.95034092749695,8.632527627383842,0.6666666666666666,25.322749995404532,39.04057388872106,6.103044872435419,0.5833333333333334,24
all_history,SPX,20,markov_price,2026-08-14,16.022125581611572,3.721369066016666,1.0,19.961990620648915,19.961990620648915,2.5932240011561416,0.5,4
all_history,SPX,20,markov_price,2026-09-01,101.21896583004892,7.846177029558722,0.7111111111111111,22.065300860932744,40.12328492583861,5.864184751438005,0.6,45
all_history,SPX,20,markov_price,2026-09-04,76.4316989605634,6.897148596705737,0.875,28.081241876296794,31.384493114395738,5.144835430533819,0.5625,16
all_history,SPX,20,markov_price,2026-09-08,36.17674841581581,4.646092940420092,0.918918918918919,23.89106441284963,26.967782513960362,3.709390225980245,0.4864864864864865,37
all_history,SPX,20,markov_price,2026-09-09,177.62959417605504,10.980830257615398,0.8,39.162324950159835,56.220393326014396,8.011532223878106,0.6,15
all_history,SPX,20,markov_price,2026-09-10,40.50028121426849,5.142168025721702,0.8913043478260869,23.0515490653351,26.161182254650196,3.8894646692950503,0.6086956521739131,46
all_history,SPX,20,markov_price,2026-09-11,60.4004433450258,5.306903964165665,0.8823529411764706,28.158037598579114,31.181272426759982,4.256250827492409,0.5,34
all_history,SPX,20,markov_price,2026-09-14,101.97580306859327,7.227666662259165,0.9180327868852459,29.55545967567418,37.44692428874234,5.310134367051435,0.47540983606557374,61
all_history,SPX,20,markov_price,2026-09-15,25.06669974910942,3.796017412895435,0.9090909090909091,19.81783907795378,20.745140664914206,2.988321994755799,0.5454545454545454,11
all_history,SPX,20,markov_price,2026-09-16,432.97437194238887,13.382603451749963,0.6833333333333333,24.81426451014295,73.65150310330613,10.212787176977262,0.5833333333333334,60
all_history,SPX,20,markov_price,2026-09-18,34.50341761037209,4.7428399159892285,0.9,20.462349731831193,22.644788311114336,3.4187617564383697,0.31666666666666665,60
all_history,SPX,20,markov_price,2026-09-21,32.064459140132016,5.662548820110253,1.0,20.833025280084406,20.833025280084406,3.4125849382800344,0.0,1
all_history,SPX,20,markov_price,2026-09-22,25.246886827025836,4.049626145731619,0.9180327868852459,19.157282404895334,20.176244280774554,2.9980136355903935,0.4426229508196721,61
all_history,SPX,20,markov_price,2026-09-23,59.413130877433204,5.454063590415825,0.9111111111111111,26.68257622076068,32.30828163492364,4.510733407423599,0.6666666666666666,45
all_history,SPX,20,markov_price,2026-09-24,169.34167403870583,9.200061309397785,0.8688524590163934,36.72681666016794,52.02878895063042,7.118156488730608,0.4918032786885246,61
all_history,SPX,20,markov_price,2026-09-25,150.48959582052416,8.1833350370758,0.9016393442622951,31.996312017638417,44.32893265724754,6.109873514949819,0.4262295081967213,61
all_history,SPX,20,markov_price,2026-09-28,136.8490412993993,8.203157819743005,0.8771929824561403,31.66452652081622,43.88483021849237,6.220505101421287,0.49122807017543857,57
all_history,SPX,20,markov_price,2026-09-29,68.9992392765202,6.623931552837047,0.8852459016393442,26.44103890373463,31.06243317243889,4.706225114350193,0.5245901639344263,61
all_history,SPX,20,momentum,2026-07-21,63.54148180776621,5.7745873031712955,0.9180327868852459,24.836448782194893,28.53722974699104,4.202677646753901,0.4918032786885246,61
all_history,SPX,20,momentum,2026-07-22,33.92609221472956,4.9692186125778885,1.0,26.066932781747774,26.066932781747774,3.628088338483047,0.47619047619047616,21
all_history,SPX,20,momentum,2026-07-23,215.26681944299608,11.612395267359567,0.7704918032786885,38.269471407265364,52.248521101163135,8.326312790279044,0.5081967213114754,61
all_history,SPX,20,momentum,2026-07-24,322.47922486562436,13.990518534498925,0.8409090909090909,45.171706961357984,63.348840958628436,9.83548914828957,0.6363636363636364,44
all_history,SPX,20,momentum,2026-07-30,449.2307015659157,18.76220603922774,0.6666666666666666,43.92892624326391,72.93410580235188,12.677017283127114,0.5833333333333334,12
all_history,SPX,20,momentum,2026-07-31,305.1678782165899,13.49026886631854,0.825,45.810150606132986,64.06093753955517,9.784599928054888,0.6,40
all_history,SPX,20,momentum,2026-08-03,45.070615712686646,5.573375857534428,0.9411764705882353,27.030521538246163,27.334094459539667,4.0583723697340215,0.6470588235294118,17
all_history,SPX,20,momentum,2026-08-11,29.1170239957105,4.3397982301680145,1.0,27.977752188648648,27.977752188648648,3.573775000168042,0.4666666666666667,15
all_history,SPX,20,momentum,2026-08-12,41.084592494720944,4.916314585444551,0.9354838709677419,25.952365876447605,26.751857279494818,3.762275379438336,0.45161290322580644,31
all_history,SPX,20,momentum,2026-08-13,130.28855894738228,8.86038474951961,0.9166666666666666,29.238145005135905,39.317236925379184,6.228482124680525,0.75,24
all_history,SPX,20,momentum,2026-08-14,56.45690403408365,5.924102924643027,1.0,31.226894740119214,31.226894740119214,4.626759669290564,0.5,4
all_history,SPX,20,momentum,2026-09-01,124.9897156550148,9.29423425098376,0.7777777777777778,26.661447311975714,38.734092572640364,6.435131272860001,0.4888888888888889,45
all_history,SPX,20,momentum,2026-09-04,105.26557223069851,8.181306542444458,0.875,31.45588699155502,35.646708426173014,5.850255710366529,0.5625,16
all_history,SPX,20,momentum,2026-09-08,56.09974699182208,5.111458813359262,0.918918918918919,29.38151373122407,34.54943988048883,4.382433741211005,0.5675675675675675,37
all_history,SPX,20,momentum,2026-09-09,296.00571121696464,13.515947820583234,0.7333333333333333,36.44686427639253,67.61513294133898,9.813392706292356,0.4666666666666667,15
all_history,SPX,20,momentum,2026-09-10,65.57268795949223,6.543854317796976,0.8260869565217391,24.294497452756545,28.95961018641032,4.659845771369542,0.6304347826086957,46
all_history,SPX,20,momentum,2026-09-11,125.35188279180208,7.651734982900969,0.9117647058823529,29.354765980787068,38.978029397075446,5.803107238464124,0.5,34
all_history,SPX,20,momentum,2026-09-14,171.29970099540756,10.14120409507305,0.7868852459016393,29.23111591725226,40.690940804878416,6.986639810449733,0.45901639344262296,61
all_history,SPX,20,momentum,2026-09-15,65.23337927519468,6.804909684689716,0.8181818181818182,26.9610883451342,29.26203486858141,4.688263543249379,0.36363636363636365,11
all_history,SPX,20,momentum,2026-09-16,474.9506647273312,14.224097301360949,0.6333333333333333,28.974765813999472,74.02772226181686,10.656133421501952,0.48333333333333334,60
all_history,SPX,20,momentum,2026-09-18,58.239305681642115,5.96348255453086,0.85,21.200981325502156,28.8878625092169,4.253543000177067,0.5666666666666667,60
all_history,SPX,20,momentum,2026-09-21,15.687242311207854,3.960712348960456,1.0,29.472905353941332,29.472905353941332,3.2261727301718257,1.0,1
all_history,SPX,20,momentum,2026-09-22,50.6886951355793,5.971308884614424,0.7868852459016393,20.17484453102445,24.623572215111135,4.09208558138655,0.39344262295081966,61
all_history,SPX,20,momentum,2026-09-23,107.43705394845709,8.221649213048599,0.7555555555555555,26.851007205693794,35.30254900510502,5.917307304370208,0.5333333333333333,45
all_history,SPX,20,momentum,2026-09-24,215.47549336179458,11.371975955276449,0.8688524590163934,36.74891755920387,53.10944190872441,8.0391584518986,0.5409836065573771,61
all_history,SPX,20,momentum,2026-09-25,322.4008053879405,12.771452888642372,0.8032786885245902,37.922349392236676,66.20993304255006,9.379935517863625,0.36065573770491804,61
all_history,SPX,20,momentum,2026-09-28,391.50421442042347,13.63562977981888,0.7543859649122807,37.667613151676036,72.89838654657821,10.359553628318611,0.38596491228070173,57
all_history,SPX,20,momentum,2026-09-29,138.7655651499508,9.206646132155258,0.7704918032786885,26.068958907603964,41.85567776716786,6.499813050032932,0.4426229508196721,61
all_history,SPX,20,ou_gex,2026-07-21,31.084658471865303,4.0881036759695775,0.9836065573770492,38.23796690246292,38.85352584511486,4.266710369686076,0.5573770491803278,61
all_history,SPX,20,ou_gex,2026-07-22,22.05384006408042,3.625696614287281,1.0,38.23796690246292,38.23796690246292,4.062562347152903,0.6666666666666666,21
all_history,SPX,20,ou_gex,2026-07-23,150.83069854615036,10.332548948804995,0.8852459016393442,38.23796690246292,41.805487488150504,7.109212137800561,0.39344262295081966,61
all_history,SPX,20,ou_gex,2026-07-24,242.75544817597566,11.657226888673478,0.7954545454545454,38.23796690246292,58.42756197959181,8.658335021500223,0.25,44
all_history,SPX,20,ou_gex,2026-07-30,363.6297703948492,17.37434440524417,0.5,38.23796690246292,61.41115007703616,11.67659700225294,0.8333333333333334,12
all_history,SPX,20,ou_gex,2026-07-31,211.0937552171992,12.049379458885047,0.775,38.23796690246292,47.956453842181084,8.373032837476117,0.5,40
all_history,SPX,20,ou_gex,2026-08-03,42.53868493239351,5.753706286121473,1.0,38.23796690246292,38.23796690246292,4.591587478279719,0.35294117647058826,17
all_history,SPX,20,ou_gex,2026-08-11,20.156904542086348,3.977478773944429,1.0,37.297318590529464,37.297318590529464,3.94548908676046,0.26666666666666666,15
all_history,SPX,20,ou_gex,2026-08-12,19.700692241231245,3.4637017224234277,1.0,37.297318590529464,37.297318590529464,3.922474729524138,0.5161290322580645,31
all_history,SPX,20,ou_gex,2026-08-13,107.66996179712869,8.572426731470093,0.9166666666666666,37.297318590529464,37.90896183059098,6.113785707574394,0.75,24
all_history,SPX,20,ou_gex,2026-08-14,16.13755696902421,3.7107336980147996,1.0,37.297318590529464,37.297318590529464,3.8389023126824773,0.5,4
all_history,SPX,20,ou_gex,2026-09-01,101.50942132028572,7.852866803478947,0.9333333333333333,37.297318590529464,39.61438939550679,5.920126630769794,0.5777777777777777,45
all_history,SPX,20,ou_gex,2026-09-04,76.73077304405048,6.9030415255102815,0.9375,37.297318590529464,39.26342282212247,5.335696705540602,0.5625,16
all_history,SPX,20,ou_gex,2026-09-08,36.213146957626456,4.620173919425668,0.972972972972973,37.297318590529464,37.387700156211004,4.343380360553862,0.5675675675675675,37
all_history,SPX,20,ou_gex,2026-09-09,178.92319367769466,10.960000656467178,0.8,34.93020194054914,48.23396046777878,7.622630924474849,0.6,15
all_history,SPX,20,ou_gex,2026-09-10,41.32301448583466,5.227557727850299,1.0,34.93020194054914,34.93020194054914,4.339270751062545,0.5,46
all_history,SPX,20,ou_gex,2026-09-11,58.67780506654584,5.301827955890642,0.9411764705882353,34.93020194054914,36.46986761564017,4.727367306260767,0.5294117647058824,34
all_history,SPX,20,ou_gex,2026-09-14,99.50198232833401,7.221386980478736,0.9344262295081968,34.93020194054914,41.891934017304735,5.626935251981005,0.39344262295081966,61
all_history,SPX,20,ou_gex,2026-09-15,27.15818692660147,3.780768199173271,1.0,34.93020194054914,34.93020194054914,3.9503894161985227,0.5454545454545454,11
all_history,SPX,20,ou_gex,2026-09-16,437.2906956529453,13.577455585438596,0.75,34.93020194054914,85.33231460880967,10.8575354265139,0.36666666666666664,60
all_history,SPX,20,ou_gex,2026-09-18,33.03867222059748,4.608776561944807,1.0,34.93020194054914,34.93020194054914,4.113565451021115,0.4,60
all_history,SPX,20,ou_gex,2026-09-21,26.59425238129739,5.15696154545459,1.0,33.61067413539771,33.61067413539771,3.863309238039566,0.0,1
all_history,SPX,20,ou_gex,2026-09-22,24.122291924923672,3.97855811476274,1.0,33.61067413539771,33.61067413539771,3.776763336450387,0.4918032786885246,61
all_history,SPX,20,ou_gex,2026-09-23,60.037599928174416,5.622991733060295,0.9333333333333333,33.61067413539771,34.67969867699362,4.730394179772814,0.7111111111111111,45
all_history,SPX,20,ou_gex,2026-09-24,166.21200046904588,9.119969815375875,0.8688524590163934,33.61067413539771,48.09194482711419,6.906747117805589,0.6229508196721312,61
all_history,SPX,20,ou_gex,2026-09-25,148.59124925287563,8.137758107986814,0.9016393442622951,33.61067413539771,47.911490247549,6.372722701621578,0.39344262295081966,61
all_history,SPX,20,ou_gex,2026-09-28,135.79958478598715,8.18980029808251,0.8947368421052632,33.61067413539771,45.12448069578125,6.260638290519747,0.543859649122807,57
all_history,SPX,20,ou_gex,2026-09-29,69.37751765636132,6.631143824180797,0.9508196721311475,33.61067413539771,35.50495425283828,4.980698426790582,0.5409836065573771,61
all_history,SPX,20,ou_price,2026-07-21,31.113570650156728,4.117090740497907,0.9836065573770492,37.295960043308064,37.93636933105987,4.200689090001209,0.5409836065573771,61
all_history,SPX,20,ou_price,2026-07-22,23.262891288678908,3.6988957269667573,1.0,37.295960043308064,37.295960043308064,4.022278265037171,0.47619047619047616,21
all_history,SPX,20,ou_price,2026-07-23,150.25450547287716,10.287865821957219,0.8852459016393442,37.295960043308064,41.43021491925929,7.082842476102389,0.4918032786885246,61
all_history,SPX,20,ou_price,2026-07-24,245.17032342975563,11.713873666062803,0.7727272727272727,37.295960043308064,58.883038399888115,8.706631447467332,0.45454545454545453,44
all_history,SPX,20,ou_price,2026-07-30,379.55103072170226,17.777619699197395,0.4166666666666667,37.295960043308064,65.2743966426048,12.06750663893218,0.4166666666666667,12
all_history,SPX,20,ou_price,2026-07-31,218.54124965049817,12.330737713192033,0.75,37.295960043308064,48.73429080386588,8.538663923288794,0.35,40
all_history,SPX,20,ou_price,2026-08-03,43.59213631114628,5.826623670728388,1.0,37.295960043308064,37.295960043308064,4.559587010138534,0.47058823529411764,17
all_history,SPX,20,ou_price,2026-08-11,20.258993045926164,3.98196032244696,1.0,37.0298872084684,37.0298872084684,3.9275769535724234,0.4666666666666667,15
all_history,SPX,20,ou_price,2026-08-12,19.677102700869717,3.453824224043743,1.0,37.0298872084684,37.0298872084684,3.901495644622667,0.45161290322580644,31
all_history,SPX,20,ou_price,2026-08-13,110.23772364653503,8.72270298833095,0.9166666666666666,37.0298872084684,37.757658951771155,6.170005297631739,0.2916666666666667,24
all_history,SPX,20,ou_price,2026-08-14,16.34657807431079,3.700137015317091,1.0,37.0298872084684,37.0298872084684,3.8231634579863796,0.5,4
all_history,SPX,20,ou_price,2026-09-01,102.49405615767925,7.877322021975089,0.9333333333333333,37.0298872084684,39.51678918485512,5.932573689697856,0.4666666666666667,45
all_history,SPX,20,ou_price,2026-09-04,78.16159273522796,6.9893168139235025,0.9375,37.0298872084684,39.09716518721893,5.35910683461848,0.375,16
all_history,SPX,20,ou_price,2026-09-08,36.52932039053655,4.651506231885101,0.972972972972973,37.0298872084684,37.13550671445113,4.334072044124349,0.5405405405405406,37
all_history,SPX,20,ou_price,2026-09-09,181.80409145997106,11.016975982717161,0.8,34.95799362588408,48.705965051294584,7.68043792441766,0.6,15
all_history,SPX,20,ou_price,2026-09-10,41.70072441126812,5.2487606589818405,1.0,34.95799362588408,34.95799362588408,4.350801300541699,0.43478260869565216,46
all_history,SPX,20,ou_price,2026-09-11,58.81967672796161,5.310556637438972,0.9411764705882353,34.95799362588408,36.46797124962805,4.732940555418092,0.5294117647058824,34
all_history,SPX,20,ou_price,2026-09-14,99.04652179700234,7.199208503879838,0.9344262295081968,34.95799362588408,41.89262596882177,5.616645027913789,0.5573770491803278,61
all_history,SPX,20,ou_price,2026-09-15,26.518707765539524,3.7317055032732616,1.0,34.95799362588408,34.95799362588408,3.935016418539821,0.7272727272727273,11
all_history,SPX,20,ou_price,2026-09-16,435.97784225752747,13.46946248180921,0.75,34.95799362588408,84.89423998880652,10.830372444659014,0.5333333333333333,60
all_history,SPX,20,ou_price,2026-09-18,32.658364583214535,4.564220833142501,1.0,34.95799362588408,34.95799362588408,4.10464791346855,0.4,60
all_history,SPX,20,ou_price,2026-09-21,26.031224081088766,5.10208036795666,1.0,33.68598760519814,33.68598760519814,3.8517687891234718,0.5,1
all_history,SPX,20,ou_price,2026-09-22,24.141340372029084,3.97629943592846,1.0,33.68598760519814,33.68598760519814,3.782606638691318,0.5,61
all_history,SPX,20,ou_price,2026-09-23,60.233786152806566,5.643875257555111,0.9333333333333333,33.68598760519814,34.745878636137846,4.739436593270051,0.5,45
all_history,SPX,20,ou_price,2026-09-24,166.58733832928436,9.128282557880471,0.8688524590163934,33.68598760519814,48.14747888261521,6.914810851339886,0.5,61
all_history,SPX,20,ou_price,2026-09-25,147.96052196685298,8.128674079857044,0.9016393442622951,33.68598760519814,47.88495515159547,6.363683605240788,0.5,61
all_history,SPX,20,ou_price,2026-09-28,136.0004083679103,8.193261098503921,0.8947368421052632,33.68598760519814,45.157764649536425,6.266050828386504,0.5,57
all_history,SPX,20,ou_price,2026-09-29,69.62824192974632,6.641002619441037,0.9508196721311475,33.68598760519814,35.59664696376314,4.990293886965647,0.5,61
all_history,SPX,20,random_walk,2026-07-21,31.438282198509405,4.120483311905371,0.9836065573770492,24.836448782194893,25.768627663709015,3.3010581822693856,0.5,61
all_history,SPX,20,random_walk,2026-07-22,22.738474339191214,3.6641191185786046,1.0,26.066932781747774,26.066932781747774,3.2244778329447428,0.5,21
all_history,SPX,20,random_walk,2026-07-23,147.6119125324003,10.230617381056215,0.9180327868852459,38.269471407265364,40.430263801748694,6.911626932901332,0.5,61
all_history,SPX,20,random_walk,2026-07-24,241.153048262608,11.578539725379498,0.8636363636363636,45.171706961357984,56.86053681072358,8.638791240073923,0.5,44
all_history,SPX,20,random_walk,2026-07-30,370.45373110264376,17.57415009226194,0.6666666666666666,43.92892624326391,59.42103560975075,11.635595904255489,0.5,12
all_history,SPX,20,random_walk,2026-07-31,213.09452001225026,12.141025404363972,0.9,45.810150606132986,48.87561709098723,8.398924243262899,0.5,40
all_history,SPX,20,random_walk,2026-08-03,42.453188006317774,5.73687317151138,1.0,27.030521538246163,27.030521538246163,4.055863742928,0.5,17
all_history,SPX,20,random_walk,2026-08-11,19.855784476170584,3.9535310157206065,1.0,27.977752188648648,27.977752188648648,3.2557930562414015,0.5,15
all_history,SPX,20,random_walk,2026-08-12,19.723058689906892,3.4657102301299023,0.967741935483871,25.952365876447605,26.01136204281975,3.1061573054344596,0.5,31
all_history,SPX,20,random_walk,2026-08-13,109.0612229487627,8.627288087526418,0.8333333333333334,29.238145005135905,33.050178993369784,5.925746373856441,0.5,24
all_history,SPX,20,random_walk,2026-08-14,16.255298308083674,3.736522132076061,1.0,31.226894740119214,31.226894740119214,3.365420979566572,0.5,4
all_history,SPX,20,random_walk,2026-09-01,101.84855773607015,7.8745747615657615,0.8,26.661447311975714,36.95453370694194,5.746695089398863,0.5,45
all_history,SPX,20,random_walk,2026-09-04,77.36039924428908,6.932707311826562,0.9375,31.45588699155502,34.56170563795347,5.09104524637845,0.5,16
all_history,SPX,20,random_walk,2026-09-08,36.523205814374904,4.654268697647117,0.972972972972973,29.38151373122407,31.106132254205146,3.8997787690982118,0.5,37
all_history,SPX,20,random_walk,2026-09-09,181.9536005359736,11.027370488923044,0.8,36.44686427639253,50.62458253645784,7.766858877954301,0.5,15
all_history,SPX,20,random_walk,2026-09-10,41.632776782017906,5.236332118199599,0.8913043478260869,24.294497452756545,26.414874357743344,3.9176072774659048,0.5,46
all_history,SPX,20,random_walk,2026-09-11,58.79797966739299,5.312666289579818,0.9117647058823529,29.354765980787068,31.704828967053828,4.320857057336606,0.5,34
all_history,SPX,20,random_walk,2026-09-14,98.90501994212659,7.20398777431296,0.9344262295081968,29.23111591725226,36.78801626665794,5.254455251502935,0.5,61
all_history,SPX,20,random_walk,2026-09-15,26.734109233139122,3.744595221951551,1.0,26.9610883451342,26.9610883451342,3.419738523005796,0.5,11
all_history,SPX,20,random_walk,2026-09-16,434.07722498496867,13.46628185049849,0.75,28.974765813999472,71.15572037019453,10.042348728999626,0.5,60
all_history,SPX,20,random_walk,2026-09-18,32.6651119768219,4.564951036980104,0.9166666666666666,21.200981325502156,24.692213338792378,3.438572639224874,0.5,60
all_history,SPX,20,random_walk,2026-09-21,26.031224081088766,5.10208036795666,1.0,29.472905353941332,29.472905353941332,3.5758336336268757,0.5,1
all_history,SPX,20,random_walk,2026-09-22,24.141340372029084,3.97629943592846,0.9508196721311475,20.17484453102445,21.00925842667706,3.014719849515452,0.5,61
all_history,SPX,20,random_walk,2026-09-23,60.233786152806566,5.643875257555111,0.8888888888888888,26.851007205693794,30.94170911499473,4.481531938598621,0.5,45
all_history,SPX,20,random_walk,2026-09-24,166.58733832928436,9.128282557880471,0.8852459016393442,36.74891755920387,52.306487325071316,7.062874878050711,0.5,61
all_history,SPX,20,random_walk,2026-09-25,147.96052196685298,8.128674079857044,0.9180327868852459,37.922349392236676,50.01196267401545,6.479947333344582,0.5,61
all_history,SPX,20,random_walk,2026-09-28,136.0004083679103,8.193261098503921,0.9122807017543859,37.667613151676036,48.06876571214923,6.484005623936071,0.5,57
all_history,SPX,20,random_walk,2026-09-29,69.62824192974632,6.641002619441037,0.8688524590163934,26.068958907603964,31.400390513147606,4.71852094279811,0.5,61
all_history,SPX,25,garch_gex,2026-07-21,38.94513093811245,4.649262960785742,0.9672131147540983,21.9693151020394,24.101123468895754,3.4144844197238267,0.5,61
all_history,SPX,25,garch_gex,2026-07-22,25.42433493923767,3.914865369009065,0.9523809523809523,22.7243058710325,23.00739524632606,3.128726047155116,0.5,21
all_history,SPX,25,garch_gex,2026-07-23,210.21288047084337,11.961585522488335,0.9672131147540983,52.90175770967276,54.453856373921454,8.37354571674493,0.5,61
all_history,SPX,25,garch_gex,2026-07-24,322.8232744140727,14.33239957407634,0.7272727272727273,42.35466076375389,62.77678131072969,10.168537997773925,0.5,44
all_history,SPX,25,garch_gex,2026-07-30,472.41122862617794,20.611413385767566,0.5,46.16763998544178,66.34948950816542,13.483694077805106,0.5,12
all_history,SPX,25,garch_gex,2026-07-31,255.60620146914198,13.003667980670798,0.825,41.15694345907839,52.648707485378566,9.020493239077233,0.5,40
all_history,SPX,25,garch_gex,2026-08-03,64.74060352678238,7.119546947292025,0.5882352941176471,16.416892457687883,31.81687582998066,5.013159012286682,0.5,17
all_history,SPX,25,garch_gex,2026-08-11,23.59988998211026,4.250821106818815,1.0,25.676775185538887,25.676775185538887,3.2645613840827887,0.5,15
all_history,SPX,25,garch_gex,2026-08-12,24.443296517861683,4.331443957208502,1.0,22.8100827626522,22.8100827626522,3.1230112199458753,0.5,31
all_history,SPX,25,garch_gex,2026-08-13,139.06516465082285,10.160054039538712,0.625,23.87271886967981,42.61054726606884,7.061400641477157,0.5,24
all_history,SPX,25,garch_gex,2026-08-14,10.360672207385411,2.6247551265987568,1.0,25.11161455145119,25.11161455145119,2.6824101867124077,0.5,4
all_history,SPX,25,garch_gex,2026-09-01,134.14047231731152,9.1368066256937,0.8222222222222222,34.175185466485075,44.119619687415415,6.716686778934437,0.5,45
all_history,SPX,25,garch_gex,2026-09-04,80.30791244483677,7.521865087899641,0.9375,29.6369889498943,33.957190617902405,5.170892444689572,0.5,16
all_history,SPX,25,garch_gex,2026-09-08,49.63064023485007,5.510369944576932,0.972972972972973,31.20781210728679,32.64622497118855,4.406334419206834,0.5,37
all_history,SPX,25,garch_gex,2026-09-09,236.36633170972655,11.95513879302889,0.8,42.398481660956186,60.666572271164085,8.89407637616557,0.5,15
all_history,SPX,25,garch_gex,2026-09-10,55.54545385386844,6.441676756150707,0.9565217391304348,33.000697192791506,33.26626079816943,4.682920998978423,0.5,46
all_history,SPX,25,garch_gex,2026-09-11,81.38919968151974,6.422288286535631,0.8823529411764706,25.36250184815555,32.00251484406419,4.723066946590702,0.5,34
all_history,SPX,25,garch_gex,2026-09-14,122.69543365631405,7.957276339779873,0.9344262295081968,33.33597114477423,41.18407224428145,5.80438149292366,0.5,61
all_history,SPX,25,garch_gex,2026-09-15,26.262210722569503,4.422890281249155,1.0,33.163967232569185,33.163967232569185,3.8204398078152804,0.5,11
all_history,SPX,25,garch_gex,2026-09-16,644.0523717663946,15.97811377817173,0.7166666666666667,34.126356837539085,79.6937110771354,11.755093288911933,0.5,60
all_history,SPX,25,garch_gex,2026-09-18,38.49290422468617,4.974643167545825,0.9166666666666666,24.093179916977704,26.59521538905577,3.7770175653426294,0.5,60
all_history,SPX,25,garch_gex,2026-09-21,128.46915241071696,11.334423338252236,1.0,23.155248412938388,23.155248412938388,7.142701557790852,0.5,1
all_history,SPX,25,garch_gex,2026-09-22,27.04289395958008,4.227721121851364,0.9180327868852459,18.97535938235575,20.50824243072629,3.109150415740021,0.5,61
all_history,SPX,25,garch_gex,2026-09-23,71.99034762192854,6.524071006233377,0.8888888888888888,29.864659741004996,35.0490104395357,4.992306912855958,0.5,45
all_history,SPX,25,garch_gex,2026-09-24,237.99606596961132,11.532632855673896,0.8032786885245902,39.26036016697579,59.7478323513607,8.57525790787155,0.5,61
all_history,SPX,25,garch_gex,2026-09-25,151.89738188498666,8.04188450193653,0.9016393442622951,34.854470924187545,48.852028999108676,6.346837446061967,0.5,61
all_history,SPX,25,garch_gex,2026-09-28,154.45266990060114,9.01079012196702,0.8771929824561403,39.367941321442174,51.223358525095435,6.983335746931047,0.5,57
all_history,SPX,25,garch_gex,2026-09-29,86.47983053348344,6.971100075220018,0.8852459016393442,29.684010347419754,35.857597709378055,5.184837651962047,0.5,61
all_history,SPX,25,garch_price,2026-07-21,38.94513093811245,4.649262960785742,0.9672131147540983,23.943493274698827,25.469151273983705,3.496890161271089,0.5,61
all_history,SPX,25,garch_price,2026-07-22,25.42433493923767,3.914865369009065,1.0,21.446796952731095,21.446796952731095,3.074822320223371,0.5,21
all_history,SPX,25,garch_price,2026-07-23,210.21288047084337,11.961585522488335,0.9016393442622951,40.01220422050513,44.01275015154195,7.94966642452209,0.5,61
all_history,SPX,25,garch_price,2026-07-24,322.8232744140727,14.33239957407634,0.8181818181818182,47.46984984921343,62.13701882143334,10.161622100026657,0.5,44
all_history,SPX,25,garch_price,2026-07-30,472.41122862617794,20.611413385767566,0.75,51.19712018788699,61.7965366335419,13.172198218406592,0.5,12
all_history,SPX,25,garch_price,2026-07-31,255.60620146914198,13.003667980670798,0.9,48.802667951709395,55.67904238198413,9.069276370800129,0.5,40
all_history,SPX,25,garch_price,2026-08-03,64.74060352678238,7.119546947292025,0.7647058823529411,22.046348457053927,28.853836126299694,4.891339876747935,0.5,17
all_history,SPX,25,garch_price,2026-08-11,23.59988998211026,4.250821106818815,1.0,22.95022072358952,22.95022072358952,3.1482322159323015,0.5,15
all_history,SPX,25,garch_price,2026-08-12,24.443296517861683,4.331443957208502,0.9354838709677419,22.21205985432265,22.897082054068655,3.1338182294662813,0.5,31
all_history,SPX,25,garch_price,2026-08-13,139.06516465082285,10.160054039538712,0.6666666666666666,27.79676285132987,37.82085146763765,6.88115616835529,0.5,24
all_history,SPX,25,garch_price,2026-08-14,10.360672207385411,2.6247551265987568,1.0,27.490912969017952,27.490912969017952,2.86407841573142,0.5,4
all_history,SPX,25,garch_price,2026-09-01,134.14047231731152,9.1368066256937,0.7111111111111111,26.03407941864893,45.26402141221602,6.769397777962467,0.5,45
all_history,SPX,25,garch_price,2026-09-04,80.30791244483677,7.521865087899641,0.9375,29.41309750170955,33.223146077592084,5.163665950009419,0.5,16
all_history,SPX,25,garch_price,2026-09-08,49.63064023485007,5.510369944576932,0.8918918918918919,26.807162167351564,30.729139985820296,4.286569741352767,0.5,37
all_history,SPX,25,garch_price,2026-09-09,236.36633170972655,11.95513879302889,0.8,40.900812463859715,60.753201076159804,8.88281315761771,0.5,15
all_history,SPX,25,garch_price,2026-09-10,55.54545385386844,6.441676756150707,0.8260869565217391,22.938884118878317,28.728372278002833,4.489746163808234,0.5,46
all_history,SPX,25,garch_price,2026-09-11,81.38919968151974,6.422288286535631,0.8823529411764706,27.90178079593924,32.554668377425436,4.778714937647478,0.5,34
all_history,SPX,25,garch_price,2026-09-14,122.69543365631405,7.957276339779873,0.9016393442622951,29.202141066608423,39.41676744173352,5.739423128297401,0.5,61
all_history,SPX,25,garch_price,2026-09-15,26.262210722569503,4.422890281249155,1.0,22.922413101704123,22.922413101704123,3.210657552947748,0.5,11
all_history,SPX,25,garch_price,2026-09-16,644.0523717663946,15.97811377817173,0.7166666666666667,34.33633764506225,77.0122592570736,11.654623390156708,0.5,60
all_history,SPX,25,garch_price,2026-09-18,38.49290422468617,4.974643167545825,0.8833333333333333,20.816030574452235,25.722720104433098,3.7427574975599014,0.5,60
all_history,SPX,25,garch_price,2026-09-21,128.46915241071696,11.334423338252236,1.0,26.257702554656596,26.257702554656596,6.942854599054457,0.5,1
all_history,SPX,25,garch_price,2026-09-22,27.04289395958008,4.227721121851364,0.9180327868852459,20.659324475076954,21.453968129811816,3.1672796813299624,0.5,61
all_history,SPX,25,garch_price,2026-09-23,71.99034762192854,6.524071006233377,0.8888888888888888,27.716063129985475,34.59048002065927,4.960652236725187,0.5,45
all_history,SPX,25,garch_price,2026-09-24,237.99606596961132,11.532632855673896,0.819672131147541,40.09667883197765,61.11001219140994,8.653332908919417,0.5,61
all_history,SPX,25,garch_price,2026-09-25,151.89738188498666,8.04188450193653,0.9016393442622951,38.28166162164468,50.84045931429885,6.484459246207773,0.5,61
all_history,SPX,25,garch_price,2026-09-28,154.45266990060114,9.01079012196702,0.8771929824561403,39.55628196081182,52.34237761126167,7.058616135077263,0.5,57
all_history,SPX,25,garch_price,2026-09-29,86.47983053348344,6.971100075220018,0.8688524590163934,27.74537054226015,35.21172804601328,5.159184574940486,0.5,61
all_history,SPX,25,kalman_gex,2026-07-21,35.3531624685728,4.478051294519994,1.0,43.994742201259605,43.994742201259605,4.768598067925661,0.6721311475409836,61
all_history,SPX,25,kalman_gex,2026-07-22,20.27736082657507,3.7283220985513092,1.0,46.77876489402794,46.77876489402794,4.699298262931883,0.7142857142857143,21
all_history,SPX,25,kalman_gex,2026-07-23,296.3509381538194,13.819822186304085,0.8360655737704918,43.994742201259605,59.29343744318935,9.615246808432948,0.4262295081967213,61
all_history,SPX,25,kalman_gex,2026-07-24,343.559792353288,15.51672515951865,0.7954545454545454,44.759126439298875,59.51318490120138,10.639758393940982,0.5227272727272727,44
all_history,SPX,25,kalman_gex,2026-07-30,1183.3168970417746,32.259818769127314,0.16666666666666666,48.42995484864061,155.01074175990865,23.511128723883502,0.08333333333333333,12
all_history,SPX,25,kalman_gex,2026-07-31,360.83901937823265,14.515844219644432,0.8,44.99900628042708,67.072415613847,10.478371118822725,0.575,40
all_history,SPX,25,kalman_gex,2026-08-03,70.32723863800024,7.363113885445199,1.0,47.40081841140579,47.40081841140579,5.826977966840778,0.5294117647058824,17
all_history,SPX,25,kalman_gex,2026-08-11,16.357448952864964,3.3333228558365806,1.0,46.9617553283456,46.9617553283456,4.63496478022081,0.7333333333333333,15
all_history,SPX,25,kalman_gex,2026-08-12,30.15642459269007,4.657497783492224,1.0,44.989607465850575,44.989607465850575,4.777409974874426,0.3548387096774194,31
all_history,SPX,25,kalman_gex,2026-08-13,196.46737644051393,11.572178065310753,0.875,45.657890710821846,47.729490333584955,7.965765489224648,0.375,24
all_history,SPX,25,kalman_gex,2026-08-14,11.383867412842502,3.024643173512776,1.0,50.31658644707559,50.31658644707559,4.819993642667896,0.5,4
all_history,SPX,25,kalman_gex,2026-09-01,155.5153426284439,9.840501441040535,0.8666666666666667,44.1066969634753,47.535184120590436,7.234759426314933,0.4111111111111111,45
all_history,SPX,25,kalman_gex,2026-09-04,109.38596387606658,9.143050145686711,1.0,48.01955908519926,48.01955908519926,6.642609807649403,0.625,16
all_history,SPX,25,kalman_gex,2026-09-08,80.4638858762847,7.299334389198424,1.0,46.21056956742915,46.21056956742915,5.897517149290071,0.35135135135135137,37
all_history,SPX,25,kalman_gex,2026-09-09,230.46574396068357,12.036340574773133,0.9333333333333333,44.12150196979995,51.473112810045635,8.63958023639341,0.6,15
all_history,SPX,25,kalman_gex,2026-09-10,113.20461944219433,9.362570956767113,0.9782608695652174,41.575766945777026,41.69352489160465,6.382362237115947,0.3695652173913043,46
all_history,SPX,25,kalman_gex,2026-09-11,133.5983316132636,7.544505610658604,0.8529411764705882,43.79985699887413,48.10548370734168,6.706596648056321,0.5588235294117647,34
all_history,SPX,25,kalman_gex,2026-09-14,146.49828232712855,8.504234472006928,0.9180327868852459,41.10591523096813,50.133765981725745,6.676187979718764,0.5081967213114754,61
all_history,SPX,25,kalman_gex,2026-09-15,66.31213443048414,6.366345657555676,1.0,44.91142687397056,44.91142687397056,5.523490402468078,0.45454545454545453,11
all_history,SPX,25,kalman_gex,2026-09-16,650.8740771147407,16.285632044326103,0.7666666666666667,41.13105468831696,106.84916499255874,13.241349800107178,0.4166666666666667,60
all_history,SPX,25,kalman_gex,2026-09-18,50.73742575998478,5.560559872911302,1.0,41.13105468831696,41.13105468831696,4.958991427797138,0.4666666666666667,60
all_history,SPX,25,kalman_gex,2026-09-21,161.3342645520833,12.701742579350414,1.0,47.910900350822494,47.910900350822494,7.684986779275833,0.0,1
all_history,SPX,25,kalman_gex,2026-09-22,28.046709205514055,4.324903381089534,1.0,40.670824295003946,40.670824295003946,4.400328457780809,0.5081967213114754,61
all_history,SPX,25,kalman_gex,2026-09-23,76.72242049731919,6.745554921707723,0.9777777777777777,41.10840186175287,41.19534359742929,5.536708640332314,0.5777777777777777,45
all_history,SPX,25,kalman_gex,2026-09-24,251.50744577211466,11.821478326084922,0.819672131147541,40.670824295003946,58.00164008035811,8.7066453210704,0.5573770491803278,61
all_history,SPX,25,kalman_gex,2026-09-25,235.72788365478448,9.710235560278843,0.8524590163934426,40.670824295003946,61.816054595411586,7.932683760256076,0.4918032786885246,61
all_history,SPX,25,kalman_gex,2026-09-28,253.26792748889628,11.62361491382585,0.8421052631578947,40.75988800559483,57.97587097479163,8.584163844203495,0.42105263157894735,57
all_history,SPX,25,kalman_gex,2026-09-29,87.51442016268572,6.889274120238593,0.9508196721311475,40.670824295003946,43.305454898846634,5.639911848659563,0.5081967213114754,61
all_history,SPX,25,kalman_price,2026-07-21,54.632475439316885,5.647714565002007,1.0,44.43054525746014,44.43054525746014,5.220907494636208,0.5901639344262295,61
all_history,SPX,25,kalman_price,2026-07-22,25.605676319894457,4.2645338120656,1.0,47.23905519389465,47.23905519389465,4.838389845607951,0.7142857142857143,21
all_history,SPX,25,kalman_price,2026-07-23,254.85675002458498,12.76303661389554,0.8360655737704918,44.43054525746014,56.425936487599394,8.93991613538255,0.5573770491803278,61
all_history,SPX,25,kalman_price,2026-07-24,403.7294021508911,16.60860166483314,0.7272727272727273,45.201795684750664,66.92794388249793,11.571178493024995,0.5227272727272727,44
all_history,SPX,25,kalman_price,2026-07-30,1317.163157159232,33.15976026261554,0.16666666666666666,48.90407400788565,168.85389860932864,24.639241300425045,0.08333333333333333,12
all_history,SPX,25,kalman_price,2026-07-31,334.6952799605757,14.077751058830595,0.85,45.44380772272457,65.64797066628272,10.076143870784673,0.525,40
all_history,SPX,25,kalman_price,2026-08-03,53.8699396425068,6.408979154129565,1.0,47.86638192821747,47.86638192821747,5.5021773578168975,0.7058823529411765,17
all_history,SPX,25,kalman_price,2026-08-11,55.19878968408831,6.067010663236984,1.0,47.461358699892614,47.461358699892614,5.4651215042670005,0.7333333333333333,15
all_history,SPX,25,kalman_price,2026-08-12,33.06287924086816,4.974910941127606,1.0,45.48690555619359,45.48690555619359,4.873858140481464,0.3548387096774194,31
all_history,SPX,25,kalman_price,2026-08-13,245.41207196868882,13.031062807617587,0.8333333333333334,46.154876406941334,53.71649328883609,8.81028343056873,0.375,24
all_history,SPX,25,kalman_price,2026-08-14,21.769489843191398,4.008775418352223,1.0,50.83051654779321,50.83051654779321,5.075224417243698,0.5,4
all_history,SPX,25,kalman_price,2026-09-01,154.3057787624903,9.594267585724149,0.9111111111111111,44.60750836345734,47.88153127136531,7.208397130490774,0.5666666666666667,45
all_history,SPX,25,kalman_price,2026-09-04,135.193994752635,9.98909587827677,1.0,48.523425243721874,48.523425243721874,7.182106582783118,0.625,16
all_history,SPX,25,kalman_price,2026-09-08,81.20968057295103,7.138086888826242,1.0,46.70907412296373,46.70907412296373,5.932722079343689,0.32432432432432434,37
all_history,SPX,25,kalman_price,2026-09-09,281.388524558602,13.534417171630992,0.8,44.56283285435401,56.60877359974456,9.610172689692293,0.6,15
all_history,SPX,25,kalman_price,2026-09-10,125.12525687552105,9.734930477735407,0.9565217391304348,41.93107809802728,42.75514701096689,6.62142999490754,0.3695652173913043,46
all_history,SPX,25,kalman_price,2026-09-11,156.2474989670306,8.382169809201784,0.8529411764705882,44.23366192454633,50.98397191126292,7.122673547030695,0.5,34
all_history,SPX,25,kalman_price,2026-09-14,179.09144309655107,9.679805869898615,0.9016393442622951,41.43333525231561,51.43870680985811,7.331207464990318,0.39344262295081966,61
all_history,SPX,25,kalman_price,2026-09-15,52.21860009991519,5.820280658104135,1.0,45.368827731455156,45.368827731455156,5.265415272137712,0.36363636363636365,11
all_history,SPX,25,kalman_price,2026-09-16,665.0274371383996,16.909717841937344,0.75,41.460136087283345,108.25855243306434,13.62750616191629,0.3333333333333333,60
all_history,SPX,25,kalman_price,2026-09-18,41.737314157081066,5.169647330398948,1.0,41.460136087283345,41.460136087283345,4.767601501569122,0.5333333333333333,60
all_history,SPX,25,kalman_price,2026-09-21,94.28068938409916,9.709824374523937,1.0,48.43091157644762,48.43091157644762,6.363656251754539,1.0,1
all_history,SPX,25,kalman_price,2026-09-22,31.606394016628037,4.618313014652188,1.0,40.69880345548723,40.69880345548723,4.487663276921279,0.4918032786885246,61
all_history,SPX,25,kalman_price,2026-09-23,96.17115954702837,7.368861986173712,0.9555555555555556,41.22483196203948,42.44688091757055,5.9392521838938555,0.6222222222222222,45
all_history,SPX,25,kalman_price,2026-09-24,286.99134659831464,12.621553531606413,0.8360655737704918,40.69880345548723,61.163394162220094,9.28096115910887,0.4918032786885246,61
all_history,SPX,25,kalman_price,2026-09-25,228.2606049459949,9.886157945660269,0.8524590163934426,40.69880345548723,59.90961981671235,7.854206227471241,0.4098360655737705,61
all_history,SPX,25,kalman_price,2026-09-28,310.8024993492663,12.808236854642656,0.7894736842105263,40.8078169761005,64.27279616530284,9.468177589397397,0.2982456140350877,57
all_history,SPX,25,kalman_price,2026-09-29,106.24320117630462,7.7902888325507496,0.9344262295081968,40.69880345548723,43.96056606599864,6.063367334879945,0.39344262295081966,61
all_history,SPX,25,markov_gex,2026-07-21,40.89271096853761,4.760665605832246,0.9672131147540983,30.26328074382961,31.63837116071241,3.9453623380333998,0.4098360655737705,61
all_history,SPX,25,markov_gex,2026-07-22,22.1198071445131,3.7238863735186243,1.0,27.13995510357962,27.13995510357962,3.26310211618622,0.7142857142857143,21
all_history,SPX,25,markov_gex,2026-07-23,204.4216844395654,11.816858591244426,0.9180327868852459,39.91125314986559,43.75804615284274,7.8520754512723,0.5737704918032787,61
all_history,SPX,25,markov_gex,2026-07-24,330.78890824362736,14.437674798389459,0.6818181818181818,40.93375871352784,64.07787138035782,10.262072409809782,0.4772727272727273,44
all_history,SPX,25,markov_gex,2026-07-30,501.74948551711856,21.273646883463613,0.75,49.79129436915914,63.47736351908753,13.685491119912534,0.16666666666666666,12
all_history,SPX,25,markov_gex,2026-07-31,266.94405326418047,13.346909179020695,0.825,44.1836282047871,53.31711094302193,9.285376780802565,0.275,40
all_history,SPX,25,markov_gex,2026-08-03,67.1259623951871,7.233482474008772,0.9411764705882353,27.156162314544535,27.223123906519326,4.814070138649387,0.29411764705882354,17
all_history,SPX,25,markov_gex,2026-08-11,21.801639993391696,4.130483559505586,1.0,22.120401163561475,22.120401163561475,2.9832391473290234,0.7333333333333333,15
all_history,SPX,25,markov_gex,2026-08-12,24.381189046153725,4.334769355474263,1.0,25.974555070855263,25.974555070855263,3.2899294715684975,0.4838709677419355,31
all_history,SPX,25,markov_gex,2026-08-13,148.52522925115613,10.455556722067845,0.7083333333333334,28.573417949080792,42.353342217430004,7.181771304370684,0.3333333333333333,24
all_history,SPX,25,markov_gex,2026-08-14,11.096030583921479,2.644475434478027,1.0,22.53814834129522,22.53814834129522,2.511947822121847,0.5,4
all_history,SPX,25,markov_gex,2026-09-01,129.51766326436027,8.941802372206572,0.6666666666666666,24.68779845603721,44.90604555456254,6.651670813446098,0.6777777777777778,45
all_history,SPX,25,markov_gex,2026-09-04,79.41510784063473,7.506284881678678,0.9375,31.25634894575477,33.71052534279524,5.36473805992894,0.5625,16
all_history,SPX,25,markov_gex,2026-09-08,49.25422697694298,5.507314995603331,0.918918918918919,26.773088552044737,30.20043782071649,4.262002424410875,0.5135135135135135,37
all_history,SPX,25,markov_gex,2026-09-09,224.94313058975396,11.788969981862188,0.8,43.38834669081435,64.17243877855164,8.949693292206602,0.6,15
all_history,SPX,25,markov_gex,2026-09-10,53.08401958908027,6.183339164946666,0.8695652173913043,25.902696390503085,29.66947505442963,4.418665077867023,0.6304347826086957,46
all_history,SPX,25,markov_gex,2026-09-11,83.53886077313976,6.444977084540433,0.8823529411764706,31.36709061162905,34.86319553463467,4.973271802418258,0.5294117647058824,34
all_history,SPX,25,markov_gex,2026-09-14,131.4605648614383,8.057051369344128,0.9180327868852459,32.951018509887156,42.41819036494586,5.942351889935412,0.4918032786885246,61
all_history,SPX,25,markov_gex,2026-09-15,23.518595280396095,4.506678886565017,1.0,22.339208043816324,22.339208043816324,3.0730648256463806,0.45454545454545453,11
all_history,SPX,25,markov_gex,2026-09-16,639.9493062165931,15.891344078238982,0.6833333333333333,27.79767439247461,93.6749731373009,12.376049299983091,0.5333333333333333,60
all_history,SPX,25,markov_gex,2026-09-18,41.899171922545264,5.2702605477841855,0.9333333333333333,23.050175343191302,25.01885314376759,3.799604986417599,0.35,60
all_history,SPX,25,markov_gex,2026-09-21,142.86592777860778,11.95265358732561,0.0,23.372087479049505,26.038185957058083,7.619438335852119,0.0,1
all_history,SPX,25,markov_gex,2026-09-22,28.699319778650214,4.298251635940078,0.9508196721311475,21.564241042794812,21.950386998020004,3.2455896018612025,0.45901639344262296,61
all_history,SPX,25,markov_gex,2026-09-23,70.62034772637134,6.3461546385964285,0.8888888888888888,29.79889397726503,35.05588250927501,4.948257338973502,0.6222222222222222,45
all_history,SPX,25,markov_gex,2026-09-24,242.45629726706704,11.69534970025488,0.7704918032786885,40.80645355234147,58.981528194612764,8.638687261249169,0.4262295081967213,61
all_history,SPX,25,markov_gex,2026-09-25,156.50725573342885,8.108877763998997,0.9016393442622951,35.633718960801346,48.55535785217826,6.341437293879481,0.45901639344262296,61
all_history,SPX,25,markov_gex,2026-09-28,155.84822398831176,9.030197374466157,0.8771929824561403,35.26908211756327,47.039778157920004,6.751511252167435,0.49122807017543857,57
all_history,SPX,25,markov_gex,2026-09-29,85.86445669124929,6.92422947493754,0.8524590163934426,29.541998432758067,36.506277183182014,5.255775318337843,0.5409836065573771,61
all_history,SPX,25,markov_price,2026-07-21,42.09682457199027,4.835675485709999,0.9672131147540983,30.24038335435325,31.71007842874597,3.9794479023539773,0.4098360655737705,61
all_history,SPX,25,markov_price,2026-07-22,21.56095194631411,3.6941136505647503,1.0,27.09724255751516,27.09724255751516,3.2416019728276417,0.7142857142857143,21
all_history,SPX,25,markov_price,2026-07-23,205.84942787244546,11.857193703757895,0.9016393442622951,39.86491330720858,43.90355578393819,7.88765368268592,0.5573770491803278,61
all_history,SPX,25,markov_price,2026-07-24,328.8047824849974,14.407792944806472,0.6818181818181818,40.91896533935059,63.673312559523566,10.22685507170242,0.4772727272727273,44
all_history,SPX,25,markov_price,2026-07-30,503.0002855576058,21.306506538486907,0.75,49.893294748929655,63.51636332634746,13.699373448964364,0.16666666666666666,12
all_history,SPX,25,markov_price,2026-07-31,269.06866001244094,13.420427786412295,0.825,44.28204234464151,53.49166998694894,9.326043418510046,0.275,40
all_history,SPX,25,markov_price,2026-08-03,73.90965847527556,7.5376956068600105,0.8823529411764706,27.124746260133854,27.588172970259713,5.030418029668127,0.23529411764705882,17
all_history,SPX,25,markov_price,2026-08-11,22.05840758380902,4.146822617826664,1.0,21.945360538284714,21.945360538284714,2.9858142960518923,0.7333333333333333,15
all_history,SPX,25,markov_price,2026-08-12,24.62115185464838,4.372005385928652,1.0,25.910206234569365,25.910206234569365,3.3119775732751746,0.41935483870967744,31
all_history,SPX,25,markov_price,2026-08-13,137.76996849213222,10.152675004913636,0.7083333333333334,28.26541821790711,39.28242365931809,6.931341979222986,0.5833333333333334,24
all_history,SPX,25,markov_price,2026-08-14,9.98049294592896,2.6096019865721467,1.0,22.359607308616756,22.359607308616756,2.4547606487811784,0.5,4
all_history,SPX,25,markov_price,2026-09-01,132.71721640342457,9.079756715797611,0.6666666666666666,24.678962760869723,46.1258952737794,6.755451461576059,0.5888888888888889,45
all_history,SPX,25,markov_price,2026-09-04,79.00107772753115,7.489527583834274,0.9375,31.303995955114132,33.67141987939434,5.358952477713082,0.625,16
all_history,SPX,25,markov_price,2026-09-08,49.02545478001425,5.47583619309916,0.8918918918918919,26.692564299487394,30.313535393891495,4.259384349656529,0.5135135135135135,37
all_history,SPX,25,markov_price,2026-09-09,228.11386102098098,11.827181904391114,0.8,43.4350955025263,64.72759419666328,9.005950298887862,0.6,15
all_history,SPX,25,markov_price,2026-09-10,53.79460888576381,6.290516042098529,0.8913043478260869,25.84429281258613,29.422754538432006,4.461550418641453,0.6304347826086957,46
all_history,SPX,25,markov_price,2026-09-11,83.44366172145409,6.39998666568514,0.8823529411764706,31.41587787411939,34.9246089220862,4.957172107848486,0.5294117647058824,34
all_history,SPX,25,markov_price,2026-09-14,127.63137488161652,7.982802340753422,0.9180327868852459,32.94227302469988,42.10670153206791,5.880448632564749,0.4918032786885246,61
all_history,SPX,25,markov_price,2026-09-15,24.13955628356158,4.458491242004018,1.0,22.317076685767187,22.317076685767187,3.0954301165405,0.45454545454545453,11
all_history,SPX,25,markov_price,2026-09-16,640.1875229063538,15.875202540029598,0.6833333333333333,27.774585280050637,93.70615347725185,12.369880319388185,0.55,60
all_history,SPX,25,markov_price,2026-09-18,41.54133797444055,5.227391122826385,0.9166666666666666,23.016614613740636,24.98979560279115,3.7845713234550717,0.35,60
all_history,SPX,25,markov_price,2026-09-21,144.95825478558157,12.039861078333985,0.0,23.380850780268602,26.87520766226544,7.689435326407184,0.0,1
all_history,SPX,25,markov_price,2026-09-22,28.818364607197044,4.304647315605941,0.9508196721311475,21.560664956645272,21.95451961946909,3.2504427407002865,0.45901639344262296,61
all_history,SPX,25,markov_price,2026-09-23,70.6184348438862,6.348101008396183,0.8888888888888888,29.80018127580594,35.07489408610581,4.949654526723342,0.6222222222222222,45
all_history,SPX,25,markov_price,2026-09-24,242.17058177618893,11.68899445588113,0.7704918032786885,40.812046677097,58.96248827842399,8.635695092301939,0.4262295081967213,61
all_history,SPX,25,markov_price,2026-09-25,156.73308151385572,8.111417671318426,0.9016393442622951,35.63384235428226,48.59259765175833,6.345008661491465,0.45901639344262296,61
all_history,SPX,25,markov_price,2026-09-28,155.6305303130476,9.024687729111111,0.8771929824561403,35.26837953275667,47.032819208746965,6.7496831826665185,0.49122807017543857,57
all_history,SPX,25,markov_price,2026-09-29,85.75139043537442,6.920141648848315,0.8360655737704918,29.536855087479374,36.49230068695898,5.25245618385751,0.5409836065573771,61
all_history,SPX,25,momentum,2026-07-21,88.70517297662471,6.9409313077306685,0.9016393442622951,27.767993898339828,32.86146302472627,4.939489073435156,0.4098360655737705,61
all_history,SPX,25,momentum,2026-07-22,39.591258525530755,5.2250254174088075,1.0,29.14371683245286,29.14371683245286,3.9359096752381557,0.42857142857142855,21
all_history,SPX,25,momentum,2026-07-23,325.4892566931982,14.127425986194183,0.7704918032786885,42.786569764814935,63.5587072424446,10.073792027464279,0.4426229508196721,61
all_history,SPX,25,momentum,2026-07-24,414.7448207662437,15.747703525767388,0.7954545454545454,50.50350371264846,73.02907369381781,11.347410705997397,0.6590909090909091,44
all_history,SPX,25,momentum,2026-07-30,600.0719422751962,21.376201864653225,0.5,49.114032629256286,83.98604827454533,14.690354363558965,0.5833333333333334,12
all_history,SPX,25,momentum,2026-07-31,412.82637328663515,14.713715492217933,0.775,51.217305407408276,76.1625021377785,11.024792704573406,0.6,40
all_history,SPX,25,momentum,2026-08-03,68.89542743818167,6.890446856889194,1.0,30.2210418133953,30.2210418133953,4.906595571490829,0.5882352941176471,17
all_history,SPX,25,momentum,2026-08-11,44.445479248302185,5.339551958629922,0.9333333333333333,31.28007787573095,31.784388867049287,4.198506955126605,0.4666666666666667,15
all_history,SPX,25,momentum,2026-08-12,48.63872372695879,5.4543997986852615,1.0,29.015627138341376,29.015627138341376,4.156740103435899,0.5161290322580645,31
all_history,SPX,25,momentum,2026-08-13,164.80708807505107,10.573714867599348,0.7916666666666666,32.689239883739916,42.44545522056699,7.174127165412899,0.6666666666666666,24
all_history,SPX,25,momentum,2026-08-14,54.14528002311909,5.5556002785755965,1.0,34.912729682568596,34.912729682568596,4.724207191406936,0.5,4
all_history,SPX,25,momentum,2026-09-01,175.15048932421118,10.825642935949261,0.7111111111111111,29.808404284053374,48.35625106187488,7.563131409940489,0.5222222222222223,45
all_history,SPX,25,momentum,2026-09-04,111.63355161241718,9.086455343193032,0.9375,35.16875080283419,38.246556318080486,6.134232988499736,0.5625,16
all_history,SPX,25,momentum,2026-09-08,68.29602068420094,5.861141937386374,0.8918918918918919,32.84953099243025,37.247012282922896,4.863224354381625,0.6216216216216216,37
all_history,SPX,25,momentum,2026-09-09,421.5152831759261,17.407462361881606,0.6666666666666666,40.7488330443612,77.89499118064118,12.151347261888166,0.26666666666666666,15
all_history,SPX,25,momentum,2026-09-10,89.61846977440082,7.551674955954014,0.7608695652173914,27.162073891779556,34.85204404457412,5.4294299889170485,0.6086956521739131,46
all_history,SPX,25,momentum,2026-09-11,187.11388469354654,9.140557805233197,0.8235294117647058,32.819626098319084,49.37140191786229,6.98435055429533,0.5294117647058824,34
all_history,SPX,25,momentum,2026-09-14,199.0552019744967,10.936666593055477,0.8360655737704918,32.681381124576085,44.954368555411264,7.487757381866889,0.5081967213114754,61
all_history,SPX,25,momentum,2026-09-15,77.35607624711633,7.711381419969638,0.9090909090909091,30.14341314354869,31.057108868439535,5.130577610341608,0.2727272727272727,11
all_history,SPX,25,momentum,2026-09-16,763.2262217422469,17.631259871124453,0.6333333333333333,32.394772996119926,97.84231062692203,13.471413164257495,0.48333333333333334,60
all_history,SPX,25,momentum,2026-09-18,67.2219739228485,6.255308302004628,0.85,23.703417716763212,30.436441990286635,4.590023406420747,0.6333333333333333,60
all_history,SPX,25,momentum,2026-09-21,100.69493596695781,10.034686640197481,1.0,32.95170993291516,32.95170993291516,5.97963070667697,1.0,1
all_history,SPX,25,momentum,2026-09-22,62.66504892396125,6.508699840933142,0.8032786885245902,22.55616190343027,28.28362865716239,4.525991797925999,0.4426229508196721,61
all_history,SPX,25,momentum,2026-09-23,121.43019749951958,8.578637151398235,0.8666666666666667,30.020338688134007,38.77028659646016,6.21951080654872,0.5333333333333333,45
all_history,SPX,25,momentum,2026-09-24,316.3066448185821,14.239142784714767,0.7704918032786885,41.08653888095775,61.72285847140681,10.050211294463166,0.5737704918032787,61
all_history,SPX,25,momentum,2026-09-25,342.37728580954376,12.356071946056597,0.8360655737704918,42.39847555376952,69.5773057297749,9.447376195100707,0.45901639344262296,61
all_history,SPX,25,momentum,2026-09-28,466.7533656716769,15.447673790985862,0.7192982456140351,42.11367177865636,80.14103503783016,11.528867056153905,0.3508771929824561,57
all_history,SPX,25,momentum,2026-09-29,177.5577063050789,10.237762140279909,0.7704918032786885,29.145982110025567,46.43625747347547,7.344081804944555,0.4262295081967213,61
all_history,SPX,25,ou_gex,2026-07-21,38.423593653807984,4.6309864507912515,0.9836065573770492,42.681978843400465,43.33756484567094,4.754887393685335,0.5081967213114754,61
all_history,SPX,25,ou_gex,2026-07-22,24.53347661367482,3.8358191802199535,1.0,42.681978843400465,42.681978843400465,4.466135056711967,0.7142857142857143,21
all_history,SPX,25,ou_gex,2026-07-23,215.0738463137632,12.089402377325063,0.8360655737704918,42.681978843400465,50.599466043745466,8.36477357177754,0.36065573770491804,61
all_history,SPX,25,ou_gex,2026-07-24,325.73965158803134,14.389551700466729,0.75,42.681978843400465,65.93970695419313,10.234461222181551,0.3181818181818182,44
all_history,SPX,25,ou_gex,2026-07-30,460.8911727348318,20.362062525875995,0.5,42.681978843400465,64.39333249850107,13.311648390309953,0.8333333333333334,12
all_history,SPX,25,ou_gex,2026-07-31,252.98841055130478,12.88064787923916,0.825,42.681978843400465,55.39831794177386,9.072505308067687,0.5,40
all_history,SPX,25,ou_gex,2026-08-03,64.95036490168339,7.134737638423379,1.0,42.681978843400465,42.681978843400465,5.396830962811685,0.4117647058823529,17
all_history,SPX,25,ou_gex,2026-08-11,24.09150565826774,4.283419954540623,1.0,41.64764474723867,41.64764474723867,4.380110125616961,0.26666666666666666,15
all_history,SPX,25,ou_gex,2026-08-12,24.396679029581087,4.321789301019948,1.0,41.64764474723867,41.64764474723867,4.385586168856109,0.5806451612903226,31
all_history,SPX,25,ou_gex,2026-08-13,137.15048846569184,10.091768307031128,1.0,41.64764474723867,41.64764474723867,6.920929491079694,0.75,24
all_history,SPX,25,ou_gex,2026-08-14,10.306346519158092,2.592559877394739,1.0,41.64764474723867,41.64764474723867,4.048219659511561,0.5,4
all_history,SPX,25,ou_gex,2026-09-01,133.5161802334749,9.11179083364323,0.9333333333333333,41.64764474723867,44.635500972886376,6.75424946361351,0.6333333333333333,45
all_history,SPX,25,ou_gex,2026-09-04,79.80457935267604,7.476351777547728,0.9375,41.64764474723867,42.631755063565784,5.6249317201296645,0.5625,16
all_history,SPX,25,ou_gex,2026-09-08,49.216354205597675,5.482240863591194,1.0,41.64764474723867,41.64764474723867,4.951409929963986,0.4594594594594595,37
all_history,SPX,25,ou_gex,2026-09-09,231.3372589469105,11.838454580504761,0.8,38.99332700034721,54.10565812999466,8.540648722769708,0.6666666666666666,15
all_history,SPX,25,ou_gex,2026-09-10,54.992752147276335,6.422216457741002,1.0,38.99332700034721,38.99332700034721,4.938128112998717,0.5217391304347826,46
all_history,SPX,25,ou_gex,2026-09-11,81.07926771574422,6.39081173363492,0.9117647058823529,38.99332700034721,40.58663388947352,5.474792755857364,0.5588235294117647,34
all_history,SPX,25,ou_gex,2026-09-14,123.31253356340441,7.981779141569216,0.9180327868852459,38.99332700034721,47.26229765410299,6.23539078737226,0.3770491803278688,61
all_history,SPX,25,ou_gex,2026-09-15,26.699033665948274,4.449853072220429,1.0,38.99332700034721,38.99332700034721,4.242699097926684,0.45454545454545453,11
all_history,SPX,25,ou_gex,2026-09-16,651.1602134856411,16.07960868156792,0.7666666666666667,38.99332700034721,105.7503094464299,13.070264067038647,0.4,60
all_history,SPX,25,ou_gex,2026-09-18,38.888080804178436,5.015697554596759,1.0,38.99332700034721,38.99332700034721,4.5393040072665265,0.43333333333333335,60
all_history,SPX,25,ou_gex,2026-09-21,130.02781800563105,11.402974085984368,1.0,37.55012175560639,37.55012175560639,6.796001285798452,0.0,1
all_history,SPX,25,ou_gex,2026-09-22,27.020685267167813,4.222962353765959,1.0,37.55012175560639,37.55012175560639,4.1411721436750595,0.5081967213114754,61
all_history,SPX,25,ou_gex,2026-09-23,71.62487538750376,6.5017452161069675,0.9555555555555556,37.55012175560639,38.397738481487,5.223851987344894,0.6666666666666666,45
all_history,SPX,25,ou_gex,2026-09-24,237.3467383489363,11.51104636689413,0.8360655737704918,37.55012175560639,56.40825982279524,8.436544759627894,0.6557377049180327,61
all_history,SPX,25,ou_gex,2026-09-25,152.7335849267212,8.064044488077663,0.9016393442622951,37.55012175560639,51.61310284547895,6.527126998288055,0.36065573770491804,61
all_history,SPX,25,ou_gex,2026-09-28,154.31721775665022,9.005367304830264,0.8947368421052632,37.55012175560639,48.239894021226306,6.78206745606509,0.5789473684210527,57
all_history,SPX,25,ou_gex,2026-09-29,86.09367676210255,6.954405119239684,0.9344262295081968,37.55012175560639,41.099004078581586,5.496266476405995,0.5901639344262295,61
all_history,SPX,25,ou_price,2026-07-21,38.27932742941757,4.604884554506732,0.9836065573770492,41.293893276799885,41.998896526773215,4.652587679112528,0.5573770491803278,61
all_history,SPX,25,ou_price,2026-07-22,26.19924590056724,3.929475473054144,1.0,41.293893276799885,41.293893276799885,4.398077777824259,0.42857142857142855,21
all_history,SPX,25,ou_price,2026-07-23,212.24197399290773,11.948846540206336,0.8360655737704918,41.293893276799885,50.330291141233964,8.299278827698911,0.5573770491803278,61
all_history,SPX,25,ou_price,2026-07-24,328.93010716354615,14.520077945959933,0.75,41.293893276799885,66.50300729723313,10.316273821242008,0.4772727272727273,44
all_history,SPX,25,ou_price,2026-07-30,483.8074445229688,20.863246553586407,0.5,41.293893276799885,69.52732725942482,13.81594200391139,0.4166666666666667,12
all_history,SPX,25,ou_price,2026-07-31,261.54466715419915,13.261015477628272,0.8,41.293893276799885,55.537782507163286,9.272628087447831,0.35,40
all_history,SPX,25,ou_price,2026-08-03,66.53622555187998,7.224803963680799,1.0,41.293893276799885,41.293893276799885,5.354623868836336,0.5294117647058824,17
all_history,SPX,25,ou_price,2026-08-11,24.011810351763028,4.277683845660908,1.0,41.250387723224435,41.250387723224435,4.347481643325892,0.6,15
all_history,SPX,25,ou_price,2026-08-12,24.391023015608152,4.334672494598163,1.0,41.25038772322444,41.25038772322444,4.354947557367288,0.3870967741935484,31
all_history,SPX,25,ou_price,2026-08-13,141.0646599461455,10.261276196135528,1.0,41.250387723224435,41.250387723224435,6.996955356527256,0.2916666666666667,24
all_history,SPX,25,ou_price,2026-08-14,10.635060282224437,2.5794397474803916,1.0,41.250387723224435,41.250387723224435,4.0223399522877505,0.5,4
all_history,SPX,25,ou_price,2026-09-01,134.7360887041051,9.157019618509876,0.9333333333333333,41.250387723224435,44.43028520794444,6.765612964375754,0.43333333333333335,45
all_history,SPX,25,ou_price,2026-09-04,81.3784444823997,7.598878247350398,0.9375,41.250387723224435,42.380604755905395,5.641124059242702,0.375,16
all_history,SPX,25,ou_price,2026-09-08,49.6917071099563,5.51536592777932,1.0,41.250387723224435,41.250387723224435,4.936706216940207,0.4864864864864865,37
all_history,SPX,25,ou_price,2026-09-09,235.75961064500876,11.917333840896784,0.8,39.033622095376636,54.70448205530293,8.620277795457296,0.6666666666666666,15
all_history,SPX,25,ou_price,2026-09-10,55.61684384135356,6.453306531978474,1.0,39.033622095376636,39.033622095376636,4.9552364634363,0.45652173913043476,46
all_history,SPX,25,ou_price,2026-09-11,81.27401079825675,6.414496756771934,0.9117647058823529,39.033622095376636,40.64257757082763,5.4812377531174175,0.5,34
all_history,SPX,25,ou_price,2026-09-14,122.98668247773287,7.9620250284545255,0.9180327868852459,39.033622095376636,47.26700079655208,6.230224818247826,0.5409836065573771,61
all_history,SPX,25,ou_price,2026-09-15,25.973336356589467,4.39433386213231,1.0,39.033622095376636,39.033622095376636,4.2271902600950675,0.8181818181818182,11
all_history,SPX,25,ou_price,2026-09-16,646.2043497448469,15.981169741153973,0.7666666666666667,39.033622095376636,105.06929104007205,13.024868866719634,0.5333333333333333,60
all_history,SPX,25,ou_price,2026-09-18,38.5088474311801,4.974149550307126,1.0,39.033622095376636,39.033622095376636,4.532418991925544,0.4,60
all_history,SPX,25,ou_price,2026-09-21,128.46915241071696,11.334423338252236,1.0,37.662079087219205,37.662079087219205,6.758674807869592,0.5,1
all_history,SPX,25,ou_price,2026-09-22,27.04289395958008,4.227721121851364,1.0,37.662079087219205,37.662079087219205,4.149856467181031,0.5,61
all_history,SPX,25,ou_price,2026-09-23,71.99034762192854,6.524071006233377,0.9555555555555556,37.662079087219205,38.49824235746906,5.238423503069857,0.5,45
all_history,SPX,25,ou_price,2026-09-24,237.99606596961132,11.532632855673896,0.8360655737704918,37.662079087219205,56.49408444863355,8.448392947467445,0.5,61
all_history,SPX,25,ou_price,2026-09-25,151.89738188498666,8.04188450193653,0.9016393442622951,37.662079087219205,51.58904765147173,6.517691920914841,0.5,61
all_history,SPX,25,ou_price,2026-09-28,154.45266990060114,9.01079012196702,0.8947368421052632,37.662079087219205,48.30530138419665,6.787819872710674,0.5,57
all_history,SPX,25,ou_price,2026-09-29,86.47983053348344,6.971100075220018,0.9508196721311475,37.662079087219205,41.21538011678843,5.509728296320271,0.5,61
all_history,SPX,25,random_walk,2026-07-21,38.94513093811245,4.649262960785742,0.9836065573770492,27.767993898339828,28.777571898191866,3.6895159189072353,0.5,61
all_history,SPX,25,random_walk,2026-07-22,25.42433493923767,3.914865369009065,1.0,29.14371683245286,29.14371683245286,3.5100310620053703,0.5,21
all_history,SPX,25,random_walk,2026-07-23,210.21288047084337,11.961585522488335,0.9344262295081968,42.786569764814935,47.221909513496655,8.051753227368135,0.5,61
all_history,SPX,25,random_walk,2026-07-24,322.8232744140727,14.33239957407634,0.7954545454545454,50.50350371264846,62.08800818611519,10.164174480758751,0.5,44
all_history,SPX,25,random_walk,2026-07-30,472.41122862617794,20.611413385767566,0.75,49.114032629256286,60.774713360153946,13.170038096876404,0.5,12
all_history,SPX,25,random_walk,2026-07-31,255.60620146914198,13.003667980670798,0.9,51.217305407408276,56.61331644449393,9.147563863623672,0.5,40
all_history,SPX,25,random_walk,2026-08-03,64.74060352678238,7.119546947292025,0.9411764705882353,30.2210418133953,30.397433525649664,4.926885730645505,0.5,17
all_history,SPX,25,random_walk,2026-08-11,23.59988998211026,4.250821106818815,1.0,31.28007787573095,31.28007787573095,3.6217931675043697,0.5,15
all_history,SPX,25,random_walk,2026-08-12,24.443296517861683,4.331443957208502,1.0,29.015627138341376,29.015627138341376,3.4874587348469945,0.5,31
all_history,SPX,25,random_walk,2026-08-13,139.06516465082285,10.160054039538712,0.8333333333333334,32.689239883739916,34.65147232777558,6.746916357845784,0.5,24
all_history,SPX,25,random_walk,2026-08-14,10.360672207385411,2.6247551265987568,1.0,34.912729682568596,34.912729682568596,3.474858954224325,0.5,4
all_history,SPX,25,random_walk,2026-09-01,134.14047231731152,9.1368066256937,0.8,29.808404284053374,42.858036588007295,6.620209648385037,0.5,45
all_history,SPX,25,random_walk,2026-09-04,80.30791244483677,7.521865087899641,0.9375,35.16875080283419,37.41268588512514,5.320989688644016,0.5,16
all_history,SPX,25,random_walk,2026-09-08,49.63064023485007,5.510369944576932,0.9459459459459459,32.84953099243025,34.23599575758169,4.471019481940549,0.5,37
all_history,SPX,25,random_walk,2026-09-09,236.36633170972655,11.95513879302889,0.8,40.7488330443612,56.88104616129579,8.723629296946324,0.5,15
all_history,SPX,25,random_walk,2026-09-10,55.54545385386844,6.441676756150707,0.9130434782608695,27.162073891779556,29.200802465167925,4.491947801451554,0.5,46
all_history,SPX,25,random_walk,2026-09-11,81.38919968151974,6.422288286535631,0.9117647058823529,32.819626098319084,35.423701091462576,5.036580463717736,0.5,34
all_history,SPX,25,random_walk,2026-09-14,122.69543365631405,7.957276339779873,0.9180327868852459,32.681381124576085,41.603584430702405,5.82981862109148,0.5,61
all_history,SPX,25,random_walk,2026-09-15,26.262210722569503,4.422890281249155,1.0,30.14341314354869,30.14341314354869,3.603672494450369,0.5,11
all_history,SPX,25,random_walk,2026-09-16,644.0523717663946,15.97811377817173,0.75,32.394772996119926,90.25699868387137,12.207596362173769,0.5,60
all_history,SPX,25,random_walk,2026-09-18,38.49290422468617,4.974643167545825,0.9,23.703417716763212,26.868753900600915,3.794383672013194,0.5,60
all_history,SPX,25,random_walk,2026-09-21,128.46915241071696,11.334423338252236,1.0,32.95170993291516,32.95170993291516,6.7515099732582895,0.5,1
all_history,SPX,25,random_walk,2026-09-22,27.04289395958008,4.227721121851364,0.9672131147540983,22.55616190343027,23.015369727777532,3.241161466737169,0.5,61
all_history,SPX,25,random_walk,2026-09-23,71.99034762192854,6.524071006233377,0.9111111111111111,30.020338688134007,33.65163273075754,4.942529046054822,0.5,45
all_history,SPX,25,random_walk,2026-09-24,237.99606596961132,11.532632855673896,0.8524590163934426,41.08653888095775,60.57791282920414,8.610988784674019,0.5,61
all_history,SPX,25,random_walk,2026-09-25,151.89738188498666,8.04188450193653,0.9016393442622951,42.39847555376952,54.332334194574564,6.72485665182516,0.5,61
all_history,SPX,25,random_walk,2026-09-28,154.45266990060114,9.01079012196702,0.9122807017543859,42.11367177865636,51.715650308247916,7.05699177742166,0.5,57
all_history,SPX,25,random_walk,2026-09-29,86.47983053348344,6.971100075220018,0.8852459016393442,29.145982110025567,36.56756308265857,5.20013350579713,0.5,61
all_history,SPX,30,garch_gex,2026-07-21,46.924596284070226,5.174485712648765,0.9672131147540983,24.0599758552676,25.61113769752773,3.734087745328243,0.5,61
all_history,SPX,30,garch_gex,2026-07-22,27.428774115450626,4.023999153521366,1.0,25.162857948295823,25.162857948295823,3.352814919801817,0.5,21
all_history,SPX,30,garch_gex,2026-07-23,247.65928949696305,12.637620843210989,0.9672131147540983,58.606887984991154,60.177517812275596,9.092618771174031,0.5,61
all_history,SPX,30,garch_gex,2026-07-24,436.53264693814714,16.457124688610005,0.75,46.171731103455656,78.9892933236733,11.930492482257351,0.5,44
all_history,SPX,30,garch_gex,2026-07-30,611.8594804071025,23.310780647821957,0.4166666666666667,50.20279558114151,73.9249158858329,15.2187734626189,0.5,12
all_history,SPX,30,garch_gex,2026-07-31,309.6746392716741,14.9251802069306,0.85,44.694455096563274,55.738514219005296,9.939530762300915,0.5,40
all_history,SPX,30,garch_gex,2026-08-03,85.12522892862171,8.076131490601043,0.4117647058823529,17.881447485694313,37.77322500947577,5.843898354795855,0.5,17
all_history,SPX,30,garch_gex,2026-08-11,32.12488742723155,4.900413474389158,1.0,28.4295479641819,28.4295479641819,3.730890825886523,0.5,15
all_history,SPX,30,garch_gex,2026-08-12,25.886703143849953,4.373338822937278,1.0,25.121853299822654,25.121853299822654,3.3418696649226525,0.5,31
all_history,SPX,30,garch_gex,2026-08-13,184.69884960211837,11.697502688663613,0.5,25.996919905173943,49.595124806026035,8.217633515275768,0.5,24
all_history,SPX,30,garch_gex,2026-08-14,6.2787341805044115,2.1685173647383635,1.0,27.501322936099257,27.501322936099257,2.7306165750802833,0.5,4
all_history,SPX,30,garch_gex,2026-09-01,164.402112069568,9.972951136221916,0.8222222222222222,37.913417803246,48.29699217343599,7.439855815630716,0.5,45
all_history,SPX,30,garch_gex,2026-09-04,83.01004163053794,7.739658594678076,0.9375,32.59511464070606,34.24440183295851,5.400189044381645,0.5,16
all_history,SPX,30,garch_gex,2026-09-08,57.29167694436479,5.92837001252062,0.972972972972973,34.513935297108745,36.11570916157305,4.801502081344134,0.5,37
all_history,SPX,30,garch_gex,2026-09-09,279.46850024525685,13.263824048313351,0.8,46.5686361579477,66.42376116626812,9.745865436099988,0.5,15
all_history,SPX,30,garch_gex,2026-09-10,67.77646925049724,7.081229656096421,1.0,36.70038220562889,36.70038220562889,5.20155472278202,0.5,46
all_history,SPX,30,garch_gex,2026-09-11,100.85552828016094,7.258970417975113,0.8235294117647058,27.717313636497177,35.78699236338752,5.32173432235736,0.5,34
all_history,SPX,30,garch_gex,2026-09-14,154.76214137793235,8.870621586632133,0.8852459016393442,36.78491911226574,46.965197378125595,6.509822449260399,0.5,61
all_history,SPX,30,garch_gex,2026-09-15,25.6613592401391,3.9675115445041396,1.0,36.94316276650488,36.94316276650488,4.060374695551453,0.5,11
all_history,SPX,30,garch_gex,2026-09-16,857.0405558527701,18.062656431440942,0.75,37.381030543546494,95.22240207577806,13.530720829049537,0.5,60
all_history,SPX,30,garch_gex,2026-09-18,48.83211157242502,5.660214556723319,0.9,26.63392891058095,29.31164268634165,4.244435046335962,0.5,60
all_history,SPX,30,garch_gex,2026-09-21,146.26206798931963,12.093885562106152,1.0,25.243039342511562,25.243039342511562,7.580526723448201,0.5,1
all_history,SPX,30,garch_gex,2026-09-22,33.61411865285229,4.576938797842394,0.8688524590163934,20.848651702074175,23.381828910865327,3.4694987045926657,0.5,61
all_history,SPX,30,garch_gex,2026-09-23,89.66784482111433,7.2034597910704585,0.8666666666666667,32.93799700117688,38.94048290157732,5.5465569023812025,0.5,45
all_history,SPX,30,garch_gex,2026-09-24,300.5927359487909,12.75165653638909,0.8032786885245902,42.96655331656496,69.41358032140282,9.546063119997152,0.5,61
all_history,SPX,30,garch_gex,2026-09-25,161.8840813295758,8.552617577251217,0.8688524590163934,37.99393235667356,48.47823864190708,6.733355306348885,0.5,61
all_history,SPX,30,garch_gex,2026-09-28,168.7546434085206,9.39116661469253,0.8421052631578947,43.1401994320023,54.16227940414937,7.421420734802076,0.5,57
all_history,SPX,30,garch_gex,2026-09-29,100.51706463974587,7.449732991200958,0.8852459016393442,32.7141657530151,40.04322003844055,5.630879382767953,0.5,61
all_history,SPX,30,garch_price,2026-07-21,46.924596284070226,5.174485712648765,0.9672131147540983,26.281937129695454,27.14498976872764,3.8128973020423644,0.5,61
all_history,SPX,30,garch_price,2026-07-22,27.428774115450626,4.023999153521366,0.9523809523809523,23.55162505925211,24.503053914830275,3.2884058907683,0.5,21
all_history,SPX,30,garch_price,2026-07-23,247.65928949696305,12.637620843210989,0.9016393442622951,43.825724192223774,47.799950445781015,8.534540974612769,0.5,61
all_history,SPX,30,garch_price,2026-07-24,436.53264693814714,16.457124688610005,0.75,51.97720526582516,77.87253679125594,11.88129938847867,0.5,44
all_history,SPX,30,garch_price,2026-07-30,611.8594804071025,23.310780647821957,0.75,56.04977568618079,68.96119876197533,14.872900850170106,0.5,12
all_history,SPX,30,garch_price,2026-07-31,309.6746392716741,14.9251802069306,0.875,53.432929691304444,58.93455714441493,9.97230327520318,0.5,40
all_history,SPX,30,garch_price,2026-08-03,85.12522892862171,8.076131490601043,0.6470588235294118,24.205112944180975,30.617793393193583,5.652473801830669,0.5,17
all_history,SPX,30,garch_price,2026-08-11,32.12488742723155,4.900413474389158,1.0,25.19782018269074,25.19782018269074,3.6291116755797406,0.5,15
all_history,SPX,30,garch_price,2026-08-12,25.886703143849953,4.373338822937278,0.967741935483871,24.398295126855285,25.008410803957727,3.3653864190571747,0.5,31
all_history,SPX,30,garch_price,2026-08-13,184.69884960211837,11.697502688663613,0.625,30.48438129319673,42.63906798386302,7.974833371683441,0.5,24
all_history,SPX,30,garch_price,2026-08-14,6.2787341805044115,2.1685173647383635,1.0,30.1489184106915,30.1489184106915,2.951036787007843,0.5,4
all_history,SPX,30,garch_price,2026-09-01,164.402112069568,9.972951136221916,0.6888888888888889,28.560656790777006,51.41262498321056,7.513279472955114,0.5,45
all_history,SPX,30,garch_price,2026-09-04,83.01004163053794,7.739658594678076,0.9375,32.248123143047195,33.32837553646924,5.400142434639979,0.5,16
all_history,SPX,30,garch_price,2026-09-08,57.29167694436479,5.92837001252062,0.918918918918919,29.40641392150345,33.07247095193621,4.656011007220415,0.5,37
all_history,SPX,30,garch_price,2026-09-09,279.46850024525685,13.263824048313351,0.8,44.81031641205053,66.34906828686935,9.732205241816866,0.5,15
all_history,SPX,30,garch_price,2026-09-10,67.77646925049724,7.081229656096421,0.782608695652174,25.21124616441769,29.557320542232397,5.018381826055082,0.5,46
all_history,SPX,30,garch_price,2026-09-11,100.85552828016094,7.258970417975113,0.8529411764705882,30.627610484418035,36.26254865532079,5.381492379069739,0.5,34
all_history,SPX,30,garch_price,2026-09-14,154.76214137793235,8.870621586632133,0.8688524590163934,32.04829738852116,46.678698651762566,6.481698771439205,0.5,61
all_history,SPX,30,garch_price,2026-09-15,25.6613592401391,3.9675115445041396,1.0,25.18789494102396,25.18789494102396,3.260432732755881,0.5,11
all_history,SPX,30,garch_price,2026-09-16,857.0405558527701,18.062656431440942,0.7833333333333333,37.66547430525422,93.46305472682185,13.420741230655421,0.5,60
all_history,SPX,30,garch_price,2026-09-18,48.83211157242502,5.660214556723319,0.85,22.902275443760445,28.614329570251098,4.222402722439162,0.5,60
all_history,SPX,30,garch_price,2026-09-21,146.26206798931963,12.093885562106152,1.0,28.862459096898096,28.862459096898096,7.367262101216631,0.5,1
all_history,SPX,30,garch_price,2026-09-22,33.61411865285229,4.576938797842394,0.9180327868852459,22.798625338049053,24.44056582977436,3.533716600804415,0.5,61
all_history,SPX,30,garch_price,2026-09-23,89.66784482111433,7.2034597910704585,0.8444444444444444,30.454829109050802,38.70146837390732,5.5055570729280845,0.5,45
all_history,SPX,30,garch_price,2026-09-24,300.5927359487909,12.75165653638909,0.8032786885245902,43.92844035286775,71.35895219605453,9.639320447297424,0.5,61
all_history,SPX,30,garch_price,2026-09-25,161.8840813295758,8.552617577251217,0.8852459016393442,41.95727098989758,50.32601812050455,6.883486517989923,0.5,61
all_history,SPX,30,garch_price,2026-09-28,168.7546434085206,9.39116661469253,0.8421052631578947,43.345400858963565,55.69779897034478,7.506190115817339,0.5,57
all_history,SPX,30,garch_price,2026-09-29,100.51706463974587,7.449732991200958,0.8524590163934426,30.489701452682354,39.44865387728731,5.599581741938614,0.5,61
all_history,SPX,30,kalman_gex,2026-07-21,40.92267041948087,4.61254306250349,1.0,48.84618748417798,48.84618748417798,5.228539106683829,0.680327868852459,61
all_history,SPX,30,kalman_gex,2026-07-22,22.982125729341277,4.086630648446048,1.0,52.42588715997849,52.42588715997849,5.224420713479978,0.6666666666666666,21
all_history,SPX,30,kalman_gex,2026-07-23,377.7452444595377,15.072574570388381,0.8032786885245902,48.84618748417798,68.50463621067787,10.745661931390103,0.4426229508196721,61
all_history,SPX,30,kalman_gex,2026-07-24,468.9004623849683,17.84319836038996,0.7045454545454546,49.831592319960734,76.14567233659433,12.445000991649703,0.5681818181818182,44
all_history,SPX,30,kalman_gex,2026-07-30,1668.541810587362,38.71117820226822,0.16666666666666666,54.53685088651448,192.17081903600806,28.237296764512546,0.08333333333333333,12
all_history,SPX,30,kalman_gex,2026-07-31,446.7125051454579,16.62136204660464,0.775,50.14043327485033,71.36993902416944,11.68567185195624,0.5,40
all_history,SPX,30,kalman_gex,2026-08-03,92.39436459590468,8.238925623744445,1.0,53.22221351370995,53.22221351370995,6.6237452416359055,0.5294117647058824,17
all_history,SPX,30,kalman_gex,2026-08-11,21.91112009760356,3.6467011405736733,1.0,52.828891047228645,52.828891047228645,5.23393243285254,0.8666666666666667,15
all_history,SPX,30,kalman_gex,2026-08-12,32.29469485217713,4.650323149943615,1.0,50.303913091149745,50.303913091149745,5.246772131041248,0.43548387096774194,31
all_history,SPX,30,kalman_gex,2026-08-13,262.28935532708306,13.439922808104418,0.9166666666666666,51.1609164580801,54.2277616440976,9.173620308130378,0.2916666666666667,24
all_history,SPX,30,kalman_gex,2026-08-14,7.129867711486362,2.2612673744235847,1.0,57.09492127601936,57.09492127601936,5.336531474003058,0.75,4
all_history,SPX,30,kalman_gex,2026-09-01,192.42905003290596,10.855209724058058,0.8888888888888888,49.169580756255435,53.530988547174545,8.04532974556316,0.4444444444444444,45
all_history,SPX,30,kalman_gex,2026-09-04,140.84643939511886,10.917726614349581,1.0,54.1749490238168,54.1749490238168,7.571298459884835,0.5625,16
all_history,SPX,30,kalman_gex,2026-09-08,102.02607874274393,8.45772974256049,1.0,51.86712621908193,51.86712621908193,6.637338684783279,0.32432432432432434,37
all_history,SPX,30,kalman_gex,2026-09-09,267.8099876335104,13.330836037000422,0.8,49.6767681404872,56.38298835460526,9.351023394689104,0.6666666666666666,15
all_history,SPX,30,kalman_gex,2026-09-10,153.07198935119214,10.982046972667284,1.0,46.41899154492658,46.41899154492658,7.351830855274497,0.391304347826087,46
all_history,SPX,30,kalman_gex,2026-09-11,179.54907316086278,8.956518821166913,0.8823529411764706,49.26623906526847,54.955976468240266,7.706980831615022,0.5588235294117647,34
all_history,SPX,30,kalman_gex,2026-09-14,196.23091394682393,9.819041940693761,0.9016393442622951,45.8157648790144,57.72278029912035,7.644420228815957,0.4918032786885246,61
all_history,SPX,30,kalman_gex,2026-09-15,85.15290715105158,7.298631438551024,1.0,50.683428781545096,50.683428781545096,6.22166042153826,0.18181818181818182,11
all_history,SPX,30,kalman_gex,2026-09-16,876.9940315912341,18.456734577396187,0.75,45.84805224438555,123.76664057781721,15.186758044272652,0.43333333333333335,60
all_history,SPX,30,kalman_gex,2026-09-18,68.66454279317526,6.637352713948079,1.0,45.84805224438555,45.84805224438555,5.652269286164592,0.43333333333333335,60
all_history,SPX,30,kalman_gex,2026-09-21,188.71225158231337,13.737257789759694,1.0,54.668039004069804,54.668039004069804,8.397046328569704,0.0,1
all_history,SPX,30,kalman_gex,2026-09-22,33.42760326861379,4.625373061243522,1.0,45.457066158074156,45.457066158074156,4.885696004984836,0.4918032786885246,61
all_history,SPX,30,kalman_gex,2026-09-23,98.01116971407238,7.699132391337909,0.9555555555555556,46.01817232226786,47.55861693096332,6.215499091723129,0.5777777777777777,45
all_history,SPX,30,kalman_gex,2026-09-24,319.73473309502776,13.17896807826881,0.819672131147541,45.457066158074156,66.13500332469904,9.761357440967544,0.5245901639344263,61
all_history,SPX,30,kalman_gex,2026-09-25,278.43845674083934,10.635707447119103,0.819672131147541,45.457066158074156,65.41667405249588,8.764385073982924,0.4918032786885246,61
all_history,SPX,30,kalman_gex,2026-09-28,302.87545629215964,12.997716996407508,0.8245614035087719,45.57129775933492,62.881586872492704,9.493378909570007,0.38596491228070173,57
all_history,SPX,30,kalman_gex,2026-09-29,101.97111038729273,7.287700062015414,0.9672131147540983,45.457066158074156,48.37693470485517,6.133621593716494,0.5573770491803278,61
all_history,SPX,30,kalman_price,2026-07-21,68.43060972512517,6.2325960767168604,1.0,49.32539283180094,49.32539283180094,5.79913630085428,0.6147540983606558,61
all_history,SPX,30,kalman_price,2026-07-22,32.48923983219372,4.991909510615008,1.0,52.93634508355302,52.93634508355302,5.4367404570856666,0.7619047619047619,21
all_history,SPX,30,kalman_price,2026-07-23,319.3408501582554,13.773002734210793,0.8688524590163934,49.32539283180094,64.69857416164199,9.888217743965493,0.5737704918032787,61
all_history,SPX,30,kalman_price,2026-07-24,560.935493616018,19.453669116726886,0.6363636363636364,50.31958337104439,86.76999017763448,13.722449143723592,0.5681818181818182,44
all_history,SPX,30,kalman_price,2026-07-30,1882.7999932651949,39.78470366297721,0.16666666666666666,55.06485865517612,208.8557838656079,29.69152676968446,0.08333333333333333,12
all_history,SPX,30,kalman_price,2026-07-31,415.2028047174766,16.297784034343707,0.825,50.631149035920586,70.53263932569429,11.276723010477381,0.45,40
all_history,SPX,30,kalman_price,2026-08-03,67.06772941673321,7.219124899689741,1.0,53.73937212766238,53.73937212766238,6.167354337202271,0.7058823529411765,17
all_history,SPX,30,kalman_price,2026-08-11,73.49439233241813,6.773698991390512,1.0,53.395047685896095,53.395047685896095,6.195110520819921,0.8666666666666667,15
all_history,SPX,30,kalman_price,2026-08-12,36.80344197004731,5.195174679992773,1.0,50.867538647557645,50.867538647557645,5.37491761089557,0.3709677419354839,31
all_history,SPX,30,kalman_price,2026-08-13,335.061640004122,15.625343601511998,0.8333333333333334,51.72397435557421,60.23006357795027,10.303208781977352,0.3333333333333333,24
all_history,SPX,30,kalman_price,2026-08-14,18.520501226795986,3.4418635855292177,1.0,57.67893205845938,57.67893205845938,5.594068387520545,0.75,4
all_history,SPX,30,kalman_price,2026-09-01,193.52247264941394,10.813401067917004,0.8888888888888888,49.738000992998614,54.7011451097918,8.04381839666627,0.5111111111111111,45
all_history,SPX,30,kalman_price,2026-09-04,177.7926946780697,11.931528542323488,1.0,54.746404416010336,54.746404416010336,8.25351397961821,0.5625,16
all_history,SPX,30,kalman_price,2026-09-08,102.01496067780435,8.21156284998853,1.0,52.43203060112472,52.43203060112472,6.648856121688769,0.2702702702702703,37
all_history,SPX,30,kalman_price,2026-09-09,336.8117655857051,14.883142245967303,0.8,50.15607408181426,61.71300739305081,10.516672342088087,0.6666666666666666,15
all_history,SPX,30,kalman_price,2026-09-10,171.50956532407366,11.535996965969309,0.9782608695652174,46.78612250100807,46.91487035618279,7.684436025271685,0.391304347826087,46
all_history,SPX,30,kalman_price,2026-09-11,213.74673383874463,9.811965193090268,0.8529411764705882,49.735740692133,58.22341408988777,8.254174417505892,0.5588235294117647,34
all_history,SPX,30,kalman_price,2026-09-14,243.62188466679245,10.99695184937219,0.8688524590163934,46.146515751457976,60.01587800789802,8.449833100816129,0.39344262295081966,61
all_history,SPX,30,kalman_price,2026-09-15,61.763010350504935,6.099815522202241,1.0,51.18365392532928,51.18365392532928,5.833606079963176,0.2727272727272727,11
all_history,SPX,30,kalman_price,2026-09-16,903.9417767042053,19.1341324435975,0.7166666666666667,46.18096983943578,125.81558730747162,15.667777411457394,0.31666666666666665,60
all_history,SPX,30,kalman_price,2026-09-18,53.33924180164775,5.8103372514380265,1.0,46.18096983943578,46.18096983943578,5.346026389378647,0.6,60
all_history,SPX,30,kalman_price,2026-09-21,103.0484997367206,10.151280694410957,1.0,55.22352318761501,55.22352318761501,6.908630618423135,1.0,1
all_history,SPX,30,kalman_price,2026-09-22,40.2590325295022,5.012626144661807,1.0,45.36792717501787,45.36792717501787,5.026429367926304,0.5409836065573771,61
all_history,SPX,30,kalman_price,2026-09-23,124.17659350455031,8.380764516916068,0.9111111111111111,46.04458424172756,49.12575342204517,6.68628539201941,0.6222222222222222,45
all_history,SPX,30,kalman_price,2026-09-24,377.1456514523868,14.012735596075416,0.8032786885245902,45.36792717501787,71.0791561244916,10.542938935680429,0.4918032786885246,61
all_history,SPX,30,kalman_price,2026-09-25,268.4561160600332,11.052133041757186,0.8852459016393442,45.36792717501787,63.557947615631356,8.649372334933169,0.39344262295081966,61
all_history,SPX,30,kalman_price,2026-09-28,379.2271073681943,14.234385514099909,0.8070175438596491,45.508211817544506,70.1465646248538,10.552340962413606,0.24561403508771928,57
all_history,SPX,30,kalman_price,2026-09-29,128.60361200795523,8.827597660928213,0.9344262295081968,45.36792717501787,48.58009174454508,6.677270379274689,0.32786885245901637,61
all_history,SPX,30,markov_gex,2026-07-21,49.76067751700911,5.344110470281088,0.9672131147540983,33.324841888223276,34.05203089321365,4.358117973092127,0.38524590163934425,61
all_history,SPX,30,markov_gex,2026-07-22,23.47383760907524,3.7100131491604094,1.0,30.030742463574978,30.030742463574978,3.504973790951743,0.7619047619047619,21
all_history,SPX,30,markov_gex,2026-07-23,241.69377633272617,12.38743584343703,0.9016393442622951,43.52866230332718,48.12071289256984,8.428254646821514,0.5901639344262295,61
all_history,SPX,30,markov_gex,2026-07-24,446.2181933665077,16.70139534582714,0.7272727272727273,44.60441378705407,78.16657517029022,11.985522828803596,0.4318181818181818,44
all_history,SPX,30,markov_gex,2026-07-30,652.4357745952287,24.090953397486313,0.75,53.98999592381719,72.98856757795481,15.6028181943515,0.16666666666666666,12
all_history,SPX,30,markov_gex,2026-07-31,324.27785541030846,15.274187067413086,0.85,48.049269629420834,55.64051314039182,10.202882864250753,0.3,40
all_history,SPX,30,markov_gex,2026-08-03,88.60673312233826,8.227933123451978,1.0,30.047685194203357,30.047685194203357,5.527670669279157,0.23529411764705882,17
all_history,SPX,30,markov_gex,2026-08-11,29.3034560423192,4.640974824973822,1.0,24.314771306806122,24.314771306806122,3.3955286679002605,0.8666666666666667,15
all_history,SPX,30,markov_gex,2026-08-12,26.08911311181884,4.408305337984133,1.0,28.47722915366281,28.47722915366281,3.553740838311284,0.4032258064516129,31
all_history,SPX,30,markov_gex,2026-08-13,196.93404650038755,12.015066758992935,0.6666666666666666,31.27482423631008,46.311109489059504,8.284865667845292,0.375,24
all_history,SPX,30,markov_gex,2026-08-14,7.166079622446801,2.3131069289066946,1.0,24.75999710806504,24.75999710806504,2.53586842844968,0.25,4
all_history,SPX,30,markov_gex,2026-09-01,157.53843472272678,9.804772509312318,0.6666666666666666,27.08288220955409,50.14821666889511,7.31721406579244,0.6,45
all_history,SPX,30,markov_gex,2026-09-04,82.66901923008413,7.748026540751214,1.0,34.17043850743906,34.17043850743906,5.67506296220726,0.5,16
all_history,SPX,30,markov_gex,2026-09-08,56.34563921492751,5.843588743745846,0.8918918918918919,29.336387934543573,32.3709747083595,4.600645693876828,0.5675675675675675,37
all_history,SPX,30,markov_gex,2026-09-09,261.6901430740637,13.03467926585701,0.8,47.18737927119761,68.63021132963564,9.729745301630805,0.6666666666666666,15
all_history,SPX,30,markov_gex,2026-09-10,64.14017354784326,6.8862706529644635,0.8478260869565217,28.469296092822386,31.241622484809806,4.905023526378355,0.6086956521739131,46
all_history,SPX,30,markov_gex,2026-09-11,103.24795238450706,7.300473797955752,0.8823529411764706,34.31450710862541,38.74871260609181,5.566442332766464,0.5294117647058824,34
all_history,SPX,30,markov_gex,2026-09-14,166.63299839238854,9.061023347508494,0.8852459016393442,36.010879949484995,49.05127777342699,6.688934247971251,0.45901639344262296,61
all_history,SPX,30,markov_gex,2026-09-15,20.98991332396752,3.5733089287778053,1.0,24.658290885316614,24.658290885316614,3.0761346889330383,0.7272727272727273,11
all_history,SPX,30,markov_gex,2026-09-16,849.1255908477002,17.997650196719096,0.7,30.503781608360363,110.28310620358177,14.161798445545736,0.5333333333333333,60
all_history,SPX,30,markov_gex,2026-09-18,53.66523255278725,6.040214809712984,0.9333333333333333,25.41497052298371,27.518163839759957,4.283992846896653,0.31666666666666665,60
all_history,SPX,30,markov_gex,2026-09-21,164.85880813961225,12.839735516731341,1.0,25.70636602877359,25.70636602877359,8.133596217179052,0.0,1
all_history,SPX,30,markov_gex,2026-09-22,35.69872417853759,4.69059901584286,0.9344262295081968,23.780866328699684,24.64393284606632,3.605569609179372,0.4426229508196721,61
all_history,SPX,30,markov_gex,2026-09-23,87.50436948735049,7.0032014723288825,0.8666666666666667,32.619685709875995,39.048963181041934,5.479446258752009,0.6222222222222222,45
all_history,SPX,30,markov_gex,2026-09-24,307.3414257285439,12.850856097416441,0.8032786885245902,44.44983373647546,67.42550808879626,9.609077170295974,0.45901639344262296,61
all_history,SPX,30,markov_gex,2026-09-25,169.05551091363955,8.64999864500082,0.9016393442622951,38.89898035054241,47.773228754022824,6.763082432319884,0.47540983606557374,61
all_history,SPX,30,markov_gex,2026-09-28,171.0771738510333,9.424670935639872,0.8245614035087719,38.50526407813311,49.57755353804638,7.1469237464154425,0.49122807017543857,57
all_history,SPX,30,markov_gex,2026-09-29,99.28692591724723,7.337548654142061,0.8360655737704918,32.3451222556466,41.53489581958958,5.74499088579322,0.5737704918032787,61
all_history,SPX,30,markov_price,2026-07-21,51.48440807273011,5.449154517801244,0.9672131147540983,33.29312855888831,34.13094893738634,4.402019345633882,0.38524590163934425,61
all_history,SPX,30,markov_price,2026-07-22,22.854259929247217,3.679546365294088,1.0,29.975497490955274,29.975497490955274,3.481970365069497,0.7619047619047619,21
all_history,SPX,30,markov_price,2026-07-23,243.0990725797691,12.461677539373365,0.9016393442622951,43.47969008057386,48.28685338312793,8.462352848754106,0.5737704918032787,61
all_history,SPX,30,markov_price,2026-07-24,443.3395514165801,16.662087344662712,0.75,44.59023023146116,77.79728774886844,11.93939849682427,0.4318181818181818,44
all_history,SPX,30,markov_price,2026-07-30,654.0983222240384,24.130388028595405,0.75,54.10620783832524,72.97717096446749,15.621519697589681,0.16666666666666666,12
all_history,SPX,30,markov_price,2026-07-31,327.2206227414973,15.334609820017226,0.85,48.157012940856404,55.693074931009164,10.254292387545672,0.3,40
all_history,SPX,30,markov_price,2026-08-03,98.7323655352587,8.592120709073486,0.9411764705882353,30.004265142447604,30.183331063266905,5.8195090948536246,0.23529411764705882,17
all_history,SPX,30,markov_price,2026-08-11,29.82113615914203,4.688410930722514,1.0,24.11237745717639,24.11237745717639,3.4072007360216814,0.8666666666666667,15
all_history,SPX,30,markov_price,2026-08-12,26.48876680706237,4.4130995057812905,1.0,28.3977150556295,28.3977150556295,3.582673680266759,0.43548387096774194,31
all_history,SPX,30,markov_price,2026-08-13,182.62167976887807,11.683063583429787,0.75,30.934627716042687,43.48156758217408,7.996635212171164,0.5416666666666666,24
all_history,SPX,30,markov_price,2026-08-14,5.734290588340251,2.095783158361641,1.0,24.554578975976128,24.554578975976128,2.4637118993044833,0.75,4
all_history,SPX,30,markov_price,2026-09-01,161.90529988527135,9.880936672554995,0.6666666666666666,27.06246034351615,51.54107403558721,7.446161802458047,0.6444444444444445,45
all_history,SPX,30,markov_price,2026-09-04,82.15762898034481,7.726540417870486,1.0,34.21683447051684,34.21683447051684,5.668910928301546,0.5,16
all_history,SPX,30,markov_price,2026-09-08,56.397869737334666,5.852334268368099,0.8918918918918919,29.24011175391398,32.311797105680924,4.610054512326875,0.5945945945945946,37
all_history,SPX,30,markov_price,2026-09-09,266.4108337554736,13.080465812183725,0.8,47.24142633118988,69.33193159791708,9.811530403897054,0.6666666666666666,15
all_history,SPX,30,markov_price,2026-09-10,65.16872361724391,6.957875577608525,0.8913043478260869,28.404110457762535,30.943464681453698,4.957929113296516,0.6086956521739131,46
all_history,SPX,30,markov_price,2026-09-11,103.06390567409699,7.2285920488625175,0.8823529411764706,34.366323911732664,38.82104973913481,5.541434497375398,0.5588235294117647,34
all_history,SPX,30,markov_price,2026-09-14,161.25886099249644,8.945726826896552,0.8852459016393442,36.00150777793347,48.64287453531634,6.612763979964881,0.45901639344262296,61
all_history,SPX,30,markov_price,2026-09-15,22.279692469695974,3.643654188498695,1.0,24.630676572339826,24.630676572339826,3.1219968226278865,0.7272727272727273,11
all_history,SPX,30,markov_price,2026-09-16,848.8366657426827,17.97814106260773,0.7,30.4771069668014,110.2266143481874,14.15191017138552,0.5333333333333333,60
all_history,SPX,30,markov_price,2026-09-18,53.201249928769435,5.997140765724137,0.9166666666666666,25.375469193021523,27.495869407398654,4.266581777845442,0.31666666666666665,60
all_history,SPX,30,markov_price,2026-09-21,167.55471082792138,12.944292596659015,0.0,25.715308195685733,26.581693183847214,8.216625743977666,0.0,1
all_history,SPX,30,markov_price,2026-09-22,35.84275219564365,4.7000768881244115,0.9344262295081968,23.7765180146638,24.655251436671946,3.61081955886348,0.4426229508196721,61
all_history,SPX,30,markov_price,2026-09-23,87.5130434592259,7.008785560266329,0.8666666666666667,32.62094412618758,39.06006863284109,5.481482116836399,0.6222222222222222,45
all_history,SPX,30,markov_price,2026-09-24,306.90785394266504,12.844897421492597,0.8032786885245902,44.45622405259198,67.39545967678801,9.604806292794601,0.45901639344262296,61
all_history,SPX,30,markov_price,2026-09-25,169.39390227091872,8.659036939679003,0.8852459016393442,38.899246938872544,47.8262472184088,6.769266150445745,0.47540983606557374,61
all_history,SPX,30,markov_price,2026-09-28,170.78996897067188,9.4177110002255,0.8245614035087719,38.5046212297204,49.57301620714849,7.144558489153,0.49122807017543857,57
all_history,SPX,30,markov_price,2026-09-29,99.1326849703052,7.333573801475026,0.8360655737704918,32.3394761401721,41.51271229342974,5.740739125559096,0.5737704918032787,61
all_history,SPX,30,momentum,2026-07-21,103.97097649642176,7.220216427110203,0.9016393442622951,30.418313269573076,36.06451551840941,5.364652919608662,0.5,61
all_history,SPX,30,momentum,2026-07-22,45.51717823950828,5.590554542350725,1.0,31.925342237354872,31.925342237354872,4.282321767951929,0.47619047619047616,21
all_history,SPX,30,momentum,2026-07-23,374.44988909839253,15.358735380164212,0.819672131147541,46.87033883691531,64.49724154148912,10.694860386505251,0.4262295081967213,61
all_history,SPX,30,momentum,2026-07-24,564.486065280489,19.038379434052455,0.75,55.32381643292694,81.24096683643512,13.316549800471067,0.6136363636363636,44
all_history,SPX,30,momentum,2026-07-30,790.644349334723,23.353599127007666,0.5833333333333334,53.801727122176864,103.91054780191085,16.741919116929534,0.5833333333333334,12
all_history,SPX,30,momentum,2026-07-31,532.1113161581774,16.822297799196626,0.775,56.10574701253766,85.04265944489046,12.499218308983007,0.575,40
all_history,SPX,30,momentum,2026-08-03,84.78512292588648,7.468066986001524,0.9411764705882353,33.105492625006875,33.77998340441013,5.4024167487255585,0.47058823529411764,17
all_history,SPX,30,momentum,2026-08-11,52.27181467730167,5.914019227761303,1.0,34.26560850611224,34.26560850611224,4.592302487864055,0.6,15
all_history,SPX,30,momentum,2026-08-12,52.306172024067,5.720029677093792,1.0,31.785027007657284,31.785027007657284,4.451314693332762,0.5645161290322581,31
all_history,SPX,30,momentum,2026-08-13,218.78777561549853,12.156042013896178,0.75,35.809268144043806,49.616340532509604,8.332082266905916,0.625,24
all_history,SPX,30,momentum,2026-08-14,54.08340506395329,6.022930374869214,1.0,38.24497918244599,38.24497918244599,4.909125686569044,0.75,4
all_history,SPX,30,momentum,2026-09-01,231.0931460424768,12.502067691117817,0.6888888888888889,32.653470859219325,53.4306195080381,8.79478996937934,0.4,45
all_history,SPX,30,momentum,2026-09-04,109.4979233472283,8.948373391067133,0.9375,38.52543626798041,38.81011604298662,6.201802910437286,0.625,16
all_history,SPX,30,momentum,2026-09-08,77.72594898706038,6.6109612972360825,0.918918918918919,35.98485825603823,40.296358635990515,5.267507366272229,0.5405405405405406,37
all_history,SPX,30,momentum,2026-09-09,558.4662795181711,20.01895495493381,0.6666666666666666,44.63811010081708,88.39885658904049,14.082403324946691,0.2,15
all_history,SPX,30,momentum,2026-09-10,118.79252898322713,9.202350625308155,0.8043478260869565,29.7545611582996,37.57029248253868,6.302396935956329,0.5434782608695652,46
all_history,SPX,30,momentum,2026-09-11,238.273789211436,11.260526463019914,0.8235294117647058,35.95209908586925,52.83354708435934,8.120607256520502,0.47058823529411764,34
all_history,SPX,30,momentum,2026-09-14,244.00528917609776,12.053228585636782,0.8360655737704918,35.80065930470774,51.36195316960527,8.297926592107732,0.5081967213114754,61
all_history,SPX,30,momentum,2026-09-15,96.69566173769596,8.077260241000666,0.9090909090909091,33.02045467783865,33.848148527147956,5.691795725461189,0.36363636363636365,11
all_history,SPX,30,momentum,2026-09-16,1076.2276601630945,20.024571371097576,0.65,35.48669583046819,119.63044344732748,15.815611812824274,0.5333333333333333,60
all_history,SPX,30,momentum,2026-09-18,88.16120684341321,7.50960488102776,0.8666666666666667,25.96579314687762,35.08353787219781,5.290117045775928,0.6,60
all_history,SPX,30,momentum,2026-09-21,113.79457315248847,10.667453920804554,1.0,36.096789677249355,36.096789677249355,6.368979711262427,1.0,1
all_history,SPX,30,momentum,2026-09-22,81.10764018998096,7.211903317204269,0.7868852459016393,24.709037370494848,33.01908442393885,5.171694457446384,0.45901639344262296,61
all_history,SPX,30,momentum,2026-09-23,152.48262485391086,9.869477229028057,0.8,32.88563336687208,43.44539052431762,6.988944160220675,0.5777777777777777,45
all_history,SPX,30,momentum,2026-09-24,390.2919196095579,15.376814172157736,0.7704918032786885,45.008048309827245,70.92976566935067,11.018357025998622,0.6065573770491803,61
all_history,SPX,30,momentum,2026-09-25,366.842375410516,13.163540153579786,0.8524590163934426,46.44520292926182,71.21442213674975,9.90426066912979,0.4098360655737705,61
all_history,SPX,30,momentum,2026-09-28,536.3150283995041,16.890263974657515,0.7719298245614035,46.133216025077594,84.60133365442745,12.362096008011362,0.3157894736842105,57
all_history,SPX,30,momentum,2026-09-29,199.27895204887517,11.182650494832655,0.7704918032786885,31.92782372460604,48.49596262632048,7.839790491409025,0.4262295081967213,61
all_history,SPX,30,ou_gex,2026-07-21,46.14740235159212,5.146525811303539,0.9836065573770492,46.67998275847083,46.765455128698335,5.218274003078964,0.5163934426229508,61
all_history,SPX,30,ou_gex,2026-07-22,26.247832066055956,3.92585507878229,1.0,46.67998275847083,46.67998275847083,4.820413520640756,0.7619047619047619,21
all_history,SPX,30,ou_gex,2026-07-23,254.44468270084803,12.788177271001853,0.8524590163934426,46.67998275847083,56.791590172743085,9.05839647334687,0.4098360655737705,61
all_history,SPX,30,ou_gex,2026-07-24,440.5145662534785,16.5019366371629,0.7045454545454546,46.67998275847083,76.29646632083008,11.863926478701227,0.36363636363636365,44
all_history,SPX,30,ou_gex,2026-07-30,594.4833461887941,23.012046056474215,0.5833333333333334,46.67998275847083,75.06111560172745,15.232779317167994,0.8333333333333334,12
all_history,SPX,30,ou_gex,2026-07-31,305.89263354808634,14.800138097217147,0.825,46.67998275847083,58.38869722166949,10.052200622158445,0.475,40
all_history,SPX,30,ou_gex,2026-08-03,85.43141900156965,8.102109759388188,1.0,46.67998275847083,46.67998275847083,6.065036875274522,0.4117647058823529,17
all_history,SPX,30,ou_gex,2026-08-11,32.96128699338144,4.97459983295507,1.0,45.56583712103234,45.56583712103234,4.883642862732698,0.13333333333333333,15
all_history,SPX,30,ou_gex,2026-08-12,25.77067183280863,4.356469264489857,1.0,45.56583712103234,45.56583712103234,4.724947726681869,0.6612903225806451,31
all_history,SPX,30,ou_gex,2026-08-13,182.03297199604677,11.603586956610812,0.9583333333333334,45.56583712103234,45.76989643420904,7.919947867648106,0.7916666666666666,24
all_history,SPX,30,ou_gex,2026-08-14,6.308227464624491,2.1682628161795234,1.0,45.56583712103234,45.56583712103234,4.295648202437889,0.25,4
all_history,SPX,30,ou_gex,2026-09-01,163.39087988207473,9.945022868068097,0.9111111111111111,45.565837121032345,48.604260186562136,7.452617256350647,0.6222222222222222,45
all_history,SPX,30,ou_gex,2026-09-04,82.65772066568267,7.721346408005531,1.0,45.56583712103234,45.56583712103234,5.925925447418281,0.5,16
all_history,SPX,30,ou_gex,2026-09-08,56.85195879253841,5.911114106792437,1.0,45.56583712103234,45.56583712103234,5.377915320026027,0.43243243243243246,37
all_history,SPX,30,ou_gex,2026-09-09,272.52270805746593,13.112453956793518,0.8,42.64968131978857,60.19926192318157,9.356367205676445,0.7333333333333333,15
all_history,SPX,30,ou_gex,2026-09-10,66.9265729421794,7.055354481087373,1.0,42.64968131978857,42.64968131978857,5.436676330596755,0.5434782608695652,46
all_history,SPX,30,ou_gex,2026-09-11,100.1620551742626,7.236790485124563,0.9117647058823529,42.64968131978857,44.76956053094136,6.049873357789267,0.5588235294117647,34
all_history,SPX,30,ou_gex,2026-09-14,155.37378304116072,8.90596701353458,0.9016393442622951,42.64968131978857,53.41993021759528,6.955457569289144,0.3770491803278688,61
all_history,SPX,30,ou_gex,2026-09-15,26.54629865216663,4.04525665420452,1.0,42.64968131978857,42.64968131978857,4.511700702193855,0.18181818181818182,11
all_history,SPX,30,ou_gex,2026-09-16,869.1268905498785,18.17570933713152,0.75,42.64968131978857,122.85154523032205,14.957744321666452,0.4166666666666667,60
all_history,SPX,30,ou_gex,2026-09-18,49.502219588389224,5.711031116952275,1.0,42.64968131978857,42.64968131978857,5.031740428959432,0.43333333333333335,60
all_history,SPX,30,ou_gex,2026-09-21,148.2570617670345,12.17608565044754,1.0,41.10373160010853,41.10373160010853,7.268393447148816,0.0,1
all_history,SPX,30,ou_gex,2026-09-22,33.60623139593463,4.569128777911261,1.0,41.10373160010853,41.10373160010853,4.5599983797978725,0.4918032786885246,61
all_history,SPX,30,ou_gex,2026-09-23,89.15513175091445,7.1783494124675045,0.9555555555555556,41.10373160010853,42.15469667659805,5.788836360929986,0.6666666666666666,45
all_history,SPX,30,ou_gex,2026-09-24,299.6057911594916,12.733872350708662,0.819672131147541,41.10373160010853,64.11247642989758,9.427548216619098,0.6229508196721312,61
all_history,SPX,30,ou_gex,2026-09-25,162.71906808107946,8.58093977832142,0.9016393442622951,41.10373160010853,52.16648993210367,6.96662568807922,0.3442622950819672,61
all_history,SPX,30,ou_gex,2026-09-28,168.64540883878493,9.385490991762724,0.8947368421052632,41.10373160010853,50.51384785959616,7.217213791692885,0.5789473684210527,57
all_history,SPX,30,ou_gex,2026-09-29,99.92653741632836,7.419559821794439,0.9508196721311475,41.10373160010853,45.072820334587846,5.930107358318953,0.6229508196721312,61
all_history,SPX,30,ou_price,2026-07-21,46.034554020643185,5.164681549594276,0.9836065573770492,44.799652024556764,44.9633117498106,5.083243799702534,0.5,61
all_history,SPX,30,ou_price,2026-07-22,28.08630938666417,4.096449574539802,1.0,44.799652024556764,44.799652024556764,4.712331910109521,0.47619047619047616,21
all_history,SPX,30,ou_price,2026-07-23,250.8356842083894,12.638921294808853,0.8360655737704918,44.799652024556764,55.69987508751063,8.975110346729771,0.5409836065573771,61
all_history,SPX,30,ou_price,2026-07-24,444.2959565160784,16.721885035880426,0.6818181818181818,44.799652024556764,77.57652566221013,11.969870680770764,0.4772727272727273,44
all_history,SPX,30,ou_price,2026-07-30,622.188363179545,23.61001547784372,0.5,44.799652024556764,81.71211767382403,15.829044096013897,0.4166666666666667,12
all_history,SPX,30,ou_price,2026-07-31,314.7853503032274,15.143339558286646,0.75,44.799652024556764,58.70235658622293,10.265790166972574,0.375,40
all_history,SPX,30,ou_price,2026-08-03,87.91836210989692,8.193063756170098,1.0,44.799652024556764,44.799652024556764,6.017661427988509,0.5294117647058824,17
all_history,SPX,30,ou_price,2026-08-11,32.798546467050656,4.959568431470006,1.0,45.023910355775385,45.023910355775385,4.839095995024989,0.4666666666666667,15
all_history,SPX,30,ou_price,2026-08-12,25.97174643931687,4.401837031145274,1.0,45.023910355775385,45.023910355775385,4.686877614037361,0.3709677419354839,31
all_history,SPX,30,ou_price,2026-08-13,187.34493429421624,11.797109332758636,0.9583333333333334,45.02391035577538,45.42488343024223,8.014505894995091,0.3333333333333333,24
all_history,SPX,30,ou_price,2026-08-14,6.828856743325806,2.246102047824748,1.0,45.023910355775385,45.023910355775385,4.259674123990439,0.25,4
all_history,SPX,30,ou_price,2026-09-01,164.75585037177177,9.945377693513851,0.9111111111111111,45.023910355775385,48.402496705361145,7.4611886506471645,0.5555555555555556,45
all_history,SPX,30,ou_price,2026-09-04,84.73968974486739,7.8325693563613905,1.0,45.023910355775385,45.023910355775385,5.941059422483505,0.3125,16
all_history,SPX,30,ou_price,2026-09-08,57.43096021549784,5.921255916305526,1.0,45.023910355775385,45.023910355775385,5.354332441632117,0.5135135135135135,37
all_history,SPX,30,ou_price,2026-09-09,278.3115078839782,13.215222928258095,0.8,42.70387781126562,60.903026397765615,9.453039848532883,0.7333333333333333,15
all_history,SPX,30,ou_price,2026-09-10,67.77764246215781,7.086613605863689,1.0,42.70387781126561,42.70387781126561,5.458417333045327,0.4782608695652174,46
all_history,SPX,30,ou_price,2026-09-11,100.52338228024635,7.2438027568270575,0.9117647058823529,42.70387781126561,44.724028350355795,6.060964507911443,0.5588235294117647,34
all_history,SPX,30,ou_price,2026-09-14,155.1414707534623,8.878905738514131,0.9016393442622951,42.70387781126561,53.43717388764073,6.952520143411567,0.5409836065573771,61
all_history,SPX,30,ou_price,2026-09-15,25.256511036981827,3.931281364151259,1.0,42.70387781126561,42.70387781126561,4.486147738534236,0.7272727272727273,11
all_history,SPX,30,ou_price,2026-09-16,859.2029752058131,18.0730918210849,0.75,42.70387781126562,121.97563125456814,14.887295311617258,0.48333333333333334,60
all_history,SPX,30,ou_price,2026-09-18,48.8310900311699,5.66574472664004,1.0,42.70387781126562,42.70387781126562,5.019956694021155,0.4,60
all_history,SPX,30,ou_price,2026-09-21,146.26206798931963,12.093885562106152,1.0,41.25674055722706,41.25674055722706,7.225319766581311,0.5,1
all_history,SPX,30,ou_price,2026-09-22,33.61411865285229,4.576938797842394,1.0,41.25674055722706,41.25674055722706,4.571350192262281,0.5,61
all_history,SPX,30,ou_price,2026-09-23,89.66784482111433,7.2034597910704585,0.9555555555555556,41.25674055722706,42.280266932937586,5.807887440590372,0.5,45
all_history,SPX,30,ou_price,2026-09-24,300.5927359487909,12.75165653638909,0.819672131147541,41.25674055722706,64.24862744699914,9.442013603584321,0.5,61
all_history,SPX,30,ou_price,2026-09-25,161.8840813295758,8.552617577251217,0.9016393442622951,41.25674055722706,52.149381267869224,6.95919451232295,0.5,61
all_history,SPX,30,ou_price,2026-09-28,168.7546434085206,9.39116661469253,0.8947368421052632,41.25674055722706,50.603956933674006,7.224646930526085,0.5,57
all_history,SPX,30,ou_price,2026-09-29,100.51706463974587,7.449732991200958,0.9508196721311475,41.25674055722706,45.23385259862804,5.949003117922621,0.5,61
all_history,SPX,30,random_walk,2026-07-21,46.924596284070226,5.174485712648765,0.9836065573770492,30.418313269573076,30.890956249148623,4.030872922376002,0.5,61
all_history,SPX,30,random_walk,2026-07-22,27.428774115450626,4.023999153521366,1.0,31.925342237354872,31.925342237354872,3.7702648657797497,0.5,21
all_history,SPX,30,random_walk,2026-07-23,247.65928949696305,12.637620843210989,0.9180327868852459,46.87033883691531,51.35371372442025,8.672163470094059,0.5,61
all_history,SPX,30,random_walk,2026-07-24,436.53264693814714,16.457124688610005,0.8409090909090909,55.32381643292694,75.73982271201133,11.822131869252134,0.5,44
all_history,SPX,30,random_walk,2026-07-30,611.8594804071025,23.310780647821957,0.75,53.801727122176864,69.5271332315413,14.983840517165646,0.5,12
all_history,SPX,30,random_walk,2026-07-31,309.6746392716741,14.9251802069306,0.925,56.10574701253766,60.469811400852834,10.081693939937544,0.5,40
all_history,SPX,30,random_walk,2026-08-03,85.12522892862171,8.076131490601043,1.0,33.105492625006875,33.105492625006875,5.623853899421343,0.5,17
all_history,SPX,30,random_walk,2026-08-11,32.12488742723155,4.900413474389158,1.0,34.26560850611224,34.26560850611224,4.094127085010499,0.5,15
all_history,SPX,30,random_walk,2026-08-12,25.886703143849953,4.373338822937278,1.0,31.785027007657284,31.785027007657284,3.74521491428367,0.5,31
all_history,SPX,30,random_walk,2026-08-13,184.69884960211837,11.697502688663613,0.7916666666666666,35.809268144043806,40.117334346154344,7.7942719793545585,0.5,24
all_history,SPX,30,random_walk,2026-08-14,6.2787341805044115,2.1685173647383635,1.0,38.24497918244599,38.24497918244599,3.6503400676726834,0.5,4
all_history,SPX,30,random_walk,2026-09-01,164.402112069568,9.972951136221916,0.7777777777777778,32.653470859219325,47.948159032010544,7.32807664535511,0.5,45
all_history,SPX,30,random_walk,2026-09-04,83.01004163053794,7.739658594678076,1.0,38.52543626798041,38.52543626798041,5.583215774289522,0.5,16
all_history,SPX,30,random_walk,2026-09-08,57.29167694436479,5.92837001252062,0.972972972972973,35.98485825603823,36.99030797659953,4.849057949995404,0.5,37
all_history,SPX,30,random_walk,2026-09-09,279.46850024525685,13.263824048313351,0.8,44.63811010081708,62.88098978209961,9.56192968345895,0.5,15
all_history,SPX,30,random_walk,2026-09-10,67.77646925049724,7.081229656096421,0.9347826086956522,29.7545611582996,30.324694263481234,4.993134904128964,0.5,46
all_history,SPX,30,random_walk,2026-09-11,100.85552828016094,7.258970417975113,0.8823529411764706,35.95209908586925,39.19907341914828,5.615409929945221,0.5,34
all_history,SPX,30,random_walk,2026-09-14,154.76214137793235,8.870621586632133,0.8852459016393442,35.80065930470774,48.184122431860914,6.561533096245808,0.5,61
all_history,SPX,30,random_walk,2026-09-15,25.6613592401391,3.9675115445041396,1.0,33.02045467783865,33.02045467783865,3.760892372228838,0.5,11
all_history,SPX,30,random_walk,2026-09-16,857.0405558527701,18.062656431440942,0.7166666666666667,35.48669583046819,104.41184916906376,14.005391247890234,0.5,60
all_history,SPX,30,random_walk,2026-09-18,48.83211157242502,5.660214556723319,0.8833333333333333,25.96579314687762,29.694707847262915,4.268584882910882,0.5,60
all_history,SPX,30,random_walk,2026-09-21,146.26206798931963,12.093885562106152,1.0,36.096789677249355,36.096789677249355,7.197406191351339,0.5,1
all_history,SPX,30,random_walk,2026-09-22,33.61411865285229,4.576938797842394,0.9180327868852459,24.709037370494848,26.166779582899487,3.610922433309171,0.5,61
all_history,SPX,30,random_walk,2026-09-23,89.66784482111433,7.2034597910704585,0.8888888888888888,32.88563336687208,37.5569275492096,5.4811263858448696,0.5,45
all_history,SPX,30,random_walk,2026-09-24,300.5927359487909,12.75165653638909,0.819672131147541,45.008048309827245,69.57270438691725,9.614694263266765,0.5,61
all_history,SPX,30,random_walk,2026-09-25,161.8840813295758,8.552617577251217,0.9180327868852459,46.44520292926182,54.40752795450198,7.151921189594895,0.5,61
all_history,SPX,30,random_walk,2026-09-28,168.7546434085206,9.39116661469253,0.9122807017543859,46.133216025077594,54.73432752952074,7.520580066640979,0.5,57
all_history,SPX,30,random_walk,2026-09-29,100.51706463974587,7.449732991200958,0.9016393442622951,31.92782372460604,39.96742532483801,5.615875680929606,0.5,61
modern,NDX,5,garch_gex,2026-09-01,36.51727096575894,5.192716355626342,0.9333333333333333,19.830326301242565,21.098525712169113,3.5269328644698907,0.5,45
modern,NDX,5,garch_gex,2026-09-04,33.50929788994033,4.10279498822274,0.875,18.150638429878075,23.306875038981534,3.228181628996979,0.5,16
modern,NDX,5,garch_gex,2026-09-08,37.199258231875056,4.232431211019945,0.8918918918918919,16.484492911043677,23.545075087333082,3.2939005945231306,0.5,37
modern,NDX,5,garch_gex,2026-09-09,152.76571049661408,10.407994543169236,0.6666666666666666,28.183778324802017,43.99617718280158,7.253704144616221,0.5,15
modern,NDX,5,garch_gex,2026-09-10,25.72652714202366,4.108661445069352,0.9782608695652174,20.681493520173664,21.116986953696983,3.004706293262552,0.5,46
modern,NDX,5,garch_gex,2026-09-11,36.60893062647203,4.259006455886051,0.8823529411764706,16.937896802865012,20.666915059878825,3.162522981815422,0.5,34
modern,NDX,5,garch_gex,2026-09-14,50.24843336408477,4.917710329316743,0.9180327868852459,19.590131515027828,26.308981781823594,3.662446031790609,0.5,61
modern,NDX,5,garch_gex,2026-09-15,13.118297371509517,3.007229979732074,1.0,14.443102781165203,14.443102781165203,2.2084074163091754,0.5,11
modern,NDX,5,garch_gex,2026-09-16,100.32656868818759,6.9487631025588295,0.7333333333333333,18.957808895569556,32.6574596838026,4.984813677860604,0.5,60
modern,NDX,5,garch_gex,2026-09-18,17.462528916860798,3.0421817178003647,0.9,12.376037635400008,15.285782703087206,2.2740399499629307,0.5,60
modern,NDX,5,garch_gex,2026-09-21,1.954770868963445,1.3981312059186166,1.0,15.31797918744091,15.31797918744091,1.5265370467760615,0.5,1
modern,NDX,5,garch_gex,2026-09-22,21.318568728377198,3.6914793971643616,0.8421052631578947,13.228060322138857,17.58246706519879,2.64310176703786,0.5,57
modern,NDX,5,garch_gex,2026-09-23,32.50082214988368,4.240087330252734,0.8222222222222222,16.444009953816735,22.369788337087325,3.2189198263891026,0.5,45
modern,NDX,5,garch_gex,2026-09-24,106.02471938614607,7.276343621183321,0.7704918032786885,23.789370504389748,38.327560307791664,5.487976769740049,0.5,61
modern,NDX,5,garch_gex,2026-09-25,66.95620566460724,5.933711506117166,0.8688524590163934,20.57222143939463,27.50677597172654,4.323257349346447,0.5,61
modern,NDX,5,garch_gex,2026-09-28,85.46553199193,6.450715901895851,0.8070175438596491,24.156400072144383,34.700972808185256,4.891321995158624,0.5,57
modern,NDX,5,garch_gex,2026-09-29,43.78839716844529,5.051591941436989,0.8524590163934426,17.561197254550827,24.40200111187698,3.673228055278018,0.5,61
modern,NDX,5,garch_price,2026-09-01,36.51727096575894,5.192716355626342,0.8222222222222222,17.04500383878241,20.20996137455354,3.509224037969747,0.5,45
modern,NDX,5,garch_price,2026-09-04,33.50929788994033,4.10279498822274,0.875,18.832886616475612,23.572345360535902,3.254026996803464,0.5,16
modern,NDX,5,garch_price,2026-09-08,37.199258231875056,4.232431211019945,0.918918918918919,17.35889417722835,24.1919478557629,3.327383445484721,0.5,37
modern,NDX,5,garch_price,2026-09-09,152.76571049661408,10.407994543169236,0.6666666666666666,30.30171407442208,42.746965299809176,7.216147396333855,0.5,15
modern,NDX,5,garch_price,2026-09-10,25.72652714202366,4.108661445069352,0.8695652173913043,17.756607292257282,19.464104057300812,2.9248362970395982,0.5,46
modern,NDX,5,garch_price,2026-09-11,36.60893062647203,4.259006455886051,0.9117647058823529,17.903595357513225,20.92918452880763,3.1825114638160454,0.5,34
modern,NDX,5,garch_price,2026-09-14,50.24843336408477,4.917710329316743,0.9016393442622951,18.248684510616325,25.346083677786712,3.6174648907382934,0.5,61
modern,NDX,5,garch_price,2026-09-15,13.118297371509517,3.007229979732074,0.9090909090909091,12.998584239092843,13.52474957296043,2.1691926523810046,0.5,11
modern,NDX,5,garch_price,2026-09-16,100.32656868818759,6.9487631025588295,0.7333333333333333,19.593750940302243,32.394310887372136,4.972005939277627,0.5,60
modern,NDX,5,garch_price,2026-09-18,17.462528916860798,3.0421817178003647,0.9166666666666666,12.593634113357707,15.446431714659745,2.281236800852449,0.5,60
modern,NDX,5,garch_price,2026-09-21,1.954770868963445,1.3981312059186166,1.0,16.03739882922882,16.03739882922882,1.5863536135563887,0.5,1
modern,NDX,5,garch_price,2026-09-22,21.318568728377198,3.6914793971643616,0.8771929824561403,14.353602506751507,17.862724364357337,2.6573046988228723,0.5,57
modern,NDX,5,garch_price,2026-09-23,32.50082214988368,4.240087330252734,0.8222222222222222,16.315314791188044,22.448170920877125,3.223383095289309,0.5,45
modern,NDX,5,garch_price,2026-09-24,106.02471938614607,7.276343621183321,0.7868852459016393,24.375330074808822,38.58266813338261,5.505599337414637,0.5,61
modern,NDX,5,garch_price,2026-09-25,66.95620566460724,5.933711506117166,0.8852459016393442,21.207960297561666,27.7518980326968,4.332049458803997,0.5,61
modern,NDX,5,garch_price,2026-09-28,85.46553199193,6.450715901895851,0.8070175438596491,23.985199155419195,34.80484774833835,4.896150525206588,0.5,57
modern,NDX,5,garch_price,2026-09-29,43.78839716844529,5.051591941436989,0.8524590163934426,17.745333592993706,24.461975274243073,3.675182078141267,0.5,61
modern,NDX,5,kalman_gex,2026-09-01,45.86781955973955,5.725369972597656,0.9777777777777777,26.777778161702255,27.215741369968217,4.067859536047035,0.4222222222222222,45
modern,NDX,5,kalman_gex,2026-09-04,30.104321010732754,4.313258776710161,1.0,27.258958383636923,27.258958383636923,3.554957995485869,0.625,16
modern,NDX,5,kalman_gex,2026-09-08,37.96920581846463,4.37928682021174,0.9459459459459459,27.01721099557116,29.679333253356383,3.730952637071282,0.5405405405405406,37
modern,NDX,5,kalman_gex,2026-09-09,156.4780086063317,10.829725069734156,0.6666666666666666,27.109213840238912,41.55386594798505,7.417491886881503,0.4666666666666667,15
modern,NDX,5,kalman_gex,2026-09-10,31.7316139421975,4.404549665063912,0.9782608695652174,26.773166402060696,27.57053559794158,3.5595447607502546,0.43478260869565216,46
modern,NDX,5,kalman_gex,2026-09-11,39.184370240779394,4.578996468752685,0.9411764705882353,27.062816229330075,28.822845436876733,3.793095495858996,0.5588235294117647,34
modern,NDX,5,kalman_gex,2026-09-14,52.182891655847634,5.284167458292042,0.9180327868852459,26.72113917037317,31.08192842770036,4.137082891320336,0.47540983606557374,61
modern,NDX,5,kalman_gex,2026-09-15,14.349146236711118,3.113016620434019,1.0,24.558878361266263,24.558878361266263,2.822653439689471,0.5454545454545454,11
modern,NDX,5,kalman_gex,2026-09-16,101.16335178288242,6.989056285844991,0.8666666666666667,24.151454917297148,38.51990022376454,5.3940212371285226,0.5166666666666667,60
modern,NDX,5,kalman_gex,2026-09-18,17.396230895443583,3.0389286132169486,0.9833333333333333,24.151454917297148,24.404812932073614,2.889864919926874,0.55,60
modern,NDX,5,kalman_gex,2026-09-21,0.06868771632083645,0.2620834148145137,1.0,25.134199446224883,25.134199446224883,2.2944445863144436,1.0,1
modern,NDX,5,kalman_gex,2026-09-22,21.642667105764456,3.684438678380387,0.9824561403508771,24.157968114518813,24.53880724967243,3.0628560161566405,0.5087719298245614,57
modern,NDX,5,kalman_gex,2026-09-23,32.86707032188268,4.228440600155942,0.9555555555555556,24.192417610705014,26.28672757355395,3.447671859863684,0.6,45
modern,NDX,5,kalman_gex,2026-09-24,106.74604980449584,7.470959214664518,0.819672131147541,24.14942387581319,36.143154031008606,5.3973935421906925,0.4426229508196721,61
modern,NDX,5,kalman_gex,2026-09-25,74.61901842811503,6.300040169935014,0.8360655737704918,22.745075898059042,32.28447792294125,4.740663363254212,0.4918032786885246,61
modern,NDX,5,kalman_gex,2026-09-28,99.21688792190183,6.979942730440721,0.8070175438596491,22.752678698123557,38.44368824619234,5.341759735693618,0.47368421052631576,57
modern,NDX,5,kalman_gex,2026-09-29,44.16925692755195,5.097936919365896,0.9016393442622951,22.745075898059042,26.490801938882992,3.805154591474181,0.5081967213114754,61
modern,NDX,5,kalman_price,2026-09-01,44.36283743050076,5.650151059756022,0.9555555555555556,26.948778545256744,27.17262050212467,4.027295961561198,0.4888888888888889,45
modern,NDX,5,kalman_price,2026-09-04,31.931522096815566,4.4917575174001785,1.0,27.50352187798476,27.50352187798476,3.633277455614242,0.625,16
modern,NDX,5,kalman_price,2026-09-08,37.421609238439494,4.383275948089473,0.9459459459459459,27.236647847392636,29.764994265041526,3.725196269832814,0.5675675675675675,37
modern,NDX,5,kalman_price,2026-09-09,158.51250429135928,10.954370769658714,0.6666666666666666,27.34287420409089,40.76727263795731,7.491578872294494,0.4666666666666667,15
modern,NDX,5,kalman_price,2026-09-10,31.373357446846043,4.370836678533233,0.9782608695652174,26.94267970845726,27.678033134850427,3.556357363167264,0.43478260869565216,46
modern,NDX,5,kalman_price,2026-09-11,40.33643454340317,4.62034369962575,0.9411764705882353,27.291004811088946,29.22851025863995,3.8379975612727613,0.47058823529411764,34
modern,NDX,5,kalman_price,2026-09-14,51.74402752765083,5.297139905697134,0.9180327868852459,26.871957355797377,30.819610738385393,4.139273770845975,0.4918032786885246,61
modern,NDX,5,kalman_price,2026-09-15,14.199154345909596,3.0875034778725987,1.0,24.785821252741425,24.785821252741425,2.8327638201792014,0.6363636363636364,11
modern,NDX,5,kalman_price,2026-09-16,103.27806945019331,7.070079955950464,0.85,24.296491942999392,38.9592448918327,5.457528521501599,0.5333333333333333,60
modern,NDX,5,kalman_price,2026-09-18,17.790714849040917,3.1368374048799574,0.9833333333333333,24.296491942999392,24.514083924084634,2.9167124920560377,0.5333333333333333,60
modern,NDX,5,kalman_price,2026-09-21,0.10637500971205105,0.326151820034859,1.0,25.39202252651079,25.39202252651079,2.3194410764155506,1.0,1
modern,NDX,5,kalman_price,2026-09-22,21.286260536028912,3.675183233765035,0.9824561403508771,24.305423428012798,24.607296798074422,3.0594054324405247,0.5789473684210527,57
modern,NDX,5,kalman_price,2026-09-23,33.34679834129206,4.277393049171331,0.9555555555555556,24.351895623366225,26.47505617134603,3.4733498163954986,0.5555555555555556,45
modern,NDX,5,kalman_price,2026-09-24,108.84918628641515,7.5907271986699945,0.8360655737704918,24.293698223828667,36.777693542987265,5.448378245996706,0.4262295081967213,61
modern,NDX,5,kalman_price,2026-09-25,77.1956992411929,6.395159032245947,0.819672131147541,22.886006189959534,32.800583626765714,4.81671920608796,0.47540983606557374,61
modern,NDX,5,kalman_price,2026-09-28,101.39354333173274,7.0411339309565015,0.8070175438596491,22.898428368960698,38.86045937615289,5.391489504135249,0.43859649122807015,57
modern,NDX,5,kalman_price,2026-09-29,45.6454153041314,5.183093945679802,0.9016393442622951,22.886006189959534,26.69289524555938,3.8589746228648485,0.47540983606557374,61
modern,NDX,5,markov_gex,2026-09-01,36.99016425882111,5.22985748844247,0.8444444444444444,18.780451481270518,21.707271758514167,3.593564427213961,0.4,45
modern,NDX,5,markov_gex,2026-09-04,31.75024826871334,4.086399733511932,0.875,19.55057608187984,22.99679572793566,3.2743854197273743,0.625,16
modern,NDX,5,markov_gex,2026-09-08,35.913260128533715,4.147955989235643,0.8918918918918919,16.81977634201625,23.541428233549006,3.265450143277049,0.7027027027027027,37
modern,NDX,5,markov_gex,2026-09-09,147.1910091717463,10.2241380637647,0.7333333333333333,30.541663143441053,39.27660807337414,6.99131154752069,0.5333333333333333,15
modern,NDX,5,markov_gex,2026-09-10,25.252483283323663,4.030267667172085,0.9347826086956522,17.772867512656788,19.21965150429511,2.8975669567987854,0.5652173913043478,46
modern,NDX,5,markov_gex,2026-09-11,36.96542060811379,4.314005791892047,0.9411764705882353,21.78173712150435,22.587623280587994,3.32583522083194,0.5294117647058824,34
modern,NDX,5,markov_gex,2026-09-14,51.759078213281775,4.957252885166173,0.9180327868852459,23.056376869995756,26.976719471792265,3.7483241767785027,0.5081967213114754,61
modern,NDX,5,markov_gex,2026-09-15,12.829882077417695,3.0022501375538413,1.0,13.494039400119611,13.494039400119611,2.14111778590939,0.5454545454545454,11
modern,NDX,5,markov_gex,2026-09-16,103.36480527338578,7.0116072469037505,0.7,17.10281597029032,35.08292889903314,5.142813777890067,0.5,60
modern,NDX,5,markov_gex,2026-09-18,17.67128592840048,3.080672677571221,0.8833333333333333,13.482126245356879,16.337444220640002,2.3522069142604467,0.48333333333333334,60
modern,NDX,5,markov_gex,2026-09-21,2.766797477359047,1.6633693147822124,1.0,14.78569143133397,14.78569143133397,1.538136672858174,0.0,1
modern,NDX,5,markov_gex,2026-09-22,21.50254176612581,3.6474376311079655,0.8421052631578947,15.079538387119548,18.301966001313424,2.679872087249142,0.5263157894736842,57
modern,NDX,5,markov_gex,2026-09-23,31.501748228893838,4.140289992102653,0.7777777777777778,14.60462673704283,21.95801309322052,3.147486804571338,0.6666666666666666,45
modern,NDX,5,markov_gex,2026-09-24,104.91076886438688,7.314302704977381,0.8032786885245902,25.176970047829702,38.45788858061859,5.480354944835122,0.5737704918032787,61
modern,NDX,5,markov_gex,2026-09-25,66.55479140611315,5.949424413956482,0.8688524590163934,21.90252859678837,27.490610349006253,4.309894061607471,0.5081967213114754,61
modern,NDX,5,markov_gex,2026-09-28,84.60599579650989,6.395028330763234,0.7894736842105263,22.145206386889562,33.13727343628449,4.7652309262599895,0.543859649122807,57
modern,NDX,5,markov_gex,2026-09-29,42.85753164280321,4.995301765491188,0.8524590163934426,19.204394916019414,25.222636536922042,3.6852304781887075,0.5573770491803278,61
modern,NDX,5,markov_price,2026-09-01,37.12522117843445,5.2375143126154615,0.8444444444444444,18.58615122199363,21.689567556910898,3.60008458479596,0.4,45
modern,NDX,5,markov_price,2026-09-04,31.59857641007203,4.0716283252644105,0.875,19.388440074512694,22.917908621263578,3.2625729354168755,0.625,16
modern,NDX,5,markov_price,2026-09-08,35.99563337267866,4.164551541202437,0.8918918918918919,16.82793087536339,23.615197081097527,3.2692735504018136,0.6486486486486487,37
modern,NDX,5,markov_price,2026-09-09,147.02460886527703,10.217289488709262,0.7333333333333333,30.550746025543187,39.24235324774675,6.9873094466888706,0.5333333333333333,15
modern,NDX,5,markov_price,2026-09-10,25.273012428104998,4.039447349161393,0.9347826086956522,17.808869915839715,19.225347016619867,2.9022985245303707,0.5869565217391305,46
modern,NDX,5,markov_price,2026-09-11,36.91114917771487,4.313290023543739,0.9411764705882353,21.811860206797455,22.609933562985916,3.324164206261802,0.5588235294117647,34
modern,NDX,5,markov_price,2026-09-14,51.664931271071154,4.957043935200819,0.9180327868852459,23.082314930392897,26.988236495821837,3.748204753417561,0.5245901639344263,61
modern,NDX,5,markov_price,2026-09-15,12.781285642730824,3.008506146539238,1.0,13.470462675801251,13.470462675801251,2.13799240624512,0.6363636363636364,11
modern,NDX,5,markov_price,2026-09-16,103.55889761463185,7.014929064041002,0.7,17.09867398838094,35.119090331321104,5.146981617278336,0.48333333333333334,60
modern,NDX,5,markov_price,2026-09-18,17.593804368495498,3.0764878703357548,0.8833333333333333,13.45855518146784,16.299976655257137,2.3468484354191217,0.5,60
modern,NDX,5,markov_price,2026-09-21,2.2104973392015657,1.4867741385972402,1.0,14.698525327859809,14.698525327859809,1.4930830131468886,0.0,1
modern,NDX,5,markov_price,2026-09-22,21.188973504527695,3.6332608941786546,0.8421052631578947,15.062597243261047,18.119700999354382,2.663221693356516,0.5614035087719298,57
modern,NDX,5,markov_price,2026-09-23,31.51008573682583,4.141340606567079,0.7777777777777778,14.604037773271802,21.973232826294687,3.1490968991879686,0.6666666666666666,45
modern,NDX,5,markov_price,2026-09-24,104.94001710587166,7.315881881761437,0.8032786885245902,25.195836819278547,38.472735970009914,5.479878517598209,0.5573770491803278,61
modern,NDX,5,markov_price,2026-09-25,66.55550184407383,5.949255543927069,0.8688524590163934,21.90019834380878,27.491237781277697,4.3099088531202,0.5081967213114754,61
modern,NDX,5,markov_price,2026-09-28,84.61537228837007,6.39517043705992,0.7894736842105263,22.142409238775112,33.13818899235634,4.765342600412468,0.543859649122807,57
modern,NDX,5,markov_price,2026-09-29,42.860284204961104,4.99555759121917,0.8524590163934426,19.20960369839639,25.223728479167903,3.68549414969997,0.5573770491803278,61
modern,NDX,5,momentum,2026-09-01,41.345783520853914,4.911022338866691,0.8888888888888888,19.546888751350732,22.996529706834295,3.6245338536044063,0.5555555555555556,45
modern,NDX,5,momentum,2026-09-04,35.155653196592915,4.644725500424708,0.875,22.41157517183453,24.46430993002121,3.46822661918685,0.5625,16
modern,NDX,5,momentum,2026-09-08,50.21829647290636,5.297681950661851,0.918918918918919,21.08670912492336,28.146335453920496,3.929215994160053,0.4594594594594595,37
modern,NDX,5,momentum,2026-09-09,189.05750012135576,11.668158169582279,0.8,29.311544782456917,46.94268836444349,7.859945822214558,0.4666666666666667,15
modern,NDX,5,momentum,2026-09-10,27.418544953641533,4.19825404384281,0.9565217391304348,21.80959218452805,22.655629566403224,3.147234176569815,0.5217391304347826,46
modern,NDX,5,momentum,2026-09-11,54.3912940459538,5.4689277843595026,0.9117647058823529,22.02815210760247,26.328755807417195,3.9203600039357545,0.6176470588235294,34
modern,NDX,5,momentum,2026-09-14,67.46541779879564,6.018575892746885,0.8688524590163934,21.139202225034662,27.96604822580907,4.307659191751319,0.4918032786885246,61
modern,NDX,5,momentum,2026-09-15,16.470138045149255,3.3032770965823364,1.0,17.813738683090385,17.813738683090385,2.5383806615073072,0.45454545454545453,11
modern,NDX,5,momentum,2026-09-16,127.28077584450168,8.228158233220004,0.65,19.284922311297823,38.051450603691684,5.943024128513244,0.4666666666666667,60
modern,NDX,5,momentum,2026-09-18,23.333539311862996,3.4913067291102684,0.9,13.869251812225311,17.913397343755285,2.6287383099797124,0.5833333333333334,60
modern,NDX,5,momentum,2026-09-21,0.721563427968137,0.84944889661953,1.0,20.44585649799871,20.44585649799871,1.9002357544311264,1.0,1
modern,NDX,5,momentum,2026-09-22,29.064611790504948,4.305534573782805,0.8421052631578947,16.017801090118233,19.152625881072456,3.079919100249792,0.49122807017543857,57
modern,NDX,5,momentum,2026-09-23,47.00308077363441,5.518154452905529,0.7777777777777778,18.166563963645576,24.856936582159385,3.9019394716540585,0.4222222222222222,45
modern,NDX,5,momentum,2026-09-24,154.82491633283294,9.172643954474164,0.7868852459016393,25.802731140047555,45.72499033859332,6.696878464624942,0.4918032786885246,61
modern,NDX,5,momentum,2026-09-25,93.05076858036644,7.269970010671446,0.8360655737704918,23.85203089778455,32.18969566746722,5.197244073921695,0.4098360655737705,61
modern,NDX,5,momentum,2026-09-28,138.51891460895595,8.497604984886589,0.7894736842105263,26.011900096414426,42.09807244664835,6.307962776143421,0.43859649122807015,57
modern,NDX,5,momentum,2026-09-29,62.331784169515025,6.0143089697595595,0.819672131147541,18.55140707525151,27.565184414596942,4.307039205296729,0.45901639344262296,61
modern,NDX,5,ou_gex,2026-09-01,36.56775703744628,5.216291327336296,1.0,26.26595431633475,26.26595431633475,3.7420674860995575,0.4444444444444444,45
modern,NDX,5,ou_gex,2026-09-04,33.730881927335204,4.113777973814828,0.9375,26.26595431633475,28.187375278402584,3.571877621190017,0.375,16
modern,NDX,5,ou_gex,2026-09-08,37.40841808052891,4.253540503936317,0.9459459459459459,26.26595431633475,29.353188979407022,3.6612089611437946,0.3783783783783784,37
modern,NDX,5,ou_gex,2026-09-09,154.09966519769222,10.461401591573566,0.6666666666666666,26.26595431633475,43.49585399768552,7.2370634958912445,0.2,15
modern,NDX,5,ou_gex,2026-09-10,26.00621898178119,4.114142458535422,1.0,26.26595431633475,26.26595431633475,3.3552004688868386,0.4782608695652174,46
modern,NDX,5,ou_gex,2026-09-11,36.633409547087844,4.262710163186779,0.9411764705882353,26.26595431633475,28.37543011737515,3.668941850046738,0.47058823529411764,34
modern,NDX,5,ou_gex,2026-09-14,50.1471426616126,4.90249218090302,0.9180327868852459,26.26595431633475,31.29901874134383,4.032267612083061,0.5573770491803278,61
modern,NDX,5,ou_gex,2026-09-15,13.118297371509517,3.007229979732074,1.0,23.742207756749533,23.742207756749533,2.7156375271487274,0.5,11
modern,NDX,5,ou_gex,2026-09-16,100.32656868818759,6.9487631025588295,0.8666666666666667,23.742207756749533,38.24853513125334,5.328135694233338,0.5,60
modern,NDX,5,ou_gex,2026-09-18,17.462528916860798,3.0421817178003647,0.9833333333333333,23.742207756749533,24.0492523302813,2.8683929558776717,0.5,60
modern,NDX,5,ou_gex,2026-09-21,1.954770868963445,1.3981312059186166,1.0,23.742207756749533,23.742207756749533,2.248761973400183,0.5,1
modern,NDX,5,ou_gex,2026-09-22,21.318568728377198,3.6914793971643616,0.9824561403508771,23.742207756749533,24.10934961258314,3.0262025629684386,0.5,57
modern,NDX,5,ou_gex,2026-09-23,32.50082214988368,4.240087330252734,0.9555555555555556,23.74220775674953,25.371328728555813,3.422783313241318,0.5,45
modern,NDX,5,ou_gex,2026-09-24,106.02471938614607,7.276343621183321,0.8524590163934426,23.742207756749533,36.575478137304664,5.347795554933178,0.5,61
modern,NDX,5,ou_gex,2026-09-25,66.95620566460724,5.933711506117166,0.819672131147541,22.37686920264592,30.91241719292919,4.490930735725954,0.5,61
modern,NDX,5,ou_gex,2026-09-28,85.46553199193,6.450715901895851,0.8596491228070176,22.37686920264592,35.225766642082874,4.874006297082016,0.5,57
modern,NDX,5,ou_gex,2026-09-29,43.78839716844529,5.051591941436989,0.9016393442622951,22.37686920264592,26.275402709937147,3.778041386700143,0.5,61
modern,NDX,5,ou_price,2026-09-01,36.92898308501677,5.203442594986271,1.0,26.264528653858637,26.264528653858637,3.7533004028031858,0.4444444444444444,45
modern,NDX,5,ou_price,2026-09-04,33.7852250623008,4.138396742893134,0.9375,26.26452865385864,28.199877183995405,3.5745201803489435,0.4375,16
modern,NDX,5,ou_price,2026-09-08,37.02271474234014,4.207370758641877,0.9459459459459459,26.26452865385864,29.33846541901173,3.647899688537967,0.6486486486486487,37
modern,NDX,5,ou_price,2026-09-09,152.33453791726785,10.36001336990018,0.6666666666666666,26.26452865385864,43.18213156158153,7.183967074300764,0.6,15
modern,NDX,5,ou_price,2026-09-10,25.792627832258617,4.1086162093019905,1.0,26.264528653858637,26.264528653858637,3.348583391588275,0.43478260869565216,46
modern,NDX,5,ou_price,2026-09-11,36.519831995130154,4.263047895581714,0.9411764705882353,26.26452865385864,28.31135660357643,3.6659811895343117,0.4411764705882353,34
modern,NDX,5,ou_price,2026-09-14,50.440026116785084,4.919528550074744,0.9180327868852459,26.26452865385864,31.352004746675927,4.0394197717626925,0.5081967213114754,61
modern,NDX,5,ou_price,2026-09-15,13.05463921567335,2.9957307277855634,1.0,23.738381551744002,23.738381551744002,2.7127525139047632,0.6363636363636364,11
modern,NDX,5,ou_price,2026-09-16,101.08916702286596,6.959635057244071,0.8666666666666667,23.738381551744006,38.43992923234872,5.342576367663894,0.5,60
modern,NDX,5,ou_price,2026-09-18,17.40003396220199,3.041137856176665,0.9833333333333333,23.738381551744006,24.040035669019982,2.865712113035635,0.5,60
modern,NDX,5,ou_price,2026-09-21,2.098518378033628,1.4486263762729257,1.0,23.738381551744006,23.738381551744006,2.2545942297113983,0.0,1
modern,NDX,5,ou_price,2026-09-22,21.223168294423434,3.679836639062375,0.9824561403508771,23.738381551744006,24.105385385043327,3.02203060153271,0.5614035087719298,57
modern,NDX,5,ou_price,2026-09-23,32.33012189992211,4.228575839264987,0.9555555555555556,23.738381551744006,25.366701178545085,3.4156109919428546,0.6222222222222222,45
modern,NDX,5,ou_price,2026-09-24,105.94801955063731,7.287674961206209,0.8524590163934426,23.738381551744006,36.493924485337246,5.347753940385311,0.47540983606557374,61
modern,NDX,5,ou_price,2026-09-25,66.69583563581652,5.920237350471317,0.819672131147541,22.375454436929154,30.882813357857966,4.48261871054443,0.5737704918032787,61
modern,NDX,5,ou_price,2026-09-28,85.07655829069475,6.432136493392941,0.8596491228070176,22.375454436929157,35.23293716375691,4.860554763213516,0.5087719298245614,57
modern,NDX,5,ou_price,2026-09-29,43.67945452415465,5.049062218883272,0.9016393442622951,22.375454436929154,26.26493451985311,3.7744092132787355,0.5409836065573771,61
modern,NDX,5,random_walk,2026-09-01,36.51727096575894,5.192716355626342,0.8888888888888888,19.546888751350732,20.892417292964737,3.5247284901647413,0.5,45
modern,NDX,5,random_walk,2026-09-04,33.50929788994033,4.10279498822274,0.9375,22.41157517183453,25.006890773026264,3.372196551815926,0.5,16
modern,NDX,5,random_walk,2026-09-08,37.199258231875056,4.232431211019945,0.918918918918919,21.08670912492336,26.257693428775998,3.434304425462348,0.5,37
modern,NDX,5,random_walk,2026-09-09,152.76571049661408,10.407994543169236,0.6666666666666666,29.311544782456917,43.17809068581824,7.204390590403495,0.5,15
modern,NDX,5,random_walk,2026-09-10,25.72652714202366,4.108661445069352,0.9782608695652174,21.80959218452805,22.013008387229668,3.0657887040919936,0.5,46
modern,NDX,5,random_walk,2026-09-11,36.60893062647203,4.259006455886051,0.9411764705882353,22.02815210760247,24.328674824584454,3.367910689008472,0.5,34
modern,NDX,5,random_walk,2026-09-14,50.24843336408477,4.917710329316743,0.9180327868852459,21.139202225034662,26.963548597814373,3.7090065732960134,0.5,61
modern,NDX,5,random_walk,2026-09-15,13.118297371509517,3.007229979732074,1.0,17.813738683090385,17.813738683090385,2.3591770186225998,0.5,11
modern,NDX,5,random_walk,2026-09-16,100.32656868818759,6.9487631025588295,0.75,19.284922311297823,34.98659583806977,5.1038428228660475,0.5,60
modern,NDX,5,random_walk,2026-09-18,17.462528916860798,3.0421817178003647,0.9333333333333333,13.869251812225311,16.32522429628704,2.3325626781212847,0.5,60
modern,NDX,5,random_walk,2026-09-21,1.954770868963445,1.3981312059186166,1.0,20.44585649799871,20.44585649799871,1.9616950063807441,0.5,1
modern,NDX,5,random_walk,2026-09-22,21.318568728377198,3.6914793971643616,0.8947368421052632,16.017801090118233,18.245470474214365,2.695018531581048,0.5,57
modern,NDX,5,random_walk,2026-09-23,32.50082214988368,4.240087330252734,0.8666666666666667,18.166563963645576,22.492814336552627,3.2460449404479497,0.5,45
modern,NDX,5,random_walk,2026-09-24,106.02471938614607,7.276343621183321,0.8360655737704918,25.802731140047555,38.36771933081014,5.453161852095799,0.5,61
modern,NDX,5,random_walk,2026-09-25,66.95620566460724,5.933711506117166,0.9016393442622951,23.85203089778455,29.11390806977544,4.413431858053419,0.5,61
modern,NDX,5,random_walk,2026-09-28,85.46553199193,6.450715901895851,0.8596491228070176,26.011900096414426,35.99056074912764,4.957550211318787,0.5,57
modern,NDX,5,random_walk,2026-09-29,43.78839716844529,5.051591941436989,0.8688524590163934,18.55140707525151,24.586015175107704,3.662566113434539,0.5,61
modern,NDX,10,garch_gex,2026-09-01,90.48589839441809,7.868413209179481,0.8222222222222222,28.291777994409202,33.83324448308594,5.525021243323488,0.5,45
modern,NDX,10,garch_gex,2026-09-04,57.02376113358953,5.7196478790501715,0.9375,25.575966166748156,28.767365819797835,4.339522384283623,0.5,16
modern,NDX,10,garch_gex,2026-09-08,53.55616123315816,5.359142534542558,0.8648648648648649,23.222194895578554,30.703640506122788,4.141992476299258,0.5,37
modern,NDX,10,garch_gex,2026-09-09,223.43435854243646,11.353872546213097,0.8666666666666667,39.57774989262616,59.412384601134754,8.41174330999985,0.5,15
modern,NDX,10,garch_gex,2026-09-10,49.12569917273261,5.51495204127834,0.9565217391304348,29.499520912633823,30.02045032310466,4.206966533810788,0.5,46
modern,NDX,10,garch_gex,2026-09-11,74.55711854876999,6.057986369770386,0.9117647058823529,23.85510845660008,28.843610537252953,4.467731205925327,0.5,34
modern,NDX,10,garch_gex,2026-09-14,103.8643853467242,7.278218072251041,0.9016393442622951,27.825192334767515,37.23579650375059,5.342472961577692,0.5,61
modern,NDX,10,garch_gex,2026-09-15,23.634336412609585,4.576588084238623,1.0,20.675443259461282,20.675443259461282,3.017572544035299,0.5,11
modern,NDX,10,garch_gex,2026-09-16,245.5287484531523,10.504954345249523,0.7833333333333333,26.765928388915174,48.74831834218552,7.576862709267759,0.5,60
modern,NDX,10,garch_gex,2026-09-18,30.33886962182635,3.9159801204247437,0.9,17.624187264193203,22.890288466813864,3.0685227683984264,0.5,60
modern,NDX,10,garch_gex,2026-09-21,12.43077353325352,3.5257302127720322,1.0,21.573017187047935,21.573017187047935,2.5476879803089196,0.5,1
modern,NDX,10,garch_gex,2026-09-22,33.83713738407146,4.767889429612663,0.8596491228070176,18.694914250935895,21.847929626160813,3.40528810455323,0.5,57
modern,NDX,10,garch_gex,2026-09-23,47.74752094889781,5.367943331346032,0.8888888888888888,23.317574584559342,27.30962393911477,4.000089444307828,0.5,45
modern,NDX,10,garch_gex,2026-09-24,182.96233500699302,9.409157149409246,0.8360655737704918,33.4967912938141,50.00912958862268,7.143444121056366,0.5,61
modern,NDX,10,garch_gex,2026-09-25,120.07087600106257,8.110394633785663,0.8688524590163934,29.044896990187734,38.32610281925385,5.759708762141367,0.5,61
modern,NDX,10,garch_gex,2026-09-28,150.63839510492306,8.667408987369415,0.8421052631578947,34.144445405397995,46.875858413688896,6.743549129201231,0.5,57
modern,NDX,10,garch_gex,2026-09-29,69.58552050460952,6.505957706564452,0.8524590163934426,24.892677030077856,31.139986695187275,4.723022923722397,0.5,61
modern,NDX,10,garch_price,2026-09-01,90.48589839441809,7.868413209179481,0.7333333333333333,24.125205771831073,34.162577933351265,5.540958801340823,0.5,45
modern,NDX,10,garch_price,2026-09-04,57.02376113358953,5.7196478790501715,0.9375,26.63565446559353,29.438375303234995,4.382301195841536,0.5,16
modern,NDX,10,garch_price,2026-09-08,53.55616123315816,5.359142534542558,0.8648648648648649,24.56688144875142,31.635862795868594,4.204870815313853,0.5,37
modern,NDX,10,garch_price,2026-09-09,223.43435854243646,11.353872546213097,0.8666666666666667,42.77176942824579,60.96981543685398,8.469990884798126,0.5,15
modern,NDX,10,garch_price,2026-09-10,49.12569917273261,5.51495204127834,0.8695652173913043,25.13542363045921,28.217686095318548,4.087677831549912,0.5,46
modern,NDX,10,garch_price,2026-09-11,74.55711854876999,6.057986369770386,0.9117647058823529,25.339598642035238,29.40187690757434,4.491553694609797,0.5,34
modern,NDX,10,garch_price,2026-09-14,103.8643853467242,7.278218072251041,0.8524590163934426,25.83049529275686,35.626803541914455,5.293183522500185,0.5,61
modern,NDX,10,garch_price,2026-09-15,23.634336412609585,4.576588084238623,1.0,18.525874660088064,18.525874660088064,2.946210227507215,0.5,11
modern,NDX,10,garch_price,2026-09-16,245.5287484531523,10.504954345249523,0.7833333333333333,27.729908036826497,48.42158759497731,7.552182215212795,0.5,60
modern,NDX,10,garch_price,2026-09-18,30.33886962182635,3.9159801204247437,0.9,17.97703731198834,23.132052616384577,3.0861208873407735,0.5,60
modern,NDX,10,garch_price,2026-09-21,12.43077353325352,3.5257302127720322,1.0,22.74119503717113,22.74119503717113,2.6251585249534033,0.5,1
modern,NDX,10,garch_price,2026-09-22,33.83713738407146,4.767889429612663,0.9122807017543859,20.41168795333204,22.502330537099635,3.438517734411932,0.5,57
modern,NDX,10,garch_price,2026-09-23,47.74752094889781,5.367943331346032,0.8888888888888888,23.134103372389287,27.302432879393297,3.99899859381913,0.5,45
modern,NDX,10,garch_price,2026-09-24,182.96233500699302,9.409157149409246,0.8360655737704918,34.384741689112,50.44019647102487,7.177026500521388,0.5,61
modern,NDX,10,garch_price,2026-09-25,120.07087600106257,8.110394633785663,0.8852459016393442,30.011465063517726,38.795709552070186,5.78154197950075,0.5,61
modern,NDX,10,garch_price,2026-09-28,150.63839510492306,8.667408987369415,0.8245614035087719,33.878309632436824,47.221051819044916,6.754937838170033,0.5,57
modern,NDX,10,garch_price,2026-09-29,69.58552050460952,6.505957706564452,0.8524590163934426,25.175590839043434,31.308438629041262,4.733520756735424,0.5,61
modern,NDX,10,kalman_gex,2026-09-01,121.46231438035178,8.777882400152178,0.9111111111111111,37.33623312737326,38.84229750253325,6.396284287019212,0.4222222222222222,45
modern,NDX,10,kalman_gex,2026-09-04,52.96596509722095,5.875054817117192,1.0,38.583639038971754,38.583639038971754,4.854653934291933,0.8125,16
modern,NDX,10,kalman_gex,2026-09-08,59.01320749611048,5.72937304329824,0.972972972972973,37.95873276614955,38.948826284210135,4.929963271951604,0.5135135135135135,37
modern,NDX,10,kalman_gex,2026-09-09,231.31038490727826,12.260170285130908,0.7333333333333333,38.19776358504184,56.124471266630955,8.659989381954684,0.4666666666666667,15
modern,NDX,10,kalman_gex,2026-09-10,72.18809081877352,7.016369704972842,0.9782608695652174,37.32421509052587,38.78092621560536,5.215362119526939,0.34782608695652173,46
modern,NDX,10,kalman_gex,2026-09-11,87.31470018988088,6.71753580784068,0.9117647058823529,38.077474597753884,40.719190757817806,5.554441073021515,0.5294117647058824,34
modern,NDX,10,kalman_gex,2026-09-14,111.15432671034185,8.136137026239435,0.9180327868852459,37.18860693810142,42.598186811738756,6.061176312928711,0.4426229508196721,61
modern,NDX,10,kalman_gex,2026-09-15,30.005908199484164,4.990449084258399,1.0,34.8432729221756,34.8432729221756,4.044105802827661,0.2727272727272727,11
modern,NDX,10,kalman_gex,2026-09-16,238.38037026668385,10.60032707410632,0.8166666666666667,33.78674866949386,59.35337530576085,8.102433883706059,0.5166666666666667,60
modern,NDX,10,kalman_gex,2026-09-18,30.71435059132396,3.980681953706182,0.9833333333333333,33.78674866949386,33.9731323160455,3.9444039043939854,0.4,60
modern,NDX,10,kalman_gex,2026-09-21,2.245841625704896,1.4986132341951661,1.0,36.31552533825444,36.31552533825444,3.374302296977529,1.0,1
modern,NDX,10,kalman_gex,2026-09-22,35.84270448207918,4.940054070299746,1.0,33.8036852952873,33.8036852952873,4.125955665890827,0.47368421052631576,57
modern,NDX,10,kalman_gex,2026-09-23,51.524351009188905,5.4852765143721545,0.9333333333333333,33.893259013860416,34.69875864968438,4.5309175429293775,0.4888888888888889,45
modern,NDX,10,kalman_gex,2026-09-24,189.4851475128101,9.849622174815671,0.8688524590163934,33.78146718151781,48.273379219970735,7.2189381635623,0.47540983606557374,61
modern,NDX,10,kalman_gex,2026-09-25,146.0287560129417,8.483072039071573,0.8524590163934426,31.93496536072056,47.397152769942,6.456970392098596,0.4918032786885246,61
modern,NDX,10,kalman_gex,2026-09-28,209.3552591116619,10.183973171144297,0.8070175438596491,31.954766608998145,53.58062596057189,7.815880160378861,0.42105263157894735,57
modern,NDX,10,kalman_gex,2026-09-29,74.43029901803318,6.641659283572994,0.9344262295081968,31.93496536072056,34.38301555372184,5.0149739064344665,0.5245901639344263,61
modern,NDX,10,kalman_price,2026-09-01,115.92623825881024,8.65078391637116,0.9333333333333333,37.53321640867846,38.142924220700074,6.282148730622204,0.4888888888888889,45
modern,NDX,10,kalman_price,2026-09-04,59.70821786751185,6.412058851229372,1.0,38.98476752874113,38.98476752874113,5.044309693545823,0.8125,16
modern,NDX,10,kalman_price,2026-09-08,57.62126212448291,5.693072498387665,0.972972972972973,38.289046406988454,38.89035044666537,4.926038360282876,0.5675675675675675,37
modern,NDX,10,kalman_price,2026-09-09,243.54414407043538,12.709997142350941,0.7333333333333333,38.567548075369125,57.60487331495087,8.935617552147514,0.4666666666666667,15
modern,NDX,10,kalman_price,2026-09-10,72.89949918083153,6.985744822515149,0.9782608695652174,37.51714549913669,38.838244444518054,5.24091530159203,0.32608695652173914,46
modern,NDX,10,kalman_price,2026-09-11,90.54015604363325,6.967901005868186,0.9117647058823529,38.4319224348129,41.37481698122118,5.636419482143829,0.4117647058823529,34
modern,NDX,10,kalman_price,2026-09-14,108.36824360122907,8.251811791337495,0.9180327868852459,37.33068262429435,41.59848298082824,6.026001166117591,0.47540983606557374,61
modern,NDX,10,kalman_price,2026-09-15,27.92639465449681,4.936543793151629,1.0,35.18161376948681,35.18161376948681,4.009740000726996,0.36363636363636365,11
modern,NDX,10,kalman_price,2026-09-16,248.61706287888867,10.798598459702836,0.8166666666666667,33.90059830151485,60.61565672248694,8.28448408242526,0.48333333333333334,60
modern,NDX,10,kalman_price,2026-09-18,31.5277864620186,3.947635998881682,1.0,33.90059830151485,33.90059830151485,3.9760202533703155,0.55,60
modern,NDX,10,kalman_price,2026-09-21,0.1419130784471682,0.37671352304790995,1.0,36.74391808224734,36.74391808224734,3.35413378935905,1.0,1
modern,NDX,10,kalman_price,2026-09-22,34.5272889739381,4.771334866919573,1.0,33.92408325014455,33.92408325014455,4.095911800526841,0.5789473684210527,57
modern,NDX,10,kalman_price,2026-09-23,53.12509799698286,5.55186650857838,0.9333333333333333,34.04624692228174,35.08221076702529,4.581047013313468,0.4,45
modern,NDX,10,kalman_price,2026-09-24,197.86507663416958,10.115990711658736,0.7868852459016393,33.89325200174482,49.29126663032866,7.385588525930857,0.45901639344262296,61
modern,NDX,10,kalman_price,2026-09-25,154.74404774830745,8.673269916084458,0.8524590163934426,31.984217446492686,48.46655606713962,6.628055575239808,0.4262295081967213,61
modern,NDX,10,kalman_price,2026-09-28,218.15575385211318,10.36895305849395,0.8070175438596491,32.017106829997395,54.64948041665414,7.956346940683767,0.38596491228070173,57
modern,NDX,10,kalman_price,2026-09-29,79.53598808888893,6.7177977959684645,0.9016393442622951,31.984217446492686,35.08090306094331,5.147270196036792,0.5245901639344263,61
modern,NDX,10,markov_gex,2026-09-01,90.37135823469318,7.84903460794248,0.7555555555555555,25.458136952789072,35.302544056426655,5.55361733815622,0.5777777777777777,45
modern,NDX,10,markov_gex,2026-09-04,52.15092940029942,5.445578849825434,0.8125,26.499111653799943,29.03177338623895,4.323502118715308,0.6875,16
modern,NDX,10,markov_gex,2026-09-08,52.370931338078975,5.25007759182255,0.8918918918918919,22.807737693965723,30.419520156231034,4.090070234753,0.5675675675675675,37
modern,NDX,10,markov_gex,2026-09-09,217.62484279357477,11.333801366794088,0.8666666666666667,41.36120511477031,55.46957724207222,8.262195474442596,0.4,15
modern,NDX,10,markov_gex,2026-09-10,46.93783567272498,5.2690758018755925,0.9130434782608695,24.098401548476296,27.344015444438927,3.976369967447308,0.6956521739130435,46
modern,NDX,10,markov_gex,2026-09-11,76.033447874989,6.087105030225612,0.9117647058823529,29.518262619129448,31.293526382678216,4.642533416908243,0.5882352941176471,34
modern,NDX,10,markov_gex,2026-09-14,108.4326776663043,7.356756110140682,0.9180327868852459,31.24135554734968,37.71012092093799,5.412958258723131,0.47540983606557374,61
modern,NDX,10,markov_gex,2026-09-15,22.290043388178578,4.448465991216506,1.0,18.38460876546451,18.38460876546451,2.8554980507209864,0.5454545454545454,11
modern,NDX,10,markov_gex,2026-09-16,244.3369096548938,10.51566282857084,0.6666666666666666,23.254461057757016,53.18082164721714,7.766127558871601,0.48333333333333334,60
modern,NDX,10,markov_gex,2026-09-18,31.702576584373922,4.135896019505837,0.9166666666666666,18.368592165997782,22.99142013544238,3.1243351218163866,0.36666666666666664,60
modern,NDX,10,markov_gex,2026-09-21,17.776657466464385,4.2162373588858095,1.0,20.12311262410567,20.12311262410567,2.71695589736272,0.0,1
modern,NDX,10,markov_gex,2026-09-22,35.94074273985826,4.957607515106596,0.9298245614035088,20.523521420614188,22.662503663101816,3.5472910836049794,0.40350877192982454,57
modern,NDX,10,markov_gex,2026-09-23,47.796893387424866,5.347976349115191,0.8222222222222222,19.882063803352555,26.46859335539958,3.979103450668006,0.5111111111111111,45
modern,NDX,10,markov_gex,2026-09-24,184.1983727230804,9.363150114057374,0.8852459016393442,34.15001181900103,50.040860006208305,7.1298993697044875,0.5737704918032787,61
modern,NDX,10,markov_gex,2026-09-25,120.17478613239422,8.045174995564539,0.8852459016393442,29.85024003232564,37.54041757117319,5.7061671769188065,0.5573770491803278,61
modern,NDX,10,markov_gex,2026-09-28,151.31839047169956,8.645359957841222,0.8070175438596491,30.171249389736776,44.83288232735523,6.56268659631989,0.5263157894736842,57
modern,NDX,10,markov_gex,2026-09-29,68.22863928375622,6.445196629365121,0.8360655737704918,26.226934137069087,32.63804387343788,4.783022147396605,0.5409836065573771,61
modern,NDX,10,markov_price,2026-09-01,90.84502603577894,7.876751709774006,0.7333333333333333,25.20219012337956,35.52742697797754,5.57654392040105,0.5111111111111111,45
modern,NDX,10,markov_price,2026-09-04,51.61903613425136,5.40390217292949,0.8125,26.286954076721518,28.869227602484806,4.2959872974207585,0.6875,16
modern,NDX,10,markov_price,2026-09-08,52.61268254921502,5.25296041785529,0.8648648648648649,22.824775319717567,30.545608506757905,4.094572024687048,0.5405405405405406,37
modern,NDX,10,markov_price,2026-09-09,216.97844893873068,11.321294660926032,0.8666666666666667,41.384827991467816,55.39085556103955,8.252343016910523,0.4666666666666667,15
modern,NDX,10,markov_price,2026-09-10,47.00962838060971,5.304870534881414,0.9130434782608695,24.153420483109223,27.30770574792371,3.9870027916899793,0.6521739130434783,46
modern,NDX,10,markov_price,2026-09-11,75.99438713091553,6.076094661094015,0.9117647058823529,29.56690678126342,31.357418292782125,4.640932752922686,0.5588235294117647,34
modern,NDX,10,markov_price,2026-09-14,108.13888771565286,7.3477775054342205,0.9180327868852459,31.28483726753814,37.70084207189575,5.412033654481838,0.47540983606557374,61
modern,NDX,10,markov_price,2026-09-15,22.049976952075987,4.413058370553516,1.0,18.349263935983547,18.349263935983547,2.8421807840893805,0.6363636363636364,11
modern,NDX,10,markov_price,2026-09-16,245.03515517371045,10.534321297130933,0.6666666666666666,23.24390476664292,53.245221664705284,7.77700666376676,0.48333333333333334,60
modern,NDX,10,markov_price,2026-09-18,31.387334066880737,4.099601713624637,0.9,18.333260526507324,22.942342134272838,3.1101091498398596,0.38333333333333336,60
modern,NDX,10,markov_price,2026-09-21,15.034599926561235,3.8774476046184345,1.0,20.00158793531856,20.00158793531856,2.576850829578587,0.0,1
modern,NDX,10,markov_price,2026-09-22,34.77963070316072,4.855869458457238,0.9122807017543859,20.49649530357885,22.473643306508198,3.493751989021685,0.40350877192982454,57
modern,NDX,10,markov_price,2026-09-23,47.84178114346501,5.350403197646708,0.8222222222222222,19.877232089758706,26.48730681238666,3.981849010046794,0.5111111111111111,45
modern,NDX,10,markov_price,2026-09-24,184.3405317723044,9.369731738154853,0.8852459016393442,34.16728117662182,50.04331133499328,7.132543097023735,0.5737704918032787,61
modern,NDX,10,markov_price,2026-09-25,120.17601285168287,8.044805161154121,0.8852459016393442,29.8468678414701,37.540572555189186,5.706348566024815,0.5573770491803278,61
modern,NDX,10,markov_price,2026-09-28,151.35311201517834,8.646525573077932,0.8070175438596491,30.167229979027255,44.83630215810925,6.5631013578399005,0.5263157894736842,57
modern,NDX,10,markov_price,2026-09-29,68.23974760977943,6.445376979346271,0.8360655737704918,26.23378941556414,32.6431218640834,4.783506945225581,0.5409836065573771,61
modern,NDX,10,momentum,2026-09-01,106.61854767786338,8.45097371045319,0.8444444444444444,27.6434751743583,36.01832673709697,5.761160936831955,0.5111111111111111,45
modern,NDX,10,momentum,2026-09-04,60.912684585946195,6.3452506496072605,1.0,31.694753562152524,31.694753562152524,4.6974870207464186,0.75,16
modern,NDX,10,momentum,2026-09-08,76.83049423763624,6.5944905745683595,0.918918918918919,29.821110030283116,35.52056345810509,4.98528738497806,0.4864864864864865,37
modern,NDX,10,momentum,2026-09-09,274.0729711136592,13.240453835688337,0.8,41.45278416545691,59.92099209074852,9.398635954692283,0.6,15
modern,NDX,10,momentum,2026-09-10,60.19689637862987,6.095872244360078,0.9347826086956522,30.84342105718583,32.717086980434544,4.606522215807288,0.6086956521739131,46
modern,NDX,10,momentum,2026-09-11,129.4854503186755,7.984686904130264,0.8823529411764706,31.15251146458889,38.868101730768736,5.888654015820538,0.5882352941176471,34
modern,NDX,10,momentum,2026-09-14,157.18995421734851,9.096014041083743,0.8032786885245902,29.895346484391524,42.79646881512308,6.549547835824922,0.5737704918032787,61
modern,NDX,10,momentum,2026-09-15,39.60947823770548,5.318256759793307,1.0,25.192430842196664,25.192430842196664,3.8432194826307504,0.5454545454545454,11
modern,NDX,10,momentum,2026-09-16,318.165916931331,12.504951962381359,0.6833333333333333,27.272998681948877,66.1887714425148,9.340137851976019,0.48333333333333334,60
modern,NDX,10,momentum,2026-09-18,49.37668281434503,5.3226147308058955,0.8666666666666667,19.61408401281666,26.694035737708887,3.892391889766758,0.5166666666666667,60
modern,NDX,10,momentum,2026-09-21,6.441962046842376,2.5381020560336767,1.0,28.91480755380385,28.91480755380385,2.863207787142367,1.0,1
modern,NDX,10,momentum,2026-09-22,56.87159710378303,6.302258309693762,0.8421052631578947,22.65259154103975,26.657554599488492,4.343233290885718,0.45614035087719296,57
modern,NDX,10,momentum,2026-09-23,88.69012093788427,7.8726001678338635,0.7777777777777778,25.691401139105903,32.183847324896526,5.427823691483437,0.37777777777777777,45
modern,NDX,10,momentum,2026-09-24,282.44446401288053,12.165809295091588,0.8032786885245902,36.49057232452184,60.50219738903166,8.905082870441992,0.5081967213114754,61
modern,NDX,10,momentum,2026-09-25,229.71118662220115,11.763468660356107,0.8032786885245902,33.73186558578902,50.86273024488573,8.24413867853465,0.3114754098360656,61
modern,NDX,10,momentum,2026-09-28,330.04195789175515,13.301837579901544,0.7192982456140351,36.7863818994433,69.68132869015976,10.00820786955466,0.38596491228070173,57
modern,NDX,10,momentum,2026-09-29,113.62738654654702,8.389817394791114,0.7868852459016393,26.23565148692488,37.674139125257206,5.913876056795348,0.4262295081967213,61
modern,NDX,10,ou_gex,2026-09-01,91.01478199092553,7.887398667680406,0.9777777777777777,37.05981785761302,37.15275960697573,5.7113528162848715,0.4888888888888889,45
modern,NDX,10,ou_gex,2026-09-04,58.13601895875871,5.8657031967870275,0.9375,37.05981785761302,37.865670604831315,4.867682689618645,0.1875,16
modern,NDX,10,ou_gex,2026-09-08,54.29954747440377,5.397652181702541,0.972972972972973,37.05981785761302,38.54849367494364,4.747007339044662,0.40540540540540543,37
modern,NDX,10,ou_gex,2026-09-09,225.0807807296801,11.335305198022576,0.8,37.05981785761302,56.11833019810421,8.365934967926732,0.4666666666666667,15
modern,NDX,10,ou_gex,2026-09-10,49.46392174665011,5.502897727133156,0.9782608695652174,37.05981785761302,37.38744628575521,4.664426445588734,0.5217391304347826,46
modern,NDX,10,ou_gex,2026-09-11,74.50580697673732,6.050036277587809,0.9411764705882353,37.05981785761302,39.92406318354251,5.206733324312015,0.5,34
modern,NDX,10,ou_gex,2026-09-14,103.63035282438852,7.259215454020569,0.9180327868852459,37.05981785761302,43.97960317085123,5.811089698915109,0.5409836065573771,61
modern,NDX,10,ou_gex,2026-09-15,23.634336412609585,4.576588084238623,1.0,33.57655221027489,33.57655221027489,3.76858296146263,0.5,11
modern,NDX,10,ou_gex,2026-09-16,245.5287484531523,10.504954345249523,0.8166666666666667,33.57655221027489,59.682769819554565,8.085576790177102,0.5,60
modern,NDX,10,ou_gex,2026-09-18,30.33886962182635,3.9159801204247437,0.9833333333333333,33.57655221027489,33.70453039906694,3.922679060991472,0.5,60
modern,NDX,10,ou_gex,2026-09-21,12.43077353325352,3.5257302127720322,1.0,33.57655221027489,33.57655221027489,3.4376895207901654,0.5,1
modern,NDX,10,ou_gex,2026-09-22,33.83713738407146,4.767889429612663,1.0,33.57655221027489,33.57655221027489,4.054961570734836,0.5,57
modern,NDX,10,ou_gex,2026-09-23,47.74752094889781,5.367943331346032,0.9777777777777777,33.57655221027489,33.612413684735,4.422888243828485,0.5,45
modern,NDX,10,ou_gex,2026-09-24,182.96233500699302,9.409157149409246,0.8852459016393442,33.57655221027489,48.261041943728145,7.03610031101276,0.5,61
modern,NDX,10,ou_gex,2026-09-25,120.07087600106257,8.110394633785663,0.8524590163934426,31.64567190983069,42.25549802187759,5.99115936392643,0.5,61
modern,NDX,10,ou_gex,2026-09-28,150.63839510492306,8.667408987369415,0.8421052631578947,31.64567190983069,45.04605586668425,6.667801853030534,0.5,57
modern,NDX,10,ou_gex,2026-09-29,69.58552050460952,6.505957706564452,0.9672131147540983,31.64567190983069,33.54083554904812,4.8935723421940285,0.5,61
modern,NDX,10,ou_price,2026-09-01,91.96195873412502,7.902289636670996,0.9555555555555556,36.84800708019163,37.00818649885064,5.722652882526224,0.4888888888888889,45
modern,NDX,10,ou_price,2026-09-04,58.05318063440941,5.81768717966571,0.9375,36.84800708019163,37.74646743069487,4.853095357683435,0.25,16
modern,NDX,10,ou_price,2026-09-08,53.56018438551757,5.3302829195199335,0.972972972972973,36.84800708019163,38.326660342818535,4.716619483430027,0.5675675675675675,37
modern,NDX,10,ou_price,2026-09-09,223.49730111193654,11.406689432109596,0.8,36.84800708019163,56.03615895131921,8.340368195018549,0.4666666666666667,15
modern,NDX,10,ou_price,2026-09-10,49.23763174940859,5.556895378431535,0.9782608695652174,36.84800708019163,37.197604455234305,4.648082601849684,0.391304347826087,46
modern,NDX,10,ou_price,2026-09-11,74.31057912263792,6.03566839499141,0.9411764705882353,36.84800708019163,39.649427062052254,5.195841794315243,0.47058823529411764,34
modern,NDX,10,ou_price,2026-09-14,104.66090447170068,7.291727611090003,0.9180327868852459,36.84800708019163,43.88246412390869,5.823024001276032,0.4262295081967213,61
modern,NDX,10,ou_price,2026-09-15,23.362144015056835,4.556782621347915,1.0,33.322698970878974,33.322698970878974,3.742452836795529,0.5454545454545454,11
modern,NDX,10,ou_price,2026-09-16,247.55019434794877,10.508010948935672,0.8166666666666667,33.322698970878974,59.92885032600426,8.107347506113666,0.48333333333333334,60
modern,NDX,10,ou_price,2026-09-18,30.225791672161485,3.935356120475335,0.9833333333333333,33.322698970878974,33.48672580993395,3.9025315392737943,0.43333333333333335,60
modern,NDX,10,ou_price,2026-09-21,13.147661128227378,3.6259703705666677,1.0,33.322698970878974,33.322698970878974,3.4390998646928104,0.0,1
modern,NDX,10,ou_price,2026-09-22,33.657853229104944,4.763316070306499,1.0,33.322698970878974,33.322698970878974,4.03345417692851,0.5263157894736842,57
modern,NDX,10,ou_price,2026-09-23,47.57031914942126,5.361552168924489,0.9777777777777777,33.322698970878974,33.40361984192797,4.403579648943355,0.5333333333333333,45
modern,NDX,10,ou_price,2026-09-24,183.756136046888,9.44762581311617,0.8852459016393442,33.322698970878974,48.17301659112143,7.056530524781097,0.4918032786885246,61
modern,NDX,10,ou_price,2026-09-25,119.20069387780798,8.066118531135158,0.8524590163934426,31.49649986200058,42.17822607665902,5.964342664353143,0.6721311475409836,61
modern,NDX,10,ou_price,2026-09-28,149.21330686566586,8.608977352756131,0.8421052631578947,31.49649986200058,44.671969333486345,6.627810485320831,0.5614035087719298,57
modern,NDX,10,ou_price,2026-09-29,69.31254517271609,6.489751401973623,0.9508196721311475,31.49649986200058,33.44244671759092,4.879860608779346,0.5737704918032787,61
modern,NDX,10,random_walk,2026-09-01,90.48589839441809,7.868413209179481,0.8,27.6434751743583,32.97530988089858,5.47761154299692,0.5,45
modern,NDX,10,random_walk,2026-09-04,57.02376113358953,5.7196478790501715,0.9375,31.694753562152524,33.40982427719598,4.553870979429663,0.5,16
modern,NDX,10,random_walk,2026-09-08,53.55616123315816,5.359142534542558,0.9459459459459459,29.821110030283116,33.23815580070365,4.3654156116947656,0.5,37
modern,NDX,10,random_walk,2026-09-09,223.43435854243646,11.353872546213097,0.8666666666666667,41.45278416545691,58.464076429772156,8.42794454748031,0.5,15
modern,NDX,10,random_walk,2026-09-10,49.12569917273261,5.51495204127834,0.9782608695652174,30.84342105718583,31.051576221184686,4.279763464853231,0.5,46
modern,NDX,10,random_walk,2026-09-11,74.55711854876999,6.057986369770386,0.9411764705882353,31.15251146458889,34.261875335253436,4.77768562696305,0.5,34
modern,NDX,10,random_walk,2026-09-14,103.8643853467242,7.278218072251041,0.9180327868852459,29.895346484391524,37.85164293016077,5.394191205071796,0.5,61
modern,NDX,10,random_walk,2026-09-15,23.634336412609585,4.576588084238623,1.0,25.192430842196664,25.192430842196664,3.247328909375308,0.5,11
modern,NDX,10,random_walk,2026-09-16,245.5287484531523,10.504954345249523,0.7666666666666667,27.272998681948877,53.75240850416239,7.781420605576306,0.5,60
modern,NDX,10,random_walk,2026-09-18,30.33886962182635,3.9159801204247437,0.9,19.61408401281666,23.99778499339795,3.130361154647537,0.5,60
modern,NDX,10,random_walk,2026-09-21,12.43077353325352,3.5257302127720322,1.0,28.91480755380385,28.91480755380385,3.0724059914787127,0.5,1
modern,NDX,10,random_walk,2026-09-22,33.83713738407146,4.767889429612663,0.9473684210526315,22.65259154103975,24.287952805259437,3.5260876850716203,0.5,57
modern,NDX,10,random_walk,2026-09-23,47.74752094889781,5.367943331346032,0.9111111111111111,25.691401139105903,28.000925023358974,4.072554250281597,0.5,45
modern,NDX,10,random_walk,2026-09-24,182.96233500699302,9.409157149409246,0.8852459016393442,36.49057232452184,50.999027174278325,7.1780815128031685,0.5,61
modern,NDX,10,random_walk,2026-09-25,120.07087600106257,8.110394633785663,0.9016393442622951,33.73186558578902,40.57829111760462,5.913744992089869,0.5,61
modern,NDX,10,random_walk,2026-09-28,150.63839510492306,8.667408987369415,0.8771929824561403,36.7863818994433,47.39716120083447,6.818479005827626,0.5,57
modern,NDX,10,random_walk,2026-09-29,69.58552050460952,6.505957706564452,0.8360655737704918,26.23565148692488,31.036687027516358,4.7245699582900595,0.5,61
modern,NDX,15,garch_gex,2026-09-01,177.8970641714374,10.973792215253667,0.7555555555555555,34.941213220587635,47.580280988648035,7.738146713080782,0.5,45
modern,NDX,15,garch_gex,2026-09-04,60.262685549124605,6.06412611817268,0.9375,31.213041920747315,32.423793737524754,4.618722883330337,0.5,16
modern,NDX,15,garch_gex,2026-09-08,65.0618193731192,6.050272710846715,0.918918918918919,28.333100931505662,35.34637271303298,4.718918938463644,0.5,37
modern,NDX,15,garch_gex,2026-09-09,317.515095392608,13.123872942302842,0.8,48.13720212554367,70.0842576445052,10.010935994686735,0.5,15
modern,NDX,15,garch_gex,2026-09-10,57.548337001162736,6.32326253125749,0.9565217391304348,36.42281165906942,38.09950586406422,4.95543742523211,0.5,46
modern,NDX,15,garch_gex,2026-09-11,111.08990119491337,7.228869631548364,0.9117647058823529,29.098045420495787,37.36788563424632,5.349930608145321,0.5,34
modern,NDX,15,garch_gex,2026-09-14,164.58159712387774,9.231262530451144,0.8524590163934426,34.21828186513514,46.107297335247644,6.7170466466359136,0.5,61
modern,NDX,15,garch_gex,2026-09-15,26.66577066342121,4.262317604926383,1.0,25.616496327764903,25.616496327764903,3.366032015834698,0.5,11
modern,NDX,15,garch_gex,2026-09-16,375.4230541044352,12.96185055371631,0.7166666666666667,32.72733492977646,60.89353805190448,9.402250653595335,0.5,60
modern,NDX,15,garch_gex,2026-09-18,40.3386038226682,4.856907250030296,0.9,21.728499853223447,26.33729042326941,3.6669840959838407,0.5,60
modern,NDX,15,garch_gex,2026-09-21,28.540800665690202,5.342359091795515,1.0,26.31379353704893,26.31379353704893,3.4839060345425517,0.5,1
modern,NDX,15,garch_gex,2026-09-22,44.25355151355125,5.222219961655036,0.9298245614035088,22.881413569135812,25.310792974241252,3.894328831595491,0.5,57
modern,NDX,15,garch_gex,2026-09-23,71.42480497886812,6.568097923650445,0.8444444444444444,28.631710627662272,33.78230296910841,4.8722722350261245,0.5,45
modern,NDX,15,garch_gex,2026-09-24,274.73635153397817,12.137536828995389,0.819672131147541,40.84922035139633,60.79302827242878,8.900701869411595,0.5,61
modern,NDX,15,garch_gex,2026-09-25,173.43491336930117,9.004450019497423,0.8360655737704918,35.513351530942465,47.20600422643558,6.89940016940878,0.5,61
modern,NDX,15,garch_gex,2026-09-28,230.17354217577955,10.739282375294255,0.8771929824561403,41.79565762386682,56.82813328969084,8.232281581705392,0.5,57
modern,NDX,15,garch_gex,2026-09-29,92.52835970731405,7.452275479567851,0.9016393442622951,30.55472382310081,36.83627326860918,5.517529136680399,0.5,61
modern,NDX,15,garch_price,2026-09-01,177.8970641714374,10.973792215253667,0.6666666666666666,29.571339995958997,50.36514631905218,7.832418275365279,0.5,45
modern,NDX,15,garch_price,2026-09-04,60.262685549124605,6.06412611817268,0.9375,32.62419813622767,33.30732122233674,4.693102638068966,0.5,16
modern,NDX,15,garch_price,2026-09-08,65.0618193731192,6.050272710846715,0.918918918918919,30.1095502905476,36.762390996675954,4.812675618014854,0.5,37
modern,NDX,15,garch_price,2026-09-09,317.515095392608,13.123872942302842,0.8,52.28554101082673,71.01002917876085,10.114420552654128,0.5,15
modern,NDX,15,garch_price,2026-09-10,57.548337001162736,6.32326253125749,0.9347826086956522,30.813094514892228,34.73738947570405,4.837671735309851,0.5,46
modern,NDX,15,garch_price,2026-09-11,111.08990119491337,7.228869631548364,0.9117647058823529,31.058632717815364,38.14600674488271,5.391065133640264,0.5,34
modern,NDX,15,garch_price,2026-09-14,164.58159712387774,9.231262530451144,0.8032786885245902,31.663118316592808,44.849101228983784,6.652259202751834,0.5,61
modern,NDX,15,garch_price,2026-09-15,26.66577066342121,4.262317604926383,1.0,22.860073395834398,22.860073395834398,3.2322430201993853,0.5,11
modern,NDX,15,garch_price,2026-09-16,375.4230541044352,12.96185055371631,0.7333333333333333,33.985216438026086,60.023521244727974,9.365561738310385,0.5,60
modern,NDX,15,garch_price,2026-09-18,40.3386038226682,4.856907250030296,0.9,22.215091587799012,26.677641598461264,3.6881186740911858,0.5,60
modern,NDX,15,garch_price,2026-09-21,28.540800665690202,5.342359091795515,1.0,27.92514867647595,27.92514867647595,3.570746025957088,0.5,1
modern,NDX,15,garch_price,2026-09-22,44.25355151355125,5.222219961655036,0.9473684210526315,25.13319791394028,26.843734151254175,3.958075460280827,0.5,57
modern,NDX,15,garch_price,2026-09-23,71.42480497886812,6.568097923650445,0.8444444444444444,28.405919723113957,33.789654811799245,4.871234674369051,0.5,45
modern,NDX,15,garch_price,2026-09-24,274.73635153397817,12.137536828995389,0.819672131147541,42.00730364403975,61.302626521456055,8.938727677266902,0.5,61
modern,NDX,15,garch_price,2026-09-25,173.43491336930117,9.004450019497423,0.8360655737704918,36.777826440488404,47.55055404646604,6.9331324605130895,0.5,61
modern,NDX,15,garch_price,2026-09-28,230.17354217577955,10.739282375294255,0.8421052631578947,41.441288946247774,57.04516697492851,8.245549785634719,0.5,57
modern,NDX,15,garch_price,2026-09-29,92.52835970731405,7.452275479567851,0.8852459016393442,30.928788470992625,37.03956838816887,5.533702614762779,0.5,61
modern,NDX,15,kalman_gex,2026-09-01,244.51224276267683,12.431016558478374,0.8444444444444444,46.363662836824766,54.767672200789455,8.896673264344152,0.4666666666666667,45
modern,NDX,15,kalman_gex,2026-09-04,69.14404330327649,7.464602980258126,1.0,48.53675737153813,48.53675737153813,5.85173318472421,0.75,16
modern,NDX,15,kalman_gex,2026-09-08,76.63919014468458,6.963124427889193,1.0,47.450791381258256,47.450791381258256,5.885225880439704,0.5135135135135135,37
modern,NDX,15,kalman_gex,2026-09-09,334.3745956075769,14.67018622695166,0.8,47.86797305236892,67.30170498481691,10.290437181051015,0.6,15
modern,NDX,15,kalman_gex,2026-09-10,119.07762722510672,9.25233994134034,0.9782608695652174,46.3426319306971,46.667121826518425,6.673686204039338,0.391304347826087,46
modern,NDX,15,kalman_gex,2026-09-11,144.60779865198646,8.446253991107927,0.9411764705882353,47.658418416779135,52.38348206857127,7.0533392546642855,0.47058823529411764,34
modern,NDX,15,kalman_gex,2026-09-14,177.78766529873332,10.30445292184279,0.9344262295081968,46.1052827061492,52.23287744593047,7.651213474574072,0.4262295081967213,61
modern,NDX,15,kalman_gex,2026-09-15,42.378338205530774,5.882997863065046,1.0,43.902667329381025,43.902667329381025,4.97814133257991,0.0,11
modern,NDX,15,kalman_gex,2026-09-16,359.26487187624605,13.09119518421147,0.7833333333333333,42.06366080756285,73.03205103085351,10.161199811341898,0.5166666666666667,60
modern,NDX,15,kalman_gex,2026-09-18,41.864132420185406,4.946187420008809,1.0,42.06366080756285,42.06366080756285,4.802824178338455,0.4666666666666667,60
modern,NDX,15,kalman_gex,2026-09-21,5.87661437391937,2.424172925745886,1.0,46.43708440619265,46.43708440619265,4.363183048621728,1.0,1
modern,NDX,15,kalman_gex,2026-09-22,50.01199400137667,5.576861251367007,1.0,42.09321099510224,42.09321099510224,5.003328693232864,0.43859649122807015,57
modern,NDX,15,kalman_gex,2026-09-23,80.78880391425558,6.812725679816006,0.9555555555555556,42.249483925452225,43.506956985320436,5.654617879949166,0.5777777777777777,45
modern,NDX,15,kalman_gex,2026-09-24,285.5693895884346,12.601172465826826,0.8852459016393442,42.054445839649745,60.28858814321495,9.082572775109776,0.39344262295081966,61
modern,NDX,15,kalman_gex,2026-09-25,221.72874868479536,10.058727025044911,0.8688524590163934,39.83808993459949,58.44357769627903,7.889297695895076,0.5737704918032787,61
modern,NDX,15,kalman_gex,2026-09-28,358.03594685094794,13.089230063134154,0.7368421052631579,39.872631609846906,70.38979243121123,9.981581686301496,0.43859649122807015,57
modern,NDX,15,kalman_gex,2026-09-29,103.4764290527648,7.8938819968938,0.9344262295081968,39.83808993459949,42.681629914883686,6.011313461510979,0.4918032786885246,61
modern,NDX,15,kalman_price,2026-09-01,233.08469073384006,12.131834398602445,0.8444444444444444,46.438810644268194,53.00753129139054,8.714180855698725,0.5333333333333333,45
modern,NDX,15,kalman_price,2026-09-04,82.97372012113121,8.258911473909015,1.0,48.98285399225006,48.98285399225006,6.158121230008739,0.75,16
modern,NDX,15,kalman_price,2026-09-08,75.79524370733218,7.101286087999277,1.0,47.76746579480981,47.76746579480981,5.894957800708042,0.4594594594594595,37
modern,NDX,15,kalman_price,2026-09-09,361.4200656366254,15.467243000468324,0.8,48.25638760965759,70.51130965092598,10.737471173265835,0.6,15
modern,NDX,15,kalman_price,2026-09-10,121.41733919871767,9.370010311147013,0.9782608695652174,46.410468836969336,46.53684813803941,6.716820374096974,0.41304347826086957,46
modern,NDX,15,kalman_price,2026-09-11,151.36822202236107,8.705950555262396,0.9411764705882353,48.018854761705654,53.28332034897145,7.178840658089975,0.4117647058823529,34
modern,NDX,15,kalman_price,2026-09-14,175.02639156895088,10.369042673649217,0.9344262295081968,46.081466769714446,50.94476848748529,7.622599405374094,0.47540983606557374,61
modern,NDX,15,kalman_price,2026-09-15,35.79915758506878,5.288985761914756,1.0,44.24788447465053,44.24788447465053,4.85551854828067,0.09090909090909091,11
modern,NDX,15,kalman_price,2026-09-16,382.80800900375107,13.675861258472862,0.7833333333333333,42.00353842067605,75.8077213845332,10.52944825041238,0.4666666666666667,60
modern,NDX,15,kalman_price,2026-09-18,42.24531610113582,5.160554905954599,1.0,42.00353842067605,42.00353842067605,4.809990721506692,0.5333333333333333,60
modern,NDX,15,kalman_price,2026-09-21,0.5907593925922651,0.7686087383007463,1.0,46.94877712107452,46.94877712107452,4.293493599170268,1.0,1
modern,NDX,15,kalman_price,2026-09-22,46.46081395940082,5.4224270149208476,1.0,42.04484410682477,42.04484410682477,4.917736109565208,0.5087719298245614,57
modern,NDX,15,kalman_price,2026-09-23,83.48452069039952,7.042841313811225,0.9555555555555556,42.25965590469281,43.576173302696105,5.713223175844425,0.4444444444444444,45
modern,NDX,15,kalman_price,2026-09-24,305.4562606448479,12.896002499906487,0.819672131147541,41.99061710786586,62.78397222593322,9.397209968698979,0.4426229508196721,61
modern,NDX,15,kalman_price,2026-09-25,240.941675031204,10.635883041210807,0.8524590163934426,39.59723796084469,59.665278047513326,8.19618889925004,0.4262295081967213,61
modern,NDX,15,kalman_price,2026-09-28,375.709240566491,13.316671510585813,0.7368421052631579,39.655312517346886,72.51791991639449,10.20782311182867,0.40350877192982454,57
modern,NDX,15,kalman_price,2026-09-29,114.5163416110027,8.378340194662,0.9344262295081968,39.59723796084469,42.82586083007692,6.240927058861037,0.45901639344262296,61
modern,NDX,15,markov_gex,2026-09-01,174.22036200141517,10.766947188723732,0.6888888888888889,30.78090935574145,50.68593615574405,7.705395412102583,0.6666666666666666,45
modern,NDX,15,markov_gex,2026-09-04,54.172966180965666,5.837327113676608,0.9375,32.03615557877697,32.60068877306047,4.623089679653037,0.625,16
modern,NDX,15,markov_gex,2026-09-08,65.5153279517679,5.943514010974451,0.8918918918918919,27.58477904915653,35.573564775013736,4.701012464007019,0.5945945945945946,37
modern,NDX,15,markov_gex,2026-09-09,310.9286191410855,13.266309788563245,0.8666666666666667,49.963604398436885,65.03149707922479,9.79210595687867,0.4666666666666667,15
modern,NDX,15,markov_gex,2026-09-10,54.789521613752505,6.086400566918285,0.9130434782608695,29.143791119948975,33.26974837383555,4.614775517478812,0.6304347826086957,46
modern,NDX,15,markov_gex,2026-09-11,113.84907371049263,7.266097603083823,0.9411764705882353,35.68048460807166,39.75619634894928,5.559964431085443,0.4411764705882353,34
modern,NDX,15,markov_gex,2026-09-14,172.95553104205524,9.250641335576805,0.9016393442622951,37.75844231099178,45.01322900934839,6.760565623014292,0.5081967213114754,61
modern,NDX,15,markov_gex,2026-09-15,24.46261257016693,3.9777471511917883,1.0,22.275111287782885,22.275111287782885,3.09786491145698,0.7272727272727273,11
modern,NDX,15,markov_gex,2026-09-16,370.2203013767308,12.777715237982092,0.6666666666666666,28.122523992377157,66.89612499918118,9.652831291177002,0.5666666666666667,60
modern,NDX,15,markov_gex,2026-09-18,44.331530557927074,5.095644834647217,0.9333333333333333,22.25594630016504,25.743096514359703,3.7871856021847483,0.4166666666666667,60
modern,NDX,15,markov_gex,2026-09-21,41.550787878845796,6.445990061956797,1.0,24.35752559559629,24.35752559559629,3.901216717106665,0.0,1
modern,NDX,15,markov_gex,2026-09-22,49.74012030686003,5.64793689107115,0.9122807017543859,24.842665321050042,26.879196283018697,4.175008148770961,0.3684210526315789,57
modern,NDX,15,markov_gex,2026-09-23,71.24586194457495,6.45173530497074,0.8444444444444444,24.071781596228472,33.46757902648041,4.8182293830156695,0.5555555555555556,45
modern,NDX,15,markov_gex,2026-09-24,275.43090404174666,12.165304874063336,0.8360655737704918,41.205098344158635,60.628977409874985,8.85886712417887,0.5573770491803278,61
modern,NDX,15,markov_gex,2026-09-25,173.4025938955472,8.864808101371692,0.8360655737704918,36.11356710415626,45.41970912596489,6.78691529560877,0.6065573770491803,61
modern,NDX,15,markov_gex,2026-09-28,229.19387227675173,10.679173081274467,0.8070175438596491,36.49122604387307,53.673838279882176,7.981747550053163,0.43859649122807015,57
modern,NDX,15,markov_gex,2026-09-29,90.47186980092233,7.384257773743326,0.8852459016393442,31.79083223977965,38.03493446278471,5.595220565918681,0.5081967213114754,61
modern,NDX,15,markov_price,2026-09-01,175.32674476131172,10.826371968545454,0.6888888888888889,30.474569118992264,51.085372154635365,7.749236015511181,0.6666666666666666,45
modern,NDX,15,markov_price,2026-09-04,53.20263722693295,5.776206639795642,0.9375,31.78274210264141,32.25872538959345,4.581190059156092,0.6875,16
modern,NDX,15,markov_price,2026-09-08,65.93872166234982,5.913961811673952,0.8918918918918919,27.60735530307714,35.65499667493912,4.706879447200262,0.6216216216216216,37
modern,NDX,15,markov_price,2026-09-09,309.3150334263112,13.234446973799477,0.8666666666666667,49.9962257887851,64.92111419662805,9.769386585934601,0.4666666666666667,15
modern,NDX,15,markov_price,2026-09-10,55.07408501566127,6.1311720994218195,0.9130434782608695,29.21227147775271,33.208926403066876,4.635849258326868,0.6521739130434783,46
modern,NDX,15,markov_price,2026-09-11,114.03298589984703,7.248153978207776,0.9411764705882353,35.7419111666998,39.79136091486095,5.563373038843636,0.47058823529411764,34
modern,NDX,15,markov_price,2026-09-14,172.18482398014757,9.248289994161228,0.9016393442622951,37.813839426313905,44.98016494242728,6.755820584672765,0.5081967213114754,61
modern,NDX,15,markov_price,2026-09-15,23.816971637764087,3.9146654644115175,1.0,22.231873656760513,22.231873656760513,3.069211794625993,0.7272727272727273,11
modern,NDX,15,markov_price,2026-09-16,371.7741979032137,12.825224506824064,0.6833333333333333,28.108311503177898,67.03865112257228,9.677976715458573,0.5333333333333333,60
modern,NDX,15,markov_price,2026-09-18,43.541973159140134,5.044552458048348,0.9166666666666666,22.212727810914373,25.614031476754324,3.757946346837919,0.4166666666666667,60
modern,NDX,15,markov_price,2026-09-21,35.32919386190358,5.943836628130318,1.0,24.21069446474177,24.21069446474177,3.652212236636706,0.0,1
modern,NDX,15,markov_price,2026-09-22,47.180216241872536,5.4442206742724855,0.9122807017543859,24.80908692886343,26.467353591340363,4.0772225563826465,0.38596491228070173,57
modern,NDX,15,markov_price,2026-09-23,71.3319134861353,6.457333616662688,0.8444444444444444,24.064886448782257,33.496229749899385,4.82205458227786,0.5555555555555556,45
modern,NDX,15,markov_price,2026-09-24,275.78220233205786,12.163393936108305,0.8360655737704918,41.22262999672052,60.63912603558968,8.86401985687776,0.5409836065573771,61
modern,NDX,15,markov_price,2026-09-25,173.4042699403941,8.865744567211642,0.8360655737704918,36.10952724987514,45.42449829639512,6.787214313412276,0.6065573770491803,61
modern,NDX,15,markov_price,2026-09-28,229.2652258322903,10.680540707391627,0.8070175438596491,36.486395491768114,53.68243850614971,7.982478293925413,0.45614035087719296,57
modern,NDX,15,markov_price,2026-09-29,90.49757675168524,7.3849630512416775,0.8852459016393442,31.799078318794695,38.04009481019329,5.59605883855898,0.5081967213114754,61
modern,NDX,15,momentum,2026-09-01,223.89894060086962,12.400658878160472,0.7777777777777778,33.85620444723604,52.04394092270972,8.45853121096743,0.5333333333333333,45
modern,NDX,15,momentum,2026-09-04,74.19090966883483,7.081092263266462,1.0,38.8179868752666,38.8179868752666,5.35550804608659,0.6875,16
modern,NDX,15,momentum,2026-09-08,91.25745549766563,7.594291894032378,0.8918918918918919,36.523251568793526,39.77740759437713,5.638522155478213,0.6486486486486487,37
modern,NDX,15,momentum,2026-09-09,457.80432366218537,16.26186374585421,0.8,50.76908481154582,82.80360276392008,11.889636002740401,0.6,15
modern,NDX,15,momentum,2026-09-10,96.26903254033233,7.903416323252846,0.8913043478260869,37.77532175595969,40.91349425984045,5.854582971834286,0.5217391304347826,46
modern,NDX,15,momentum,2026-09-11,218.40309574622026,10.215295299185144,0.8823529411764706,38.153878647222925,50.519385154157455,7.5981342896302655,0.47058823529411764,34
modern,NDX,15,momentum,2026-09-14,261.6360553488176,11.992592863324491,0.8032786885245902,36.61417228523309,53.670891877674556,8.536092633181156,0.5901639344262295,61
modern,NDX,15,momentum,2026-09-15,58.68225384250158,6.720926397876678,1.0,30.85430047186765,30.85430047186765,4.693434364265905,0.45454545454545453,11
modern,NDX,15,momentum,2026-09-16,487.41443966651025,15.343356412272492,0.6333333333333333,33.40246526318645,79.06927189411267,11.435702007890352,0.5166666666666667,60
modern,NDX,15,momentum,2026-09-18,69.43560426387674,6.520167731009618,0.85,24.022248801740965,30.71169909011127,4.690569627110966,0.5,60
modern,NDX,15,momentum,2026-09-21,16.028606832159806,4.003574257105743,1.0,35.413262258796046,35.413262258796046,3.6884622605349353,1.0,1
modern,NDX,15,momentum,2026-09-22,77.49591231273402,6.965778767722165,0.8421052631578947,27.743645313616923,31.64755171841067,5.034460670370093,0.47368421052631576,57
modern,NDX,15,momentum,2026-09-23,134.9966068401132,10.090758199600245,0.8222222222222222,31.46541178398398,36.854984746305725,6.6891400974108866,0.37777777777777777,45
modern,NDX,15,momentum,2026-09-24,423.8431667357045,15.617279469238783,0.8360655737704918,44.69164130860199,71.9546020238795,11.212414968910913,0.47540983606557374,61
modern,NDX,15,momentum,2026-09-25,384.8802231639379,14.561436784554877,0.7704918032786885,41.31292937866555,68.46085611875604,10.498617627342087,0.32786885245901637,61
modern,NDX,15,momentum,2026-09-28,583.3479552209336,17.204195142682728,0.7368421052631579,45.05393256839556,89.73322509658202,12.956614749283936,0.47368421052631576,57
modern,NDX,15,momentum,2026-09-29,162.4475466710208,10.202676877759846,0.8032786885245902,32.13197960622836,44.9497662274216,7.128891951138395,0.4918032786885246,61
modern,NDX,15,ou_gex,2026-09-01,179.24845309758783,10.996850105710113,0.8888888888888888,45.284081721773,47.479689170266155,7.801884960854349,0.5111111111111111,45
modern,NDX,15,ou_gex,2026-09-04,62.71139725271375,6.210385993837776,1.0,45.284081721773,45.284081721773,5.469603326996233,0.25,16
modern,NDX,15,ou_gex,2026-09-08,66.36846849648252,6.089599811313983,1.0,45.284081721773,45.284081721773,5.531755305886775,0.5135135135135135,37
modern,NDX,15,ou_gex,2026-09-09,322.4865432381803,13.220008807263516,0.8666666666666667,45.284081721773,64.54663664024733,9.854610857548828,0.2,15
modern,NDX,15,ou_gex,2026-09-10,57.58491265133997,6.323284124944694,1.0,45.284081721773006,45.284081721773006,5.375834623009269,0.4782608695652174,46
modern,NDX,15,ou_gex,2026-09-11,110.52105834209861,7.216361458734826,0.9411764705882353,45.284081721773,50.56756996395755,6.308528111550127,0.5,34
modern,NDX,15,ou_gex,2026-09-14,163.94651407048954,9.189197799866047,0.9016393442622951,45.284081721773,53.52104573028743,7.2684187609449715,0.5573770491803278,61
modern,NDX,15,ou_gex,2026-09-15,26.66577066342121,4.262317604926383,1.0,41.1227101185461,41.1227101185461,4.400234160794582,0.5,11
modern,NDX,15,ou_gex,2026-09-16,375.4230541044352,12.96185055371631,0.7666666666666667,41.1227101185461,73.92309471978005,10.160043418987994,0.5,60
modern,NDX,15,ou_gex,2026-09-18,40.3386038226682,4.856907250030296,1.0,41.1227101185461,41.1227101185461,4.707067872938574,0.5,60
modern,NDX,15,ou_gex,2026-09-21,28.540800665690202,5.342359091795515,1.0,41.1227101185461,41.1227101185461,4.4526196547668695,0.5,1
modern,NDX,15,ou_gex,2026-09-22,44.25355151355125,5.222219961655036,1.0,41.1227101185461,41.1227101185461,4.811477298101768,0.5,57
modern,NDX,15,ou_gex,2026-09-23,71.42480497886812,6.568097923650445,0.9777777777777777,41.1227101185461,41.527640481931556,5.402173279985596,0.5,45
modern,NDX,15,ou_gex,2026-09-24,274.73635153397817,12.137536828995389,0.8852459016393442,41.1227101185461,60.70087003635895,8.821016904604267,0.5,61
modern,NDX,15,ou_gex,2026-09-25,173.43491336930117,9.004450019497423,0.8524590163934426,38.75787437330601,51.447124114815296,7.154604004639762,0.5,61
modern,NDX,15,ou_gex,2026-09-28,230.17354217577955,10.739282375294255,0.8245614035087719,38.75787437330601,56.3371179739516,8.147573623944924,0.5,57
modern,NDX,15,ou_gex,2026-09-29,92.52835970731405,7.452275479567851,0.9344262295081968,38.75787437330601,41.22263434191598,5.749007157800917,0.5,61
modern,NDX,15,ou_price,2026-09-01,180.11380511569263,10.996702413742366,0.8888888888888888,44.772136165632396,47.79162494944426,7.798287506321724,0.4666666666666667,45
modern,NDX,15,ou_price,2026-09-04,62.90663491434974,6.258189281427846,1.0,44.772136165632396,44.772136165632396,5.4405560067337575,0.3125,16
modern,NDX,15,ou_price,2026-09-08,66.16728594470439,6.1052046164075335,1.0,44.772136165632396,44.772136165632396,5.495035206756553,0.40540540540540543,37
modern,NDX,15,ou_price,2026-09-09,318.2454932376684,13.304176136874464,0.8666666666666667,44.772136165632396,64.51941725975077,9.788713252360768,0.3333333333333333,15
modern,NDX,15,ou_price,2026-09-10,57.840605652475915,6.376994739169623,1.0,44.772136165632396,44.772136165632396,5.349649469235602,0.391304347826087,46
modern,NDX,15,ou_price,2026-09-11,110.25799493943424,7.14139637716755,0.9411764705882353,44.772136165632396,50.02001403968981,6.2807321281276804,0.5882352941176471,34
modern,NDX,15,ou_price,2026-09-14,165.8693201665689,9.249409891264865,0.8688524590163934,44.772136165632396,53.39334362261056,7.274568646369528,0.4426229508196721,61
modern,NDX,15,ou_price,2026-09-15,26.23442671503526,4.171805420917772,1.0,40.51129058187176,40.51129058187176,4.3432057340408585,0.6363636363636364,11
modern,NDX,15,ou_price,2026-09-16,379.972223884645,13.007863884895043,0.7666666666666667,40.51129058187176,74.60159391731695,10.189697299759578,0.45,60
modern,NDX,15,ou_price,2026-09-18,40.32832204790937,4.859759396832502,0.9833333333333333,40.51129058187176,40.53962533070383,4.664073947208263,0.48333333333333334,60
modern,NDX,15,ou_price,2026-09-21,30.157727664209816,5.491605199229986,1.0,40.51129058187176,40.51129058187176,4.447314547280605,0.0,1
modern,NDX,15,ou_price,2026-09-22,43.966135347944835,5.193884446308397,1.0,40.51129058187176,40.51129058187176,4.764094431617965,0.543859649122807,57
modern,NDX,15,ou_price,2026-09-23,71.1059164120066,6.527866380614537,0.9777777777777777,40.51129058187176,40.99572143367878,5.359809329688297,0.6222222222222222,45
modern,NDX,15,ou_price,2026-09-24,277.08823495315346,12.21667520226787,0.8852459016393442,40.51129058187176,60.59866691352981,8.867585019967265,0.4918032786885246,61
modern,NDX,15,ou_price,2026-09-25,171.4933467391771,8.921908333756782,0.8524590163934426,38.396329212594146,51.33968878591031,7.104949547142524,0.6885245901639344,61
modern,NDX,15,ou_price,2026-09-28,226.69288168360944,10.673803224587417,0.8245614035087719,38.396329212594146,55.862150945548095,8.077665386278557,0.5087719298245614,57
modern,NDX,15,ou_price,2026-09-29,92.17094963721219,7.433321270700812,0.9344262295081968,38.396329212594146,41.00024260054424,5.724249333091709,0.5409836065573771,61
modern,NDX,15,random_walk,2026-09-01,177.8970641714374,10.973792215253667,0.7555555555555555,33.85620444723604,46.78185784962216,7.669967678176288,0.5,45
modern,NDX,15,random_walk,2026-09-04,60.262685549124605,6.06412611817268,1.0,38.8179868752666,38.8179868752666,4.996986225868375,0.5,16
modern,NDX,15,random_walk,2026-09-08,65.0618193731192,6.050272710846715,0.918918918918919,36.523251568793526,39.233539150460615,5.019777345423088,0.5,37
modern,NDX,15,random_walk,2026-09-09,317.515095392608,13.123872942302842,0.8666666666666667,50.76908481154582,68.67596323330697,9.973708434373117,0.5,15
modern,NDX,15,random_walk,2026-09-10,57.548337001162736,6.32326253125749,0.9782608695652174,37.77532175595969,38.940517540644564,5.012809815795012,0.5,46
modern,NDX,15,random_walk,2026-09-11,111.08990119491337,7.228869631548364,0.9411764705882353,38.153878647222925,43.70694379279592,5.771440970128369,0.5,34
modern,NDX,15,random_walk,2026-09-14,164.58159712387774,9.231262530451144,0.8688524590163934,36.61417228523309,46.31367562616152,6.773740325731129,0.5,61
modern,NDX,15,random_walk,2026-09-15,26.66577066342121,4.262317604926383,1.0,30.85430047186765,30.85430047186765,3.691958243441404,0.5,11
modern,NDX,15,random_walk,2026-09-16,375.4230541044352,12.96185055371631,0.7333333333333333,33.40246526318645,66.72495890428755,9.704174529753647,0.5,60
modern,NDX,15,random_walk,2026-09-18,40.3386038226682,4.856907250030296,0.95,24.022248801740965,28.08226567401508,3.7631213288672076,0.5,60
modern,NDX,15,random_walk,2026-09-21,28.540800665690202,5.342359091795515,1.0,35.413262258796046,35.413262258796046,4.042837452190298,0.5,1
modern,NDX,15,random_walk,2026-09-22,44.25355151355125,5.222219961655036,0.9473684210526315,27.743645313616923,29.17400264908006,4.085658717598869,0.5,57
modern,NDX,15,random_walk,2026-09-23,71.42480497886812,6.568097923650445,0.8888888888888888,31.46541178398398,34.66175409081254,4.952159446592106,0.5,45
modern,NDX,15,random_walk,2026-09-24,274.73635153397817,12.137536828995389,0.9016393442622951,44.69164130860199,62.58373890905795,8.947108846685557,0.5,61
modern,NDX,15,random_walk,2026-09-25,173.43491336930117,9.004450019497423,0.9180327868852459,41.31292937866555,50.014981581255796,7.107757603090427,0.5,61
modern,NDX,15,random_walk,2026-09-28,230.17354217577955,10.739282375294255,0.8596491228070176,45.05393256839556,58.36403252307623,8.339365870813745,0.5,57
modern,NDX,15,random_walk,2026-09-29,92.52835970731405,7.452275479567851,0.9016393442622951,32.13197960622836,37.33341341933847,5.5260741581822685,0.5,61
modern,NDX,20,garch_gex,2026-09-01,268.18282996279675,13.33981163857841,0.7111111111111111,40.66950208510999,60.2002970112452,9.487314137381398,0.5,45
modern,NDX,20,garch_gex,2026-09-04,87.12550055472241,7.623035139588865,1.0,35.91670813169958,35.91670813169958,5.571189399473663,0.5,16
modern,NDX,20,garch_gex,2026-09-08,92.36033129207559,7.535984140594657,0.8378378378378378,32.59423138263488,38.29960339845289,5.665568432523486,0.5,37
modern,NDX,20,garch_gex,2026-09-09,443.2454069555477,17.162096319205013,0.7333333333333333,55.20534557926914,85.98649200842026,12.470924507718584,0.5,15
modern,NDX,20,garch_gex,2026-09-10,79.95496500487805,7.263341666625701,0.9565217391304348,42.3806202811021,44.29683025028441,5.8473509667227015,0.5,46
modern,NDX,20,garch_gex,2026-09-11,138.99091747498534,8.144215211211463,0.8529411764705882,33.465678932328196,42.441380526445876,6.075622054739961,0.5,34
modern,NDX,20,garch_gex,2026-09-14,218.65134886343697,10.751566231229292,0.9016393442622951,39.664384608807985,51.00722085586227,7.749608749548454,0.5,61
modern,NDX,20,garch_gex,2026-09-15,36.176001485566125,4.411779485960406,0.9090909090909091,29.90661221980837,30.250732454936518,3.8919755474410236,0.5,11
modern,NDX,20,garch_gex,2026-09-16,526.1517948592032,15.65111170403931,0.7333333333333333,37.72825267487744,72.82088112034279,11.191228918890491,0.5,60
modern,NDX,20,garch_gex,2026-09-18,54.31905099238324,5.784054499900231,0.9166666666666666,25.249115834865346,30.654902736192064,4.27867664516167,0.5,60
modern,NDX,20,garch_gex,2026-09-21,52.99808315066331,7.279978238337208,1.0,30.262988940520255,30.262988940520255,4.495338329460654,0.5,1
modern,NDX,20,garch_gex,2026-09-22,56.32524518927675,6.036569482660924,0.8596491228070176,26.40387311493694,29.419026334737683,4.471010882164451,0.5,57
modern,NDX,20,garch_gex,2026-09-23,86.60598093115946,6.856073335341191,0.9111111111111111,33.14321873305735,38.25206879580818,5.389692475091577,0.5,45
modern,NDX,20,garch_gex,2026-09-24,328.07364626491955,13.481158470368293,0.8524590163934426,46.96965722436838,68.03054175411025,9.835257318561887,0.5,61
modern,NDX,20,garch_gex,2026-09-25,220.03420629426654,10.344452518158922,0.8688524590163934,40.93930894570151,53.07808909604336,7.691959091670052,0.5,61
modern,NDX,20,garch_gex,2026-09-28,269.4785596639256,11.60803303996248,0.8596491228070176,48.234702377641,62.92034655848745,9.040658903274869,0.5,57
modern,NDX,20,garch_gex,2026-09-29,111.25799826640129,8.289881982627328,0.9016393442622951,35.356551106177555,40.73621369582017,6.153555874289049,0.5,61
modern,NDX,20,garch_price,2026-09-01,268.18282996279675,13.33981163857841,0.6666666666666666,34.173560456448406,64.32778398043371,9.639745259413017,0.5,45
modern,NDX,20,garch_price,2026-09-04,87.12550055472241,7.623035139588865,1.0,37.67380037491365,37.67380037491365,5.653601180601476,0.5,16
modern,NDX,20,garch_price,2026-09-08,92.36033129207559,7.535984140594657,0.8918918918918919,34.79188588524199,39.7225441339304,5.760276773238643,0.5,37
modern,NDX,20,garch_price,2026-09-09,443.2454069555477,17.162096319205013,0.7333333333333333,60.26060118521209,86.0981630170293,12.528577674362515,0.5,15
modern,NDX,20,garch_price,2026-09-10,79.95496500487805,7.263341666625701,0.8913043478260869,35.61234825273583,40.6529160012349,5.733329722092635,0.5,46
modern,NDX,20,garch_price,2026-09-11,138.99091747498534,8.144215211211463,0.8529411764705882,35.89065671280193,42.50984509635548,6.127177002160558,0.5,34
modern,NDX,20,garch_price,2026-09-14,218.65134886343697,10.751566231229292,0.8360655737704918,36.59215213608186,49.74141545395079,7.665429386898255,0.5,61
modern,NDX,20,garch_price,2026-09-15,36.176001485566125,4.411779485960406,0.9090909090909091,26.588362210559463,28.57793601962335,3.7182944617861295,0.5,11
modern,NDX,20,garch_price,2026-09-16,526.1517948592032,15.65111170403931,0.75,39.2678026745289,71.75045302274285,11.133108786693526,0.5,60
modern,NDX,20,garch_price,2026-09-18,54.31905099238324,5.784054499900231,0.9333333333333333,25.87292627011778,30.92311798029599,4.301615243235748,0.5,60
modern,NDX,20,garch_price,2026-09-21,52.99808315066331,7.279978238337208,1.0,32.32767881371764,32.32767881371764,4.578831753052173,0.5,1
modern,NDX,20,garch_price,2026-09-22,56.32524518927675,6.036569482660924,0.9122807017543859,29.171887854484545,30.64968748935735,4.545997365509536,0.5,57
modern,NDX,20,garch_price,2026-09-23,86.60598093115946,6.856073335341191,0.9111111111111111,32.88200911608729,38.23521100413351,5.386668641919376,0.5,45
modern,NDX,20,garch_price,2026-09-24,328.07364626491955,13.481158470368293,0.8524590163934426,48.38609834172348,69.30980534895072,9.886572216328343,0.5,61
modern,NDX,20,garch_price,2026-09-25,220.03420629426654,10.344452518158922,0.8852459016393442,42.490315644234755,53.82131394244454,7.740289113848898,0.5,61
modern,NDX,20,garch_price,2026-09-28,269.4785596639256,11.60803303996248,0.8596491228070176,47.79376233351973,63.15211573723497,9.056034694225435,0.5,57
modern,NDX,20,garch_price,2026-09-29,111.25799826640129,8.289881982627328,0.9016393442622951,35.82027773545139,41.06886481357018,6.175518575716641,0.5,61
modern,NDX,20,kalman_gex,2026-09-01,383.2583114531687,15.035176091349179,0.8222222222222222,54.64672972468089,71.28827322444664,10.980282364657327,0.5555555555555556,45
modern,NDX,20,kalman_gex,2026-09-04,120.79257929189586,9.903958852400713,1.0,57.85146942176447,57.85146942176447,7.364334403283223,0.75,16
modern,NDX,20,kalman_gex,2026-09-08,108.81195857437868,8.42008274653457,1.0,56.2533563830596,56.2533563830596,7.002679795059009,0.5135135135135135,37
modern,NDX,20,kalman_gex,2026-09-09,488.2108789000445,19.63889071972973,0.8,56.86955057159579,68.11032855502732,12.928566879705757,0.4666666666666667,15
modern,NDX,20,kalman_gex,2026-09-10,189.10712791839646,11.977468180621674,0.9782608695652174,54.61559356071025,55.03263730945924,8.26493078091833,0.34782608695652173,46
modern,NDX,20,kalman_gex,2026-09-11,203.62919385282748,9.63395553720791,0.9411764705882353,56.56052601517541,60.054468450650404,8.405674555395152,0.5294117647058824,34
modern,NDX,20,kalman_gex,2026-09-14,238.9428398532371,12.337389008379779,0.9344262295081968,54.26414373794651,61.27189898689049,8.887135759819182,0.3770491803278688,61
modern,NDX,20,kalman_gex,2026-09-15,60.432726867260044,6.461574670244622,1.0,52.40520144314439,52.40520144314439,5.923499119401962,0.18181818181818182,11
modern,NDX,20,kalman_gex,2026-09-16,508.10359432158674,15.913546062344937,0.7666666666666667,49.69643893581109,87.14200696251554,12.254456378234037,0.5166666666666667,60
modern,NDX,20,kalman_gex,2026-09-18,57.80595957506015,5.95793113153204,1.0,49.69643893581109,49.69643893581109,5.663922655966069,0.43333333333333335,60
modern,NDX,20,kalman_gex,2026-09-21,12.045917343177274,3.4707228848148155,1.0,56.10366130121169,56.10366130121169,5.334426776045828,1.0,1
modern,NDX,20,kalman_gex,2026-09-22,67.60446728914403,6.599526479192579,1.0,49.74005384709606,49.74005384709606,5.878002365713322,0.38596491228070173,57
modern,NDX,20,kalman_gex,2026-09-23,104.03728029415828,7.4309722986566875,0.9555555555555556,49.97069262758991,50.68882008831707,6.5315734577603255,0.5555555555555556,45
modern,NDX,20,kalman_gex,2026-09-24,354.01609061573964,14.158917628126446,0.8524590163934426,49.68283789308391,66.34314544754726,10.366448028213552,0.4098360655737705,61
modern,NDX,20,kalman_gex,2026-09-25,311.2180540116186,11.684754686279957,0.8852459016393442,47.13857602589063,69.88104458326266,9.277258753086874,0.5245901639344263,61
modern,NDX,20,kalman_gex,2026-09-28,478.1600479545293,15.097165808051088,0.8245614035087719,47.18952784266803,80.97712978304197,11.483373026745616,0.40350877192982454,57
modern,NDX,20,kalman_gex,2026-09-29,130.4801001632225,9.073957328658086,0.9672131147540983,47.13857602589063,49.04950180235569,6.868472772535746,0.4262295081967213,61
modern,NDX,20,kalman_price,2026-09-01,362.39469169405555,14.74876465083954,0.8222222222222222,54.501837152711325,68.98468781892261,10.719178616553393,0.5555555555555556,45
modern,NDX,20,kalman_price,2026-09-04,146.10792632977626,10.95557180559031,1.0,58.272798320691706,58.272798320691706,7.812506092539276,0.75,16
modern,NDX,20,kalman_price,2026-09-08,104.43836327337017,8.608964955114587,1.0,56.47642669645022,56.47642669645022,6.951605624719516,0.43243243243243246,37
modern,NDX,20,kalman_price,2026-09-09,533.7622254598111,21.001906736896856,0.7333333333333333,57.202161649106685,70.01277802549774,13.619313936921108,0.4666666666666667,15
modern,NDX,20,kalman_price,2026-09-10,191.92359989353088,11.95869586664735,1.0,54.459594777729606,54.459594777729606,8.296085683809027,0.3695652173913043,46
modern,NDX,20,kalman_price,2026-09-11,214.44495793947755,10.169262785076574,0.8823529411764706,56.85032001118401,60.80290911128759,8.57797501506182,0.4117647058823529,34
modern,NDX,20,kalman_price,2026-09-14,237.90377053052728,12.462620808006216,0.9344262295081968,53.969005138417316,60.13182797219764,8.878486490310125,0.4262295081967213,61
modern,NDX,20,kalman_price,2026-09-15,50.749200043747116,5.673649643991393,1.0,52.68919492089385,52.68919492089385,5.763485873377696,0.2727272727272727,11
modern,NDX,20,kalman_price,2026-09-16,553.8536070421559,16.66386886756738,0.7333333333333333,49.36475148930994,93.18261206354049,12.858385824971457,0.45,60
modern,NDX,20,kalman_price,2026-09-18,56.6320506536505,6.079894765183156,1.0,49.36475148930994,49.36475148930994,5.618124705336774,0.5166666666666667,60
modern,NDX,20,kalman_price,2026-09-21,1.6422274386403974,1.2814942210717915,1.0,56.64430499672194,56.64430499672194,5.194270811887121,1.0,1
modern,NDX,20,kalman_price,2026-09-22,60.631711064405785,6.303778319893889,1.0,49.426145975540734,49.426145975540734,5.719643361375732,0.543859649122807,57
modern,NDX,20,kalman_price,2026-09-23,107.1453866018774,7.404899557778812,0.9555555555555556,49.745361965834846,51.0491724522028,6.56341894977029,0.5333333333333333,45
modern,NDX,20,kalman_price,2026-09-24,385.38975073003695,14.861071081012641,0.8032786885245902,49.34554526310481,70.11151692849369,10.796979389607749,0.47540983606557374,61
modern,NDX,20,kalman_price,2026-09-25,343.0569430910545,12.523358982783657,0.8852459016393442,46.4698291134091,71.38439994823955,9.686495543465082,0.36065573770491804,61
modern,NDX,20,kalman_price,2026-09-28,507.537514151452,15.56597922491531,0.8421052631578947,46.55641718149458,82.5758399384172,11.791746722555459,0.3684210526315789,57
modern,NDX,20,kalman_price,2026-09-29,149.12252424151836,9.784287000681552,0.9344262295081968,46.4698291134091,49.139536247899386,7.184010923243111,0.4262295081967213,61
modern,NDX,20,markov_gex,2026-09-01,259.4036784232213,12.838091345535192,0.6888888888888889,35.29612778915829,62.78130974822646,9.352543248499504,0.7111111111111111,45
modern,NDX,20,markov_gex,2026-09-04,78.19155475847975,7.2841800883974495,1.0,36.731685869005226,36.731685869005226,5.564019184690325,0.6875,16
modern,NDX,20,markov_gex,2026-09-08,94.19282717293885,7.403248553861976,0.8378378378378378,31.640684337145153,39.66153996689673,5.671094645498931,0.6216216216216216,37
modern,NDX,20,markov_gex,2026-09-09,436.1344858773755,17.179391973784636,0.8,57.241317428693016,72.456731768225,11.963474654480331,0.4666666666666667,15
modern,NDX,20,markov_gex,2026-09-10,75.88152179543229,6.916127150345559,0.9130434782608695,33.42666918058808,38.628655429726976,5.442104988529665,0.6521739130434783,46
modern,NDX,20,markov_gex,2026-09-11,144.0312025394544,8.146959211894412,0.9411764705882353,40.903711027580925,42.68329847705892,6.296188685425191,0.5294117647058824,34
modern,NDX,20,markov_gex,2026-09-14,232.87089072056924,10.7869041896891,0.9344262295081968,43.280371515737855,51.53155030368014,7.830639119079959,0.5081967213114754,61
modern,NDX,20,markov_gex,2026-09-15,31.681330443242384,4.146340479413567,0.9090909090909091,25.584254365587928,26.554288723149025,3.495418920438087,0.7272727272727273,11
modern,NDX,20,markov_gex,2026-09-16,519.8655610165491,15.43696295432237,0.7166666666666667,32.240793088378936,79.91143374950634,11.501111994210657,0.5666666666666667,60
modern,NDX,20,markov_gex,2026-09-18,61.74642218967038,6.12326615639533,0.8833333333333333,25.562511747591884,30.36245826122222,4.459342100196463,0.38333333333333336,60
modern,NDX,20,markov_gex,2026-09-21,77.39872941947573,8.797654768145641,1.0,27.949155179340657,27.949155179340657,5.235815688465786,0.0,1
modern,NDX,20,markov_gex,2026-09-22,66.43947722315443,6.575854203497026,0.8421052631578947,28.50628204899848,31.700314703198924,4.855202652950338,0.3508771929824561,57
modern,NDX,20,markov_gex,2026-09-23,86.92129179341251,6.714007377536171,0.8222222222222222,27.627990696904604,37.64877147810597,5.2918544491080395,0.5555555555555556,45
modern,NDX,20,markov_gex,2026-09-24,337.77321146911794,13.633225875463749,0.8360655737704918,47.13349729596381,66.36130199688111,9.982532502565922,0.4918032786885246,61
modern,NDX,20,markov_gex,2026-09-25,218.32309085014276,10.232446060774791,0.9180327868852459,41.40515016533601,52.395090543953884,7.571992446982528,0.5573770491803278,61
modern,NDX,20,markov_gex,2026-09-28,269.3698726738914,11.553613537886259,0.8596491228070176,41.826466450197906,58.98561999197191,8.729243614073479,0.45614035087719296,57
modern,NDX,20,markov_gex,2026-09-29,109.94598904122064,8.221981441377999,0.8852459016393442,36.51698458689164,42.78461418997611,6.290088008151643,0.5573770491803278,61
modern,NDX,20,markov_price,2026-09-01,261.26774229755307,12.933175387737858,0.6888888888888889,34.9474051403081,63.402209602782676,9.4155966087534,0.7111111111111111,45
modern,NDX,20,markov_price,2026-09-04,76.69805783312012,7.203232379588109,1.0,36.443590625884305,36.443590625884305,5.511456323926179,0.6875,16
modern,NDX,20,markov_price,2026-09-08,95.03865214816217,7.377950177162071,0.8378378378378378,31.66792552397161,39.89797048973045,5.681746330358689,0.6216216216216216,37
modern,NDX,20,markov_price,2026-09-09,433.35390826500463,17.136686619920503,0.8,57.28170703488511,72.19924170562534,11.92675466720628,0.4666666666666667,15
modern,NDX,20,markov_price,2026-09-10,76.39665786877603,6.9607108764965,0.9130434782608695,33.50647600996102,38.545212822423856,5.471739486332923,0.6739130434782609,46
modern,NDX,20,markov_price,2026-09-11,144.4221994472772,8.117321402666015,0.9411764705882353,40.97595682062975,42.72145530005196,6.29873531293197,0.5294117647058824,34
modern,NDX,20,markov_price,2026-09-14,231.36935886924203,10.780306549845358,0.9344262295081968,43.34587627509561,51.50176569849465,7.819271880620969,0.5245901639344263,61
modern,NDX,20,markov_price,2026-09-15,30.49756918050056,4.068552130594235,0.9090909090909091,25.534748383627292,26.27339421438386,3.4529619482571277,0.7272727272727273,11
modern,NDX,20,markov_price,2026-09-16,522.7989170552853,15.506161590949766,0.7166666666666667,32.223667620546365,80.07948345600121,11.53838036058197,0.55,60
modern,NDX,20,markov_price,2026-09-18,60.24328466995356,6.07102619240593,0.8833333333333333,25.513030671300903,30.1174247159483,4.411984258347122,0.38333333333333336,60
modern,NDX,20,markov_price,2026-09-21,66.13320051342805,8.132232197461411,1.0,27.781651941447972,27.781651941447972,4.859068922136601,0.0,1
modern,NDX,20,markov_price,2026-09-22,61.75661126458583,6.342852466052842,0.8771929824561403,28.46747661704559,30.931025408566818,4.702869264076226,0.3508771929824561,57
modern,NDX,20,markov_price,2026-09-23,87.00579763621728,6.715011549395064,0.8222222222222222,27.619577683777585,37.68697569440656,5.295369602071266,0.5555555555555556,45
modern,NDX,20,markov_price,2026-09-24,338.318780148163,13.635601829620283,0.819672131147541,47.15101428723133,66.40009076306832,9.991036377024685,0.47540983606557374,61
modern,NDX,20,markov_price,2026-09-25,218.31639961671934,10.23370024441089,0.9180327868852459,41.40061111648183,52.388320870908764,7.572274480555718,0.5737704918032787,61
modern,NDX,20,markov_price,2026-09-28,269.48446458270405,11.556328832703764,0.8596491228070176,41.821014308145564,58.991156150859574,8.730216371457022,0.47368421052631576,57
modern,NDX,20,markov_price,2026-09-29,109.99054325367827,8.22341544331239,0.8852459016393442,36.526427066332445,42.79162066150311,6.291355895889847,0.5573770491803278,61
modern,NDX,20,momentum,2026-09-01,362.2690494917772,15.531851468114496,0.7333333333333333,39.093777502701464,65.85092634724805,10.835182965589746,0.4888888888888889,45
modern,NDX,20,momentum,2026-09-04,106.80665420950932,8.41941325616673,1.0,44.82315034366906,44.82315034366906,6.33425711623973,0.6875,16
modern,NDX,20,momentum,2026-09-08,113.84625198633253,8.329506464748652,0.918918918918919,42.17341824984672,45.26474116849816,6.33983446979161,0.7027027027027027,37
modern,NDX,20,momentum,2026-09-09,748.052005118153,22.068840808813533,0.6,58.62308956491383,102.03466324864164,15.885358305192186,0.6,15
modern,NDX,20,momentum,2026-09-10,137.75082857371214,9.700855371764527,0.9347826086956522,43.6191843690561,47.4076996791327,6.988152911706528,0.4782608695652174,46
modern,NDX,20,momentum,2026-09-11,300.07846884051713,11.920361809467641,0.8235294117647058,44.05630421520494,59.99131931314341,8.923844876579707,0.5294117647058824,34
modern,NDX,20,momentum,2026-09-14,362.42785775467786,14.405529609981972,0.7540983606557377,42.278404450069324,60.19694105665864,10.073130679018295,0.5081967213114754,61
modern,NDX,20,momentum,2026-09-15,77.45458173696444,7.300920535180103,1.0,35.62747736618077,35.62747736618077,5.360116363102529,0.6363636363636364,11
modern,NDX,20,momentum,2026-09-16,687.8594696452467,18.26444012387322,0.6666666666666666,38.569844622595646,93.77688826440352,13.504851883264132,0.48333333333333334,60
modern,NDX,20,momentum,2026-09-18,91.56669580082601,7.312221768055397,0.85,27.738503624450622,36.327797185685846,5.384005575787411,0.5833333333333334,60
modern,NDX,20,momentum,2026-09-21,32.038634525617816,5.660268061286304,1.0,40.89171299599742,40.89171299599742,4.521219317144167,1.0,1
modern,NDX,20,momentum,2026-09-22,110.93135418018183,8.3961792191793,0.8421052631578947,32.03560218023647,37.73447213414375,5.935796553419094,0.49122807017543857,57
modern,NDX,20,momentum,2026-09-23,169.57950703198117,10.75627443694433,0.7777777777777778,36.33312792729115,42.850677431452304,7.442567952216786,0.4444444444444444,45
modern,NDX,20,momentum,2026-09-24,455.45475915135063,16.191323070107263,0.819672131147541,51.60546228009511,76.23626988403826,11.743520511955028,0.5901639344262295,61
modern,NDX,20,momentum,2026-09-25,518.964418586834,16.992973688245712,0.7377049180327869,47.7040617955691,81.41895955562705,12.165806413873469,0.2786885245901639,61
modern,NDX,20,momentum,2026-09-28,749.4037063884728,18.93798674323796,0.7017543859649122,52.02380019282885,101.50409663891327,14.506905738534869,0.43859649122807015,57
modern,NDX,20,momentum,2026-09-29,214.96926486542804,12.037111734104297,0.819672131147541,37.10281415050302,50.36532251390001,8.316077231514232,0.39344262295081966,61
modern,NDX,20,ou_gex,2026-09-01,271.53583204911854,13.356382060144258,0.8222222222222222,52.16907621452958,58.062754532007176,9.493369103927984,0.5111111111111111,45
modern,NDX,20,ou_gex,2026-09-04,90.93503827596255,7.8173252929277695,1.0,52.169076214529575,52.169076214529575,6.463656168877073,0.25,16
modern,NDX,20,ou_gex,2026-09-08,94.98814220516567,7.6160742805041055,1.0,52.169076214529575,52.169076214529575,6.525901358287789,0.5135135135135135,37
modern,NDX,20,ou_gex,2026-09-09,451.746940715132,17.3209079285516,0.7333333333333333,52.169076214529575,74.93431733012181,12.170420368180368,0.2,15
modern,NDX,20,ou_gex,2026-09-10,80.34725461414624,7.2865903661965215,1.0,52.169076214529575,52.169076214529575,6.267102213739457,0.4782608695652174,46
modern,NDX,20,ou_gex,2026-09-11,138.06718890780988,8.154826655351515,0.9411764705882353,52.169076214529575,55.1998355126307,7.1899802317803765,0.4411764705882353,34
modern,NDX,20,ou_gex,2026-09-14,217.63768222133186,10.662224402356182,0.9344262295081968,52.169076214529575,61.1743198563739,8.39501085707677,0.6065573770491803,61
modern,NDX,20,ou_gex,2026-09-15,36.176001485566125,4.411779485960406,1.0,47.484415513499066,47.484415513499066,5.08381267438664,0.5,11
modern,NDX,20,ou_gex,2026-09-16,526.1517948592032,15.65111170403931,0.75,47.484415513499066,87.84548065031247,12.18345446770581,0.5,60
modern,NDX,20,ou_gex,2026-09-18,54.31905099238324,5.784054499900231,1.0,47.484415513499066,47.484415513499066,5.449964868487129,0.5,60
modern,NDX,20,ou_gex,2026-09-21,52.99808315066331,7.279978238337208,1.0,47.484415513499066,47.484415513499066,5.456266220970078,0.5,1
modern,NDX,20,ou_gex,2026-09-22,56.32524518927675,6.036569482660924,1.0,47.484415513499066,47.484415513499066,5.502419997385319,0.5,57
modern,NDX,20,ou_gex,2026-09-23,86.60598093115946,6.856073335341191,0.9777777777777777,47.48441551349906,47.62800862122361,6.0642277973418475,0.5,45
modern,NDX,20,ou_gex,2026-09-24,328.07364626491955,13.481158470368293,0.8524590163934426,47.484415513499066,66.27362002517447,9.883075973152199,0.5,61
modern,NDX,20,ou_gex,2026-09-25,220.03420629426654,10.344452518158922,0.9016393442622951,44.75373840529184,59.83575413387781,8.062147311247184,0.5,61
modern,NDX,20,ou_gex,2026-09-28,269.4785596639256,11.60803303996248,0.8771929824561403,44.75373840529184,62.34318588479497,8.905039556936725,0.5,57
modern,NDX,20,ou_gex,2026-09-29,111.25799826640129,8.289881982627328,0.9508196721311475,44.75373840529184,46.15482749018992,6.42215266711264,0.5,61
modern,NDX,20,ou_price,2026-09-01,270.3942556921837,13.317519583003671,0.8222222222222222,51.29135225597075,58.04170555521028,9.454465386102825,0.4666666666666667,45
modern,NDX,20,ou_price,2026-09-04,91.16769100381761,7.839933142772427,1.0,51.29135225597075,51.29135225597075,6.415577981895308,0.3125,16
modern,NDX,20,ou_price,2026-09-08,94.82057879595307,7.643603853805983,1.0,51.29135225597075,51.29135225597075,6.469598762298315,0.35135135135135137,37
modern,NDX,20,ou_price,2026-09-09,441.4024238398061,17.076000322173297,0.7333333333333333,51.29135225597075,74.89112981407462,11.996288277658552,0.4666666666666667,15
modern,NDX,20,ou_price,2026-09-10,80.47681848258651,7.316295213811564,1.0,51.29135225597075,51.29135225597075,6.2144866321528225,0.4782608695652174,46
modern,NDX,20,ou_price,2026-09-11,137.65307394497972,8.056281292948352,0.9411764705882353,51.29135225597075,54.33400269026413,7.136231636159173,0.5294117647058824,34
modern,NDX,20,ou_price,2026-09-14,221.12403357094217,10.754909750891004,0.9180327868852459,51.29135225597075,61.092382894450246,8.402819952205828,0.45901639344262296,61
modern,NDX,20,ou_price,2026-09-15,35.4664136485004,4.393197684225632,1.0,46.43569357298953,46.43569357298953,4.989322124996712,0.45454545454545453,11
modern,NDX,20,ou_price,2026-09-16,533.9996749114881,15.641799639217917,0.75,46.43569357298953,88.98317068293686,12.213895128102187,0.48333333333333334,60
modern,NDX,20,ou_price,2026-09-18,54.448531984510154,5.802941495486323,1.0,46.43569357298953,46.43569357298953,5.380190017959234,0.4,60
modern,NDX,20,ou_price,2026-09-21,55.91303970653579,7.477502237146826,1.0,46.43569357298953,46.43569357298953,5.447887447185677,0.0,1
modern,NDX,20,ou_price,2026-09-22,55.70274196402635,5.997914188494014,1.0,46.43569357298953,46.43569357298953,5.418892504991035,0.5964912280701754,57
modern,NDX,20,ou_price,2026-09-23,86.58585178196147,6.79156642335338,0.9777777777777777,46.43569357298953,46.72902125438278,5.999617766263528,0.5111111111111111,45
modern,NDX,20,ou_price,2026-09-24,335.4446664608158,13.688440472981604,0.8524590163934426,46.43569357298953,66.59926414115554,10.00421823652648,0.47540983606557374,61
modern,NDX,20,ou_price,2026-09-25,216.65458532545324,10.269096697258462,0.9016393442622951,44.131349521678956,59.2822869321716,7.987035348823801,0.6721311475409836,61
modern,NDX,20,ou_price,2026-09-28,264.4919238115244,11.502435454795336,0.8596491228070176,44.131349521678956,61.49173383859902,8.808402824318403,0.5789473684210527,57
modern,NDX,20,ou_price,2026-09-29,111.1352195157843,8.270476851507665,0.9508196721311475,44.131349521678956,45.69148487100114,6.38898471354417,0.5737704918032787,61
modern,NDX,20,random_walk,2026-09-01,268.18282996279675,13.33981163857841,0.7111111111111111,39.093777502701464,58.45213136461888,9.392957069718511,0.5,45
modern,NDX,20,random_walk,2026-09-04,87.12550055472241,7.623035139588865,1.0,44.82315034366906,44.82315034366906,5.951261710427354,0.5,16
modern,NDX,20,random_walk,2026-09-08,92.36033129207559,7.535984140594657,0.9459459459459459,42.17341824984672,42.43977669398285,5.959367011885251,0.5,37
modern,NDX,20,random_walk,2026-09-09,443.2454069555477,17.162096319205013,0.7333333333333333,58.62308956491383,79.86089676956495,12.296244691052348,0.5,15
modern,NDX,20,random_walk,2026-09-10,79.95496500487805,7.263341666625701,0.9565217391304348,43.6191843690561,44.957425851967216,5.887390527498961,0.5,46
modern,NDX,20,random_walk,2026-09-11,138.99091747498534,8.144215211211463,0.9411764705882353,44.05630421520494,47.363078901591436,6.56461804133715,0.5,34
modern,NDX,20,random_walk,2026-09-14,218.65134886343697,10.751566231229292,0.9016393442622951,42.278404450069324,52.34331046420853,7.822977789918122,0.5,61
modern,NDX,20,random_walk,2026-09-15,36.176001485566125,4.411779485960406,1.0,35.62747736618077,35.62747736618077,4.237930730720215,0.5,11
modern,NDX,20,random_walk,2026-09-16,526.1517948592032,15.65111170403931,0.75,38.569844622595646,80.75243328172638,11.609234962238023,0.5,60
modern,NDX,20,random_walk,2026-09-18,54.31905099238324,5.784054499900231,0.9166666666666666,27.738503624450622,33.39258153418858,4.404323291396078,0.5,60
modern,NDX,20,random_walk,2026-09-21,52.99808315066331,7.279978238337208,1.0,40.89171299599742,40.89171299599742,5.031100899576507,0.5,1
modern,NDX,20,random_walk,2026-09-22,56.32524518927675,6.036569482660924,0.9122807017543859,32.03560218023647,32.90849114645151,4.681814024043207,0.5,57
modern,NDX,20,random_walk,2026-09-23,86.60598093115946,6.856073335341191,0.9333333333333333,36.33312792729115,39.823423332657235,5.484273779378182,0.5,45
modern,NDX,20,random_walk,2026-09-24,328.07364626491955,13.481158470368293,0.8852459016393442,51.60546228009511,70.18465355003717,9.964771206224427,0.5,61
modern,NDX,20,random_walk,2026-09-25,220.03420629426654,10.344452518158922,0.9344262295081968,47.7040617955691,58.29605867997953,8.007347812888034,0.5,61
modern,NDX,20,random_walk,2026-09-28,269.4785596639256,11.60803303996248,0.9122807017543859,52.02380019282885,65.56645998114962,9.166284045257212,0.5,57
modern,NDX,20,random_walk,2026-09-29,111.25799826640129,8.289881982627328,0.9016393442622951,37.10281415050302,41.47460986870785,6.16587527834178,0.5,61
modern,NDX,25,garch_gex,2026-09-01,356.34052952050325,15.083671406456334,0.6888888888888889,45.816954651720216,71.08456507049415,10.937064358491195,0.5,45
modern,NDX,25,garch_gex,2026-09-04,104.66441687220272,8.485742746810502,0.9375,40.019772460829344,40.484398685103216,6.11218948497259,0.5,16
modern,NDX,25,garch_gex,2026-09-08,131.87764476811873,8.986977742934156,0.8378378378378378,36.30818869298703,44.22101584504914,6.657365242682869,0.5,37
modern,NDX,25,garch_gex,2026-09-09,621.0903221340509,18.92877489606423,0.7333333333333333,61.307475381649915,103.65807462132206,14.455978487581422,0.5,15
modern,NDX,25,garch_gex,2026-09-10,109.38920477496373,9.008159881839516,0.9347826086956522,47.72800028325158,48.653360465393334,6.711627637542773,0.5,46
modern,NDX,25,garch_gex,2026-09-11,175.9783584049589,9.24188941833178,0.8529411764705882,37.269239056678096,46.723038495838125,6.880962211866727,0.5,34
modern,NDX,25,garch_gex,2026-09-14,273.5862868944747,12.332627535900711,0.9016393442622951,44.50783131388977,56.587221775688,8.718930951316265,0.5,61
modern,NDX,25,garch_gex,2026-09-15,38.90113949879349,4.748665756486431,1.0,33.789067508274364,33.789067508274364,4.211471896103607,0.5,11
modern,NDX,25,garch_gex,2026-09-16,750.1859120313096,18.117835035626438,0.7166666666666667,42.11266972757792,89.75620544950833,13.314112519652756,0.5,60
modern,NDX,25,garch_gex,2026-09-18,65.16231268471999,6.390824764781428,0.9166666666666666,28.400686895680103,34.084621811199725,4.763779019298985,0.5,60
modern,NDX,25,garch_gex,2026-09-21,184.81177689741722,13.594549529036158,1.0,33.70213199521318,33.70213199521318,8.229289428852207,0.5,1
modern,NDX,25,garch_gex,2026-09-22,60.68590558919644,6.526646383300223,0.9122807017543859,29.501218444818008,31.50085524672297,4.764740829696096,0.5,57
modern,NDX,25,garch_gex,2026-09-23,99.47196590473037,7.506629705374103,0.8888888888888888,37.14406054075166,41.95722280526092,5.890760850636399,0.5,45
modern,NDX,25,garch_gex,2026-09-24,464.2556522362427,16.34755625895756,0.8360655737704918,52.295654333583045,80.08273455324249,11.867656016394136,0.5,61
modern,NDX,25,garch_gex,2026-09-25,223.17448094544642,10.018168330749832,0.8852459016393442,45.696080118044044,56.363402416381994,7.81753853295763,0.5,61
modern,NDX,25,garch_gex,2026-09-28,297.0219325835385,12.765026085827756,0.9298245614035088,53.897444423199794,66.94761700753007,9.639125912624218,0.5,57
modern,NDX,25,garch_gex,2026-09-29,148.8832520378088,9.630209244906732,0.8852459016393442,39.610497737561964,48.45736338165115,7.018167914917682,0.5,61
modern,NDX,25,garch_price,2026-09-01,356.34052952050325,15.083671406456334,0.6222222222222222,38.237604866065396,76.24015358650547,11.14564615016083,0.5,45
modern,NDX,25,garch_price,2026-09-04,104.66441687220272,8.485742746810502,1.0,42.123460538611624,42.123460538611624,6.210878552890356,0.5,16
modern,NDX,25,garch_price,2026-09-08,131.87764476811873,8.986977742934156,0.8378378378378378,38.925403293846195,45.22552215041136,6.7488694144382,0.5,37
modern,NDX,25,garch_price,2026-09-09,621.0903221340509,18.92877489606423,0.7333333333333333,67.24727148866155,103.48803823096354,14.544058139437672,0.5,15
modern,NDX,25,garch_price,2026-09-10,109.38920477496373,9.008159881839516,0.8695652173913043,39.85145503220933,45.83950887173323,6.585293390510783,0.5,46
modern,NDX,25,garch_price,2026-09-11,175.9783584049589,9.24188941833178,0.8529411764705882,40.15679797926947,46.82685858488549,6.936405121993952,0.5,34
modern,NDX,25,garch_price,2026-09-14,273.5862868944747,12.332627535900711,0.8032786885245902,40.944714545914636,55.77752546397065,8.665536154285212,0.5,61
modern,NDX,25,garch_price,2026-09-15,38.90113949879349,4.748665756486431,1.0,29.93559179378668,29.93559179378668,3.993505089422664,0.5,11
modern,NDX,25,garch_price,2026-09-16,750.1859120313096,18.117835035626438,0.7166666666666667,43.92896925443337,88.05648563412906,13.24449700063132,0.5,60
modern,NDX,25,garch_price,2026-09-18,65.16231268471999,6.390824764781428,0.9166666666666666,29.166383476143576,34.53627261025221,4.78746341057836,0.5,60
modern,NDX,25,garch_price,2026-09-21,184.81177689741722,13.594549529036158,1.0,36.2337336166978,36.2337336166978,8.151509696969642,0.5,1
modern,NDX,25,garch_price,2026-09-22,60.68590558919644,6.526646383300223,0.9298245614035088,32.77893930238524,33.187838856187184,4.86404146266403,0.5,57
modern,NDX,25,garch_price,2026-09-23,99.47196590473037,7.506629705374103,0.8888888888888888,36.85226666370396,42.03847403127026,5.891161839168839,0.5,45
modern,NDX,25,garch_price,2026-09-24,464.2556522362427,16.34755625895756,0.8360655737704918,53.96534158076053,81.41171015736948,11.918443293259765,0.5,61
modern,NDX,25,garch_price,2026-09-25,223.17448094544642,10.018168330749832,0.9016393442622951,47.52936792863861,57.36428842321276,7.8914740281957245,0.5,61
modern,NDX,25,garch_price,2026-09-28,297.0219325835385,12.765026085827756,0.8947368421052632,53.370064330060046,66.78834761126771,9.653264002073923,0.5,57
modern,NDX,25,garch_price,2026-09-29,148.8832520378088,9.630209244906732,0.8852459016393442,40.16442233020277,48.88852790272908,7.043187304459951,0.5,61
modern,NDX,25,kalman_gex,2026-09-01,523.3216969051921,17.470329347397946,0.8222222222222222,62.50210136389433,85.08621875720577,12.764190097213577,0.5555555555555556,45
modern,NDX,25,kalman_gex,2026-09-04,180.8522276442211,11.53503484759325,1.0,66.81385052070297,66.81385052070297,8.787341815594658,0.6875,16
modern,NDX,25,kalman_gex,2026-09-08,153.5073341432297,10.127365797690612,1.0,64.66766684262235,64.66766684262235,8.174243226580648,0.5675675675675675,37
modern,NDX,25,kalman_gex,2026-09-09,674.4027799954158,21.30987302804258,0.7333333333333333,65.49781894887549,87.6950361640738,14.958375882431625,0.6666666666666666,15
modern,NDX,25,kalman_gex,2026-09-10,277.06061372088357,14.499541964418293,0.9347826086956522,62.46006730130514,64.95656564324808,9.83266959977464,0.34782608695652173,46
modern,NDX,25,kalman_gex,2026-09-11,281.552514102782,11.280278538216724,0.8823529411764706,65.08207739625833,70.44830339889361,9.814398509563741,0.5588235294117647,34
modern,NDX,25,kalman_gex,2026-09-14,306.8038943422199,13.671340505938346,0.9180327868852459,61.98554120528432,69.13168258244,10.06349510020147,0.4262295081967213,61
modern,NDX,25,kalman_gex,2026-09-15,69.48540898435604,6.969722875844311,1.0,60.61089143160265,60.61089143160265,6.665536268311886,0.09090909090909091,11
modern,NDX,25,kalman_gex,2026-09-16,734.6310397736623,18.581706955659282,0.7833333333333333,56.97152668029689,105.37477243105198,14.494504987579234,0.4666666666666667,60
modern,NDX,25,kalman_gex,2026-09-18,70.52917916835662,6.720502443923234,1.0,56.97152668029689,56.97152668029689,6.411809236881156,0.4,60
modern,NDX,25,kalman_gex,2026-09-21,79.10723813789298,8.894224988041003,1.0,65.5408875228901,65.5408875228901,7.197684359562253,1.0,1
modern,NDX,25,kalman_gex,2026-09-22,78.34726653613794,7.39736632532486,1.0,57.03022924682058,57.03022924682058,6.567769041805677,0.3333333333333333,57
modern,NDX,25,kalman_gex,2026-09-23,127.18466910525343,8.200972094089092,1.0,57.3406363607868,57.3406363607868,7.3580143726866485,0.5555555555555556,45
modern,NDX,25,kalman_gex,2026-09-24,510.28450736835424,17.473224974720022,0.7704918032786885,56.9532205118572,80.32009983627765,12.558047756001315,0.39344262295081966,61
modern,NDX,25,kalman_gex,2026-09-25,368.599655048503,12.11743909083292,0.8524590163934426,54.109148968715935,79.75875254743814,10.081333570830338,0.4918032786885246,61
modern,NDX,25,kalman_gex,2026-09-28,583.5155212782226,17.176286540499277,0.8245614035087719,54.17767655717192,88.91890536222937,12.81584168731095,0.42105263157894735,57
modern,NDX,25,kalman_gex,2026-09-29,180.99232275259988,10.299234181142845,0.9508196721311475,54.109148968715935,58.718374729642704,7.940818141949782,0.47540983606557374,61
modern,NDX,25,kalman_price,2026-09-01,494.47032715439707,16.98624304649002,0.8222222222222222,62.05827691517641,82.09031991728328,12.425387894111193,0.5555555555555556,45
modern,NDX,25,kalman_price,2026-09-04,220.57763240195428,12.929993035090947,1.0,67.15543708152019,67.15543708152019,9.377627091340164,0.6875,16
modern,NDX,25,kalman_price,2026-09-08,153.4152204870352,10.761533530550667,1.0,64.73348776541829,64.73348776541829,8.195186578058559,0.4864864864864865,37
modern,NDX,25,kalman_price,2026-09-09,755.456679526785,23.480679032206083,0.7333333333333333,65.71563851461532,93.45385487167793,15.96384871898115,0.6666666666666666,15
modern,NDX,25,kalman_price,2026-09-10,281.22957603734477,14.590965435795395,0.9565217391304348,62.00089660310164,63.9253750928319,9.863454815825348,0.32608695652173914,46
modern,NDX,25,kalman_price,2026-09-11,299.48440816695273,12.04115554110679,0.8823529411764706,65.24038022357104,70.93825460946807,10.05735881122429,0.38235294117647056,34
modern,NDX,25,kalman_price,2026-09-14,305.6463178441045,13.741732549093406,0.9344262295081968,61.334221484391406,67.4878281526714,10.03480110058197,0.45901639344262296,61
modern,NDX,25,kalman_price,2026-09-15,59.35149109276376,6.137331351187597,1.0,60.77873495784643,60.77873495784643,6.511725288067834,0.18181818181818182,11
modern,NDX,25,kalman_price,2026-09-16,814.6020142186782,19.738766620092477,0.75,56.2890840195179,112.69668202785905,15.344347498380587,0.4166666666666667,60
modern,NDX,25,kalman_price,2026-09-18,67.38879919672942,6.635083686440287,1.0,56.2890840195179,56.2890840195179,6.305829572385023,0.5333333333333333,60
modern,NDX,25,kalman_price,2026-09-21,38.085336778140274,6.171331848000095,1.0,66.0673169684787,66.0673169684787,6.610442795772903,1.0,1
modern,NDX,25,kalman_price,2026-09-22,66.07618164444928,6.812473794141066,1.0,56.37225034375291,56.37225034375291,6.3081319798737985,0.5964912280701754,57
modern,NDX,25,kalman_price,2026-09-23,130.95803941139897,8.232079662213977,0.9555555555555556,56.80458436448573,57.092630946250324,7.378384784090589,0.4666666666666667,45
modern,NDX,25,kalman_price,2026-09-24,566.7499922233366,18.64697219717732,0.7540983606557377,56.26306598985881,85.76333478030176,13.274724968533343,0.4098360655737705,61
modern,NDX,25,kalman_price,2026-09-25,405.66963022816714,12.72932851343746,0.8524590163934426,52.899614991113545,81.609274857291,10.435721304284689,0.39344262295081966,61
modern,NDX,25,kalman_price,2026-09-28,624.4838303019147,17.730092317624674,0.8245614035087719,53.01722974124542,91.15731731613334,13.198954880439077,0.38596491228070173,57
modern,NDX,25,kalman_price,2026-09-29,211.36205579340864,11.411849661714955,0.9344262295081968,52.899614991113545,58.97905792252552,8.348583236413793,0.4262295081967213,61
modern,NDX,25,markov_gex,2026-09-01,341.0003563533034,14.454177518689844,0.6666666666666666,39.288568814603096,72.46362107958208,10.679142107398214,0.7111111111111111,45
modern,NDX,25,markov_gex,2026-09-04,91.38953563900309,8.038661308357874,0.9375,40.8822919682468,41.00257815209837,6.0326715208897,0.625,16
modern,NDX,25,markov_gex,2026-09-08,134.34073852586124,8.810313070474335,0.8108108108108109,35.230163836612014,46.67368961577108,6.686212611874941,0.6216216216216216,37
modern,NDX,25,markov_gex,2026-09-09,599.0822413691783,18.479487980296486,0.8,63.659264342733664,90.27609930977933,13.778638806114328,0.7333333333333333,15
modern,NDX,25,markov_gex,2026-09-10,102.48063390857492,8.473286839444064,0.8913043478260869,37.2162534742348,43.80000906529796,6.269458551636852,0.6521739130434783,46
modern,NDX,25,markov_gex,2026-09-11,182.60231792394538,9.16908217941923,0.9705882352941176,45.51859893052536,47.65320491394989,7.079366219320561,0.5588235294117647,34
modern,NDX,25,markov_gex,2026-09-14,296.6727008699928,12.567368366710955,0.9180327868852459,48.15734377019088,57.18656176185112,8.87391144531203,0.45901639344262296,61
modern,NDX,25,markov_gex,2026-09-15,32.2667694430486,4.493605154613165,1.0,28.517820407520592,28.517820407520592,3.694456986989074,0.6363636363636364,11
modern,NDX,25,markov_gex,2026-09-16,735.3117535328754,17.796201521908685,0.7,35.87234236550163,98.78769560957812,13.54777150647355,0.5833333333333334,60
modern,NDX,25,markov_gex,2026-09-18,77.01578787072293,6.996200266548327,0.9,28.49387858610857,33.196258724325546,5.019425844511974,0.36666666666666664,60
modern,NDX,25,markov_gex,2026-09-21,241.06293815134018,15.526201665292776,1.0,31.12452841034597,31.12452841034597,9.83211472295253,0.0,1
modern,NDX,25,markov_gex,2026-09-22,77.92067524342382,7.3786154251089995,0.8947368421052632,31.745357128130934,33.48389865606985,5.332442367006665,0.2982456140350877,57
modern,NDX,25,markov_gex,2026-09-23,101.36305727959451,7.435275982471284,0.8444444444444444,30.774168555187973,39.899360192481154,5.791058647951998,0.5333333333333333,45
modern,NDX,25,markov_gex,2026-09-24,478.075433699656,16.531946449465966,0.7868852459016393,52.32646593094185,79.563244767882,12.034228552543757,0.45901639344262296,61
modern,NDX,25,markov_gex,2026-09-25,223.84971246759923,9.98715066174373,0.9016393442622951,46.0650028701498,56.34607926692914,7.762720362549041,0.5245901639344263,61
modern,NDX,25,markov_gex,2026-09-28,298.5747403749892,12.71708408512247,0.8421052631578947,46.52130255174398,59.94628780332541,9.271886980368597,0.45614035087719296,57
modern,NDX,25,markov_gex,2026-09-29,146.99425119587772,9.522525199120988,0.8852459016393442,40.70074075279126,50.67641147960073,7.171932583233592,0.5409836065573771,61
modern,NDX,25,markov_price,2026-09-01,343.69571749954264,14.56770600198778,0.6666666666666666,38.90266557807111,73.18424294903289,10.762403886531086,0.7111111111111111,45
modern,NDX,25,markov_price,2026-09-04,89.50844351260757,7.960023332664258,1.0,40.563779591063664,40.563779591063664,5.973361275993028,0.6875,16
modern,NDX,25,markov_price,2026-09-08,135.30006187104928,8.781985078100321,0.8108108108108109,35.261477848445764,46.85932850188014,6.691769423269454,0.6216216216216216,37
modern,NDX,25,markov_price,2026-09-09,594.466355724597,18.395626755234023,0.8,63.70659760999379,89.927354098304,13.72628653707965,0.7333333333333333,15
modern,NDX,25,markov_price,2026-09-10,103.0951846121547,8.571049777344491,0.8913043478260869,37.30597034769524,43.73567181395233,6.302414763422929,0.6521739130434783,46
modern,NDX,25,markov_price,2026-09-11,183.13555363329158,9.102934599882449,0.9411764705882353,45.60036039925026,47.79317679146622,7.077203381805293,0.5882352941176471,34
modern,NDX,25,markov_price,2026-09-14,294.3772782028089,12.555386382526596,0.9180327868852459,48.23175396244405,57.11121689563394,8.859056741250829,0.45901639344262296,61
modern,NDX,25,markov_price,2026-09-15,30.522285855517215,4.400382053526041,1.0,28.46314163189685,28.46314163189685,3.6359105447689046,0.6363636363636364,11
modern,NDX,25,markov_price,2026-09-16,740.2461453148666,17.881926616921714,0.7,35.85280828302174,99.06220163699352,13.59325985860013,0.5833333333333334,60
modern,NDX,25,markov_price,2026-09-18,74.64353566151355,6.888530789326063,0.9,28.43923039557556,32.88337624626309,4.9503612029819015,0.36666666666666664,60
modern,NDX,25,markov_price,2026-09-21,216.0165749955591,14.697502338681872,1.0,30.93943676964376,30.93943676964376,9.193440394121028,0.0,1
modern,NDX,25,markov_price,2026-09-22,70.59729549862774,7.059584631779305,0.9298245614035088,31.702218489492385,32.825473837571295,5.115832723882704,0.2982456140350877,57
modern,NDX,25,markov_price,2026-09-23,101.46081932875745,7.43810273573041,0.8444444444444444,30.764616629525086,39.92184369985275,5.79553066601203,0.5333333333333333,45
modern,NDX,25,markov_price,2026-09-24,479.1568945436144,16.546343460232958,0.7868852459016393,52.343777210079836,79.61666527343215,12.04735942136641,0.45901639344262296,61
modern,NDX,25,markov_price,2026-09-25,223.82039451113252,9.987513371520802,0.9016393442622951,46.06007736635355,56.33760772896187,7.7625994114355175,0.5245901639344263,61
modern,NDX,25,markov_price,2026-09-28,298.73084447743116,12.7197633366231,0.8596491228070176,46.51535582066823,59.94819533866185,9.273050505639581,0.45614035087719296,57
modern,NDX,25,markov_price,2026-09-29,147.06089165980538,9.524807089686506,0.8852459016393442,40.71125250578412,50.688052609733504,7.173495769035364,0.5409836065573771,61
modern,NDX,25,momentum,2026-09-01,513.163534201337,18.28608357570978,0.6888888888888889,43.70817199664622,81.06029812998078,12.882854827638917,0.4888888888888889,45
modern,NDX,25,momentum,2026-09-04,124.27861710110882,9.774568140310327,1.0,50.113805567068546,50.113805567068546,6.95872949627519,0.625,16
modern,NDX,25,momentum,2026-09-08,135.85194488608414,9.132733173275547,0.972972972972973,47.15131502509374,49.70186701820775,6.976535438268768,0.7567567567567568,37
modern,NDX,25,momentum,2026-09-09,1143.3076678866594,29.007406387311992,0.6666666666666666,65.54260665910296,128.71191777466407,20.055439094007287,0.4,15
modern,NDX,25,momentum,2026-09-10,179.54979398847019,10.682459713923446,0.8695652173913043,48.767730686152866,53.43900742732813,7.979367074311211,0.5217391304347826,46
modern,NDX,25,momentum,2026-09-11,408.6644151886354,13.723757051538225,0.8529411764705882,49.25644553130439,69.6605259580299,10.32726564793782,0.5588235294117647,34
modern,NDX,25,momentum,2026-09-14,423.25526368634826,15.849566309038245,0.8360655737704918,47.268693165292305,62.39539868812539,10.890217686278689,0.5573770491803278,61
modern,NDX,25,momentum,2026-09-15,85.93074238579044,8.089349268806586,1.0,39.83273062880769,39.83273062880769,5.728847520184039,0.5454545454545454,11
modern,NDX,25,momentum,2026-09-16,1061.8935582732863,22.37957309401969,0.6166666666666667,43.122397228864294,118.18198282006688,16.825147910781883,0.48333333333333334,60
modern,NDX,25,momentum,2026-09-18,105.85874417095354,8.073519964348593,0.8166666666666667,31.01258984919794,37.2250740053878,5.8798194817126275,0.6,60
modern,NDX,25,momentum,2026-09-21,138.06482834508063,11.750099078096348,1.0,45.71832498773091,45.71832498773091,7.1493785760940645,1.0,1
modern,NDX,25,momentum,2026-09-22,127.40169186783667,8.984189117190335,0.8947368421052632,35.8168920875746,39.40491452807726,6.406793466658591,0.5087719298245614,57
modern,NDX,25,momentum,2026-09-23,186.23525528550647,11.19526818639449,0.8666666666666667,40.621671940309525,48.6035198934176,7.755101066796375,0.4222222222222222,45
modern,NDX,25,momentum,2026-09-24,656.3603845145242,20.373217159239626,0.7704918032786885,57.696660834296985,88.88735617898007,14.340785203203025,0.4918032786885246,61
modern,NDX,25,momentum,2026-09-25,557.9115743244967,17.084749165518947,0.8360655737704918,53.3347624888716,82.5074541889849,12.315082193863566,0.3442622950819672,61
modern,NDX,25,momentum,2026-09-28,872.1601641983276,21.044058834857267,0.7192982456140351,58.164376839515995,108.63398798824345,15.811281398798632,0.38596491228070173,57
modern,NDX,25,momentum,2026-09-29,292.6098722315917,13.819525843927947,0.7377049180327869,41.48220729853294,60.008435993804845,9.684590596567782,0.4918032786885246,61
modern,NDX,25,ou_gex,2026-09-01,361.3524708607314,15.106427790880735,0.8,58.19262163037964,66.52685567317391,10.90576522859333,0.5111111111111111,45
modern,NDX,25,ou_gex,2026-09-04,109.46367794759102,8.658781963909723,1.0,58.19262163037964,58.19262163037964,7.146600474113629,0.3125,16
modern,NDX,25,ou_gex,2026-09-08,134.5096525175447,9.018916493794496,1.0,58.192621630379634,58.192621630379634,7.5382126165404015,0.5675675675675675,37
modern,NDX,25,ou_gex,2026-09-09,632.8636771696183,19.384623402242333,0.7333333333333333,58.19262163037964,93.21736373600409,14.127992344459493,0.0,15
modern,NDX,25,ou_gex,2026-09-10,110.7415443080189,9.122368667464817,1.0,58.19262163037964,58.19262163037964,7.178125437398802,0.43478260869565216,46
modern,NDX,25,ou_gex,2026-09-11,174.31054332204576,9.223194544391996,0.9411764705882353,58.19262163037964,59.7053869436298,8.084492047082243,0.4117647058823529,34
modern,NDX,25,ou_gex,2026-09-14,272.19178640681946,12.267181923901967,0.9016393442622951,58.192621630379634,68.07089008723788,9.412740679837713,0.5573770491803278,61
modern,NDX,25,ou_gex,2026-09-15,38.90113949879349,4.748665756486431,1.0,53.08919048001476,53.08919048001476,5.574090787976542,0.5,11
modern,NDX,25,ou_gex,2026-09-16,750.1859120313096,18.117835035626438,0.75,53.08919048001476,106.3238793454956,14.299646556755532,0.5,60
modern,NDX,25,ou_gex,2026-09-18,65.16231268471999,6.390824764781428,1.0,53.08919048001476,53.08919048001476,6.049477850002955,0.5,60
modern,NDX,25,ou_gex,2026-09-21,184.81177689741722,13.594549529036158,1.0,53.08919048001476,53.08919048001476,8.277596581164477,0.5,1
modern,NDX,25,ou_gex,2026-09-22,60.68590558919644,6.526646383300223,1.0,53.08919048001476,53.08919048001476,5.980918007578182,0.5,57
modern,NDX,25,ou_gex,2026-09-23,99.47196590473037,7.506629705374103,1.0,53.08919048001475,53.08919048001475,6.643912474497475,0.5,45
modern,NDX,25,ou_gex,2026-09-24,464.2556522362427,16.34755625895756,0.8032786885245902,53.08919048001476,78.08518147026486,11.87827255764488,0.5,61
modern,NDX,25,ou_gex,2026-09-25,223.17448094544642,10.018168330749832,0.9180327868852459,50.0362006607378,64.04326987553056,8.229194166103913,0.5,61
modern,NDX,25,ou_gex,2026-09-28,297.0219325835385,12.765026085827756,0.8596491228070176,50.0362006607378,65.11812049046861,9.491565606099034,0.5,57
modern,NDX,25,ou_gex,2026-09-29,148.8832520378088,9.630209244906732,0.9344262295081968,50.0362006607378,53.94839003931889,7.304799373768376,0.5,61
modern,NDX,25,ou_price,2026-09-01,357.53821224656366,15.065708879009879,0.7777777777777778,56.89641413349784,66.15421753736887,10.82961591352945,0.4666666666666667,45
modern,NDX,25,ou_price,2026-09-04,109.83616586482378,8.667341723322465,1.0,56.89641413349784,56.89641413349784,7.072377046480735,0.375,16
modern,NDX,25,ou_price,2026-09-08,136.18287954574967,9.198002606688858,1.0,56.89641413349784,56.89641413349784,7.494236308711236,0.2972972972972973,37
modern,NDX,25,ou_price,2026-09-09,609.3081165888318,18.702692984210962,0.7333333333333333,56.89641413349784,92.64656124223889,13.807311528775477,0.5333333333333333,15
modern,NDX,25,ou_price,2026-09-10,109.57689233295172,9.035409093857202,1.0,56.89641413349785,56.89641413349785,7.081241612975375,0.4782608695652174,46
modern,NDX,25,ou_price,2026-09-11,173.15905644670607,9.14153181088312,0.9117647058823529,56.89641413349784,58.90488551325295,7.9962219995505714,0.5,34
modern,NDX,25,ou_price,2026-09-14,278.61273265135935,12.363010719315639,0.9016393442622951,56.89641413349784,68.3066722178605,9.43700719672175,0.4098360655737705,61
modern,NDX,25,ou_price,2026-09-15,38.16229331428685,4.653189716599138,1.0,51.53824639833049,51.53824639833049,5.439591555243618,0.5454545454545454,11
modern,NDX,25,ou_price,2026-09-16,757.4207801548949,18.116361142506946,0.75,51.53824639833049,107.26950929024498,14.307141498238082,0.45,60
modern,NDX,25,ou_price,2026-09-18,65.65339032647746,6.443571434586332,1.0,51.53824639833049,51.53824639833049,5.950676259545263,0.38333333333333336,60
modern,NDX,25,ou_price,2026-09-21,191.5354741635456,13.839634177374256,1.0,51.53824639833049,51.53824639833049,8.355988244199846,0.0,1
modern,NDX,25,ou_price,2026-09-22,60.26454880036712,6.49739620683051,1.0,51.53824639833049,51.53824639833049,5.8639574017449,0.6140350877192983,57
modern,NDX,25,ou_price,2026-09-23,100.42132715348751,7.4461781138687435,1.0,51.53824639833049,51.53824639833049,6.565396797630026,0.5333333333333333,45
modern,NDX,25,ou_price,2026-09-24,473.80788652410143,16.4645055117195,0.8032786885245902,51.53824639833049,79.04403595203881,12.017877949359898,0.5409836065573771,61
modern,NDX,25,ou_price,2026-09-25,219.65693921323702,9.92842089300616,0.9180327868852459,49.11302649696676,63.18436853483842,8.145145731247215,0.6721311475409836,61
modern,NDX,25,ou_price,2026-09-28,291.33172558827306,12.601168050306828,0.8771929824561403,49.11302649696676,64.14388195519703,9.375473821116998,0.5964912280701754,57
modern,NDX,25,ou_price,2026-09-29,148.34348375863968,9.614275138825889,0.9344262295081968,49.11302649696676,53.300253956057844,7.2525265163032895,0.5409836065573771,61
modern,NDX,25,random_walk,2026-09-01,356.34052952050325,15.083671406456334,0.7333333333333333,43.70817199664622,68.4156393214515,10.833406702995816,0.5,45
modern,NDX,25,random_walk,2026-09-04,104.66441687220272,8.485742746810502,1.0,50.113805567068546,50.113805567068546,6.566533034166995,0.5,16
modern,NDX,25,random_walk,2026-09-08,131.87764476811873,8.986977742934156,0.9459459459459459,47.15131502509374,48.24124430945715,6.961382119680435,0.5,37
modern,NDX,25,random_walk,2026-09-09,621.0903221340509,18.92877489606423,0.8,65.54260665910296,97.85107524842432,14.268292990155016,0.5,15
modern,NDX,25,random_walk,2026-09-10,109.38920477496373,9.008159881839516,0.9782608695652174,48.767730686152866,48.99125449752859,6.731240912440796,0.5,46
modern,NDX,25,random_walk,2026-09-11,175.9783584049589,9.24188941833178,0.9117647058823529,49.25644553130439,51.72912864578346,7.399427794791343,0.5,34
modern,NDX,25,random_walk,2026-09-14,273.5862868944747,12.332627535900711,0.8688524590163934,47.268693165292305,58.542701576473995,8.829037143725383,0.5,61
modern,NDX,25,random_walk,2026-09-15,38.90113949879349,4.748665756486431,1.0,39.83273062880769,39.83273062880769,4.579051672184793,0.5,11
modern,NDX,25,random_walk,2026-09-16,750.1859120313096,18.117835035626438,0.7166666666666667,43.122397228864294,99.50651116791019,13.759749100181782,0.5,60
modern,NDX,25,random_walk,2026-09-18,65.16231268471999,6.390824764781428,0.9,31.01258984919794,37.09753692347374,4.920221049994893,0.5,60
modern,NDX,25,random_walk,2026-09-21,184.81177689741722,13.594549529036158,1.0,45.71832498773091,45.71832498773091,8.112877490536816,0.5,1
modern,NDX,25,random_walk,2026-09-22,60.68590558919644,6.526646383300223,0.9649122807017544,35.8168920875746,36.15172954644214,5.030187473292547,0.5,57
modern,NDX,25,random_walk,2026-09-23,99.47196590473037,7.506629705374103,0.9333333333333333,40.621671940309525,42.99433535904684,5.972576719250425,0.5,45
modern,NDX,25,random_walk,2026-09-24,464.2556522362427,16.34755625895756,0.8524590163934426,57.696660834296985,81.53415728226315,11.977770801811067,0.5,61
modern,NDX,25,random_walk,2026-09-25,223.17448094544642,10.018168330749832,0.9180327868852459,53.3347624888716,62.98886946755153,8.237473322675624,0.5,61
modern,NDX,25,random_walk,2026-09-28,297.0219325835385,12.765026085827756,0.9122807017543859,58.164376839515995,69.26524843344087,9.795166257878641,0.5,57
modern,NDX,25,random_walk,2026-09-29,148.8832520378088,9.630209244906732,0.9016393442622951,41.48220729853294,48.87056264798642,7.019342155424497,0.5,61
modern,NDX,30,garch_gex,2026-09-01,433.9113020388054,16.236053257913834,0.7111111111111111,50.55573628669097,78.45282793513236,12.018965687262709,0.5,45
modern,NDX,30,garch_gex,2026-09-04,105.43341217378247,8.545065458723002,1.0,43.6937908344789,43.6937908344789,6.3129247127542465,0.5,16
modern,NDX,30,garch_gex,2026-09-08,159.07613581330094,10.202857375587415,0.8648648648648649,39.63100769194091,46.55767425924909,7.289771114444265,0.5,37
modern,NDX,30,garch_gex,2026-09-09,716.8672668861323,21.377402566401482,0.7333333333333333,66.71558192689348,108.17191594496192,15.81013854568472,0.5,15
modern,NDX,30,garch_gex,2026-09-10,125.60312610917451,9.634308856452307,1.0,52.644675109770084,52.644675109770084,7.314444757853152,0.5,46
modern,NDX,30,garch_gex,2026-09-11,212.0379034954692,10.46730808144639,0.8529411764705882,40.669253013037896,51.03092927087612,7.6408528623652865,0.5,34
modern,NDX,30,garch_gex,2026-09-14,360.5659610148169,14.285734961864721,0.8688524590163934,48.9241155591857,64.82691009342936,10.048637636083194,0.5,61
modern,NDX,30,garch_gex,2026-09-15,42.47577959235542,5.518490011347405,1.0,37.386259781804846,37.386259781804846,4.534047237632717,0.5,11
modern,NDX,30,garch_gex,2026-09-16,966.049928715836,20.153204713331554,0.7333333333333333,46.057380666372204,102.67038413387658,15.020628604581464,0.5,60
modern,NDX,30,garch_gex,2026-09-18,94.12479760173295,7.603677974116241,0.8833333333333333,31.29215355168044,40.76580580844674,5.631096858614992,0.5,60
modern,NDX,30,garch_gex,2026-09-21,154.06345326155105,12.412229987457977,1.0,36.776434969613014,36.776434969613014,7.3883237194066655,0.5,1
modern,NDX,30,garch_gex,2026-09-22,75.24660609947972,7.160590590886913,0.8771929824561403,32.29609192641395,36.16913230624687,5.31010316268214,0.5,57
modern,NDX,30,garch_gex,2026-09-23,128.65667930556398,8.390833648893427,0.8888888888888888,40.78337661381291,48.4772152371802,6.6270733988878785,0.5,45
modern,NDX,30,garch_gex,2026-09-24,596.4517502668834,18.106665376094544,0.8032786885245902,57.05293870535454,93.15705698007861,13.34374867351544,0.5,61
modern,NDX,30,garch_gex,2026-09-25,234.7264735726313,10.819947993467022,0.9344262295081968,49.9755459707679,56.21273460430865,8.144877822224258,0.5,61
modern,NDX,30,garch_gex,2026-09-28,331.7269707880744,13.709848245972942,0.9122807017543859,59.00756036772478,70.59213750418391,10.262336211386367,0.5,57
modern,NDX,30,garch_gex,2026-09-29,179.2093780648219,10.344401628431696,0.9344262295081968,43.476200622850186,52.43829376414132,7.640665644697144,0.5,61
modern,NDX,30,garch_price,2026-09-01,433.9113020388054,16.236053257913834,0.6444444444444445,41.92011041313594,84.49254012360338,12.249310869964908,0.5,45
modern,NDX,30,garch_price,2026-09-04,105.43341217378247,8.545065458723002,1.0,46.14702053806007,46.14702053806007,6.442207593916963,0.5,16
modern,NDX,30,garch_price,2026-09-08,159.07613581330094,10.202857375587415,0.8918918918918919,42.66971915859135,48.49954057501893,7.392437740012509,0.5,37
modern,NDX,30,garch_price,2026-09-09,716.8672668861323,21.377402566401482,0.8,73.52841381696393,109.85041377325793,15.873498668418355,0.5,15
modern,NDX,30,garch_price,2026-09-10,125.60312610917451,9.634308856452307,0.8695652173913043,43.693434981398035,47.98354177691074,7.205823303914495,0.5,46
modern,NDX,30,garch_price,2026-09-11,212.0379034954692,10.46730808144639,0.9117647058823529,44.02157148773311,51.6240746823127,7.709220638431883,0.5,34
modern,NDX,30,garch_price,2026-09-14,360.5659610148169,14.285734961864721,0.7868852459016393,44.888359124407145,64.77381056379738,10.067213817025458,0.5,61
modern,NDX,30,garch_price,2026-09-15,42.47577959235542,5.518490011347405,1.0,33.01576379194133,33.01576379194133,4.272971604872334,0.5,11
modern,NDX,30,garch_price,2026-09-16,966.049928715836,20.153204713331554,0.7666666666666667,48.14865913783485,101.56156581095343,14.954276121889015,0.5,60
modern,NDX,30,garch_price,2026-09-18,94.12479760173295,7.603677974116241,0.8833333333333333,32.20463664957109,41.039451715978224,5.648396632776408,0.5,60
modern,NDX,30,garch_price,2026-09-21,154.06345326155105,12.412229987457977,1.0,39.78890189266751,39.78890189266751,7.388894994526438,0.5,1
modern,NDX,30,garch_price,2026-09-22,75.24660609947972,7.160590590886913,0.8947368421052632,36.08213844794351,37.699382658936,5.4192852478820495,0.5,57
modern,NDX,30,garch_price,2026-09-23,128.65667930556398,8.390833648893427,0.8888888888888888,40.46481085389323,48.605675220097154,6.630874928776434,0.5,45
modern,NDX,30,garch_price,2026-09-24,596.4517502668834,18.106665376094544,0.8032786885245902,58.97359942706126,94.70512961433884,13.405791237808211,0.5,61
modern,NDX,30,garch_price,2026-09-25,234.7264735726313,10.819947993467022,0.9508196721311475,52.08988848988318,57.80343701753015,8.233343644571548,0.5,61
modern,NDX,30,garch_price,2026-09-28,331.7269707880744,13.709848245972942,0.9122807017543859,58.393288700019944,70.37707240695804,10.267886060533318,0.5,57
modern,NDX,30,garch_price,2026-09-29,179.2093780648219,10.344401628431696,0.9344262295081968,44.12170925318841,53.01592735178915,7.669111357545693,0.5,61
modern,NDX,30,kalman_gex,2026-09-01,670.4552277162572,19.099447796223444,0.8222222222222222,70.09184266819793,98.5817203671753,14.315627047835068,0.5777777777777777,45
modern,NDX,30,kalman_gex,2026-09-04,253.08997717979264,13.864266947359525,1.0,75.5660920787673,75.5660920787673,10.251379421327362,0.75,16
modern,NDX,30,kalman_gex,2026-09-08,191.48378341076534,11.676686169367438,1.0,72.8456565148707,72.8456565148707,9.150540340484593,0.5405405405405406,37
modern,NDX,30,kalman_gex,2026-09-09,766.1752516530308,22.62963746815593,0.8,73.90083794652946,90.5333522957467,15.929824174153213,0.7333333333333333,15
modern,NDX,30,kalman_gex,2026-09-10,368.4022484212156,16.952849419142026,0.9565217391304348,70.03831666494627,71.54759750566507,11.306046437542527,0.34782608695652173,46
modern,NDX,30,kalman_gex,2026-09-11,366.3547849778335,12.500415254764215,0.8529411764705882,73.37305277098056,80.9672936429299,11.112453430376997,0.6470588235294118,34
modern,NDX,30,kalman_gex,2026-09-14,418.08548858934023,15.876363725065827,0.9180327868852459,69.43398235305463,79.8694014490286,11.614297581255993,0.4426229508196721,61
modern,NDX,30,kalman_gex,2026-09-15,84.79617314241982,7.74895957896274,1.0,68.64871161671518,68.64871161671518,7.477474802483024,0.18181818181818182,11
modern,NDX,30,kalman_gex,2026-09-16,960.9922271151046,21.14128898902209,0.8,64.03507043554173,122.89025123320071,16.403495654486303,0.4,60
modern,NDX,30,kalman_gex,2026-09-18,102.20896578832786,8.025369591855734,0.9833333333333333,64.03507043554173,64.38570668239898,7.39836576462553,0.4,60
modern,NDX,30,kalman_gex,2026-09-21,46.5238072719535,6.820836258990059,1.0,74.85653433564838,74.85653433564838,7.457798812117538,1.0,1
modern,NDX,30,kalman_gex,2026-09-22,100.02377591109288,8.244185264001908,1.0,64.10960222019379,64.10960222019379,7.397779488191018,0.3508771929824561,57
modern,NDX,30,kalman_gex,2026-09-23,171.22916888222358,9.255064201693514,0.9555555555555556,64.50369297453244,66.92389438649661,8.380337396408201,0.5333333333333333,45
modern,NDX,30,kalman_gex,2026-09-24,663.1633637236253,19.314152394375064,0.7868852459016393,64.01182783944846,91.8197053917608,14.19456282503109,0.45901639344262296,61
modern,NDX,30,kalman_gex,2026-09-25,443.23555306449447,13.436517811114639,0.8524590163934426,60.88842670095488,84.26995372023059,11.117853507902764,0.4262295081967213,61
modern,NDX,30,kalman_gex,2026-09-28,715.5472420584558,18.95895457480058,0.7719298245614035,60.97536557522707,97.99517874031483,14.239157651798966,0.42105263157894735,57
modern,NDX,30,kalman_gex,2026-09-29,230.86939532400444,11.483607519657657,0.9672131147540983,60.88842670095488,66.14126283293483,8.900259494328061,0.3770491803278688,61
modern,NDX,30,kalman_price,2026-09-01,625.395451670659,18.5124580779642,0.8444444444444444,69.2804682287417,94.73157062549326,13.841061350255101,0.5777777777777777,45
modern,NDX,30,kalman_price,2026-09-04,308.9745844639274,15.410671393373576,1.0,75.78012812832421,75.78012812832421,10.980791087948365,0.75,16
modern,NDX,30,kalman_price,2026-09-08,195.2786505672194,12.3264004200122,1.0,72.69880120850347,72.69880120850347,9.206593779358917,0.4864864864864865,37
modern,NDX,30,kalman_price,2026-09-09,871.1395042798097,24.818848865466197,0.7333333333333333,73.9525004462596,97.8141067106988,17.064483734615262,0.7333333333333333,15
modern,NDX,30,kalman_price,2026-09-10,376.69350254521197,17.150719689927623,0.9565217391304348,69.20697521079632,70.44084257252578,11.35171164194927,0.32608695652173914,46
modern,NDX,30,kalman_price,2026-09-11,392.67992522274733,13.515200483908803,0.8529411764705882,73.34686575342764,81.34708249150137,11.428947337389978,0.47058823529411764,34
modern,NDX,30,kalman_price,2026-09-14,416.24212395461024,16.073523939131988,0.9508196721311475,68.35276811302536,76.17971118881242,11.579847966831398,0.45901639344262296,61
modern,NDX,30,kalman_price,2026-09-15,70.07475249710093,6.936829637629187,1.0,68.6520444014087,68.6520444014087,7.265937400777344,0.36363636363636365,11
modern,NDX,30,kalman_price,2026-09-16,1081.957935967869,22.608019162879373,0.7833333333333333,62.93286026130134,132.2397155129236,17.460869740916685,0.35,60
modern,NDX,30,kalman_price,2026-09-18,92.0823310391076,7.629519875360917,1.0,62.93286026130134,62.93286026130134,7.179956840603489,0.6,60
modern,NDX,30,kalman_price,2026-09-21,12.70408224245996,3.564278642651267,1.0,75.33082324590781,75.33082324590781,7.0406392440635255,1.0,1
modern,NDX,30,kalman_price,2026-09-22,83.1346045717347,7.402657529394038,1.0,63.03909114598659,63.03909114598659,7.062493463016651,0.5964912280701754,57
modern,NDX,30,kalman_price,2026-09-23,177.1644181299383,9.514863753927084,0.9555555555555556,63.591229296429134,66.42795930772151,8.410930702211708,0.4888888888888889,45
modern,NDX,30,kalman_price,2026-09-24,754.9229725764545,20.544997742217923,0.7704918032786885,62.89962565872288,99.20274745454648,15.19025372204237,0.47540983606557374,61
modern,NDX,30,kalman_price,2026-09-25,490.6095847550648,14.51448926251415,0.8524590163934426,59.039103372924316,86.30825441696565,11.529030832249907,0.39344262295081966,61
modern,NDX,30,kalman_price,2026-09-28,771.4355603682395,19.598329367192658,0.7894736842105263,59.1897119265875,101.24285670515046,14.71450354305153,0.38596491228070173,57
modern,NDX,30,kalman_price,2026-09-29,275.8107732519769,12.77451808145034,0.9344262295081968,59.039103372924316,66.33462543650279,9.39902673257703,0.36065573770491804,61
modern,NDX,30,markov_gex,2026-09-01,411.1314710009254,15.50921617156612,0.6666666666666666,42.904061277464024,78.3012364459592,11.620642033335821,0.7333333333333333,45
modern,NDX,30,markov_gex,2026-09-04,92.04041736791164,7.976724080975394,1.0,44.639870244742276,44.639870244742276,6.297140837173965,0.75,16
modern,NDX,30,markov_gex,2026-09-08,163.5021453072312,9.941314634238106,0.7837837837837838,38.48360456062251,49.40434791377347,7.330188578582063,0.6216216216216216,37
modern,NDX,30,markov_gex,2026-09-09,679.6900300282906,20.835997912704837,0.8,69.45576501146166,94.5433825195065,14.921420978809321,0.8,15
modern,NDX,30,markov_gex,2026-09-10,116.34590877885455,9.010796721208155,0.8913043478260869,40.65036674891,46.78180902176123,6.833880620645955,0.6521739130434783,46
modern,NDX,30,markov_gex,2026-09-11,219.6213024125608,10.146075749171905,0.9411764705882353,49.694520911361025,53.56150652259773,7.80184007493216,0.6470588235294118,34
modern,NDX,30,markov_gex,2026-09-14,390.51666564947175,14.616930147925283,0.9016393442622951,52.56876878289188,66.05593237705932,10.238819846380089,0.4262295081967213,61
modern,NDX,30,markov_gex,2026-09-15,32.0457006420136,4.585352041617687,1.0,31.181686899575162,31.181686899575162,3.855761266996393,0.9090909090909091,11
modern,NDX,30,markov_gex,2026-09-16,940.2629224579583,19.646926959190463,0.6666666666666666,39.15285380565022,111.77688471729184,15.195012004811227,0.6666666666666666,60
modern,NDX,30,markov_gex,2026-09-18,112.57189398763214,8.324509881398672,0.8666666666666667,31.155823762093913,39.28769761338057,5.961420157522464,0.3333333333333333,60
modern,NDX,30,markov_gex,2026-09-21,217.7945214812698,14.757863039114769,1.0,34.00035061558313,34.00035061558313,9.049635300848204,0.0,1
modern,NDX,30,markov_gex,2026-09-22,99.30244361238341,8.272026662971147,0.8771929824561403,34.678884087669765,38.56798913172931,5.996887955217037,0.3157894736842105,57
modern,NDX,30,markov_gex,2026-09-23,131.16311439500612,8.281453538697505,0.8444444444444444,33.625407572681056,45.15177974380487,6.506789369564762,0.5555555555555556,45
modern,NDX,30,markov_gex,2026-09-24,617.1907557126427,18.42386807697732,0.7540983606557377,56.98637006394783,91.59219362468951,13.558524680979627,0.4426229508196721,61
modern,NDX,30,markov_gex,2026-09-25,238.01582035140572,10.811488642370318,0.9508196721311475,50.26910538677683,56.58713028011284,8.14092578000326,0.5245901639344263,61
modern,NDX,30,markov_gex,2026-09-28,336.025020377783,13.759228602677014,0.8771929824561403,50.75403095888078,62.28819658886423,9.874089080383543,0.49122807017543857,57
modern,NDX,30,markov_gex,2026-09-29,175.62254866488766,10.267266125827604,0.9016393442622951,44.494545139940804,54.380474207472396,7.782271199859432,0.5737704918032787,61
modern,NDX,30,markov_price,2026-09-01,414.69758274867814,15.63184422675565,0.6666666666666666,42.48480171499016,79.16440830022546,11.71803347619887,0.7333333333333333,45
modern,NDX,30,markov_price,2026-09-04,89.98715116010712,7.856079304392113,1.0,44.29408715195507,44.29408715195507,6.233839498199931,0.75,16
modern,NDX,30,markov_price,2026-09-08,164.63625668659267,9.884305065665655,0.7837837837837838,38.51860317698015,49.71206354439939,7.332248092573101,0.5945945945945946,37
modern,NDX,30,markov_price,2026-09-09,673.5839255523314,20.73551977067252,0.8,69.50953161264471,94.11387935436277,14.85438548531649,0.8,15
modern,NDX,30,markov_price,2026-09-10,117.19781794363304,9.104015721976543,0.8913043478260869,40.749009134746004,46.536935215395644,6.871715608214979,0.6521739130434783,46
modern,NDX,30,markov_price,2026-09-11,220.0302190762806,10.020695030707696,0.9411764705882353,49.78490960670381,53.754438619971936,7.787044524248081,0.6764705882352942,34
modern,NDX,30,markov_price,2026-09-14,387.415360112408,14.59034404303365,0.9016393442622951,52.6512738448974,66.02047746926922,10.221328484013666,0.4262295081967213,61
modern,NDX,30,markov_price,2026-09-15,29.084753456708107,4.257531763908035,1.0,31.122622487346458,31.122622487346458,3.76128114728773,0.9090909090909091,11
modern,NDX,30,markov_price,2026-09-16,947.6898786251232,19.766581263776615,0.6666666666666666,39.13125203745981,112.11824220774268,15.254481256319021,0.65,60
modern,NDX,30,markov_price,2026-09-18,108.73711622787148,8.170479443105402,0.8666666666666667,31.096795596226738,38.789757663238795,5.866929787995308,0.3333333333333333,60
modern,NDX,30,markov_price,2026-09-21,189.49966055400552,13.76588756869696,1.0,33.79991143641266,33.79991143641266,8.345642986945196,0.0,1
modern,NDX,30,markov_price,2026-09-22,88.98095349334467,7.799062296308701,0.8771929824561403,34.63204583415762,37.48817969004208,5.719426390060905,0.3157894736842105,57
modern,NDX,30,markov_price,2026-09-23,131.34402941583173,8.29161386639868,0.8444444444444444,33.614974368990694,45.16698660558172,6.513803633960233,0.5555555555555556,45
modern,NDX,30,markov_price,2026-09-24,619.0610431467975,18.42930028746891,0.7540983606557377,57.003277001115464,91.75702934237003,13.574903268632779,0.4426229508196721,61
modern,NDX,30,markov_price,2026-09-25,237.96844148697974,10.811012697411423,0.9508196721311475,50.26387444715284,56.58052657537665,8.140541676592761,0.5245901639344263,61
modern,NDX,30,markov_price,2026-09-28,336.234035080577,13.764118264152753,0.8771929824561403,50.747681425734726,62.30097172007871,9.875616909211997,0.49122807017543857,57
modern,NDX,30,markov_price,2026-09-29,175.72060173266763,10.270470457016367,0.9016393442622951,44.50603182968316,54.39596417231695,7.784248266380408,0.5737704918032787,61
modern,NDX,30,momentum,2026-09-01,671.0224657835289,20.789934275369102,0.6222222222222222,47.879903499757496,92.87911896854622,14.777049749583039,0.4666666666666667,45
modern,NDX,30,momentum,2026-09-04,126.66675015422294,9.300404802905776,1.0,54.896923503022826,54.896923503022826,7.23443882508884,0.6875,16
modern,NDX,30,momentum,2026-09-08,165.93665346666293,9.590410244562129,0.8918918918918919,51.65167771055222,55.283121120807806,7.660438609120962,0.7027027027027027,37
modern,NDX,30,momentum,2026-09-09,1469.6334207256652,33.509974492506984,0.5333333333333333,71.798328289758,146.01509425680226,23.188512377070833,0.3333333333333333,15
modern,NDX,30,momentum,2026-09-10,222.47199808999886,11.980453771754934,0.8913043478260869,53.422372350285634,58.0007641496363,8.90025333543097,0.4782608695652174,46
modern,NDX,30,momentum,2026-09-11,498.4773745561813,15.786032737454377,0.7941176470588235,53.95773264003989,75.64966213697869,11.6400105934669,0.5294117647058824,34
modern,NDX,30,momentum,2026-09-14,548.214590536923,17.707559179436508,0.8032786885245902,51.78025902084174,76.33628794751726,12.482139059000646,0.5901639344262295,61
modern,NDX,30,momentum,2026-09-15,101.45658515258438,8.7890034179657,1.0,43.63457018484982,43.63457018484982,6.18112494352843,0.6363636363636364,11
modern,NDX,30,momentum,2026-09-16,1410.5375276345526,24.518263676667207,0.6333333333333333,47.23821939189448,139.29239769859805,19.021369924123643,0.55,60
modern,NDX,30,momentum,2026-09-18,143.13863376325108,9.352145914270876,0.8166666666666667,33.972590054122904,46.259538760034324,6.872065879504194,0.6,60
modern,NDX,30,momentum,2026-09-21,107.91028050660955,10.387987317407042,1.0,50.08191577426464,50.08191577426464,6.719056008560282,1.0,1
modern,NDX,30,momentum,2026-09-22,164.87138004061296,10.094018501201873,0.8421052631578947,39.235439472185824,44.66881819403995,7.303623461342546,0.49122807017543857,57
modern,NDX,30,momentum,2026-09-23,237.9590140711988,12.508800185717961,0.8222222222222222,44.49881209056435,55.82063811785493,8.755710197579369,0.4888888888888889,45
modern,NDX,30,momentum,2026-09-24,832.9103727905052,21.932931570120864,0.8032786885245902,63.20352526333859,102.05430808032827,15.931486081832881,0.5901639344262295,61
modern,NDX,30,momentum,2026-09-25,614.8196484151933,17.824560587340155,0.8688524590163934,58.4253050286707,87.95340685843152,12.894684845037684,0.3442622950819672,61
modern,NDX,30,momentum,2026-09-28,1014.5043951047422,23.165001033293308,0.7192982456140351,63.7158824764679,112.44129353081267,17.121244659208863,0.38596491228070173,57
modern,NDX,30,momentum,2026-09-29,351.96468866302405,15.113354144303955,0.7704918032786885,45.44148134502386,65.34030686591242,10.578025879658552,0.45901639344262296,61
modern,NDX,30,ou_gex,2026-09-01,442.62275684690036,16.290876243991722,0.8,63.60040382789353,75.52819173787442,12.015458926910044,0.5333333333333333,45
modern,NDX,30,ou_gex,2026-09-04,111.18720252512716,8.90506986253319,1.0,63.60040382789353,63.60040382789353,7.528010366299134,0.25,16
modern,NDX,30,ou_gex,2026-09-08,162.72834913247493,10.316278270268077,0.972972972972973,63.60040382789354,64.08359111313133,8.267568141879167,0.5135135135135135,37
modern,NDX,30,ou_gex,2026-09-09,732.9594845731491,21.9032810575545,0.8,63.60040382789353,97.41067759321018,15.501308962120579,0.06666666666666667,15
modern,NDX,30,ou_gex,2026-09-10,126.63311445255648,9.700654727678618,1.0,63.60040382789352,63.60040382789352,7.765504724492839,0.4782608695652174,46
modern,NDX,30,ou_gex,2026-09-11,210.02113144486975,10.472444905293575,0.9411764705882353,63.60040382789354,65.61179721663973,8.856017199060469,0.3235294117647059,34
modern,NDX,30,ou_gex,2026-09-14,357.8949827705405,14.236327377270596,0.9180327868852459,63.60040382789353,76.06100191365732,10.695291117310699,0.5573770491803278,61
modern,NDX,30,ou_gex,2026-09-15,42.47577959235542,5.518490011347405,1.0,58.156294371185204,58.156294371185204,6.039287251383464,0.5,11
modern,NDX,30,ou_gex,2026-09-16,966.049928715836,20.153204713331554,0.75,58.156294371185204,123.31530941087368,16.074800274249935,0.5,60
modern,NDX,30,ou_gex,2026-09-18,94.12479760173295,7.603677974116241,0.9833333333333333,58.156294371185204,58.50697624021138,6.8734185248901305,0.5,60
modern,NDX,30,ou_gex,2026-09-21,154.06345326155105,12.412229987457977,1.0,58.156294371185204,58.156294371185204,7.945722210853403,0.5,1
modern,NDX,30,ou_gex,2026-09-22,75.24660609947972,7.160590590886913,1.0,58.156294371185204,58.156294371185204,6.59065993757449,0.5,57
modern,NDX,30,ou_gex,2026-09-23,128.65667930556398,8.390833648893427,0.9777777777777777,58.156294371185204,58.37587262019877,7.407783550384086,0.5,45
modern,NDX,30,ou_gex,2026-09-24,596.4517502668834,18.106665376094544,0.8032786885245902,58.156294371185204,89.04562456994742,13.344994247959502,0.5,61
modern,NDX,30,ou_gex,2026-09-25,234.7264735726313,10.819947993467022,0.9344262295081968,54.81191158748197,63.971190827864305,8.68651610608252,0.5,61
modern,NDX,30,ou_gex,2026-09-28,331.7269707880744,13.709848245972942,0.8596491228070176,54.81191158748197,68.23751163947668,10.186395294064024,0.5,57
modern,NDX,30,ou_gex,2026-09-29,179.2093780648219,10.344401628431696,0.9508196721311475,54.81191158748197,59.53132015001129,7.979297780575371,0.5,61
modern,NDX,30,ou_price,2026-09-01,432.99552449599474,16.197023577565123,0.8222222222222222,61.841501631973,73.94358615089745,11.878098552645486,0.4888888888888889,45
modern,NDX,30,ou_price,2026-09-04,113.52041069144865,8.95572116104293,1.0,61.841501631973,61.841501631973,7.449323343548993,0.3125,16
modern,NDX,30,ou_price,2026-09-08,165.52983176182337,10.348269466762348,0.972972972972973,61.841501631973,62.507300967849325,8.213207433993949,0.35135135135135137,37
modern,NDX,30,ou_price,2026-09-09,697.3413542917702,21.08837122648826,0.8,61.841501631973,96.40637807831996,15.062845534820955,0.6,15
modern,NDX,30,ou_price,2026-09-10,125.65677834004394,9.636416526710741,1.0,61.841501631973,61.841501631973,7.642944996563052,0.5217391304347826,46
modern,NDX,30,ou_price,2026-09-11,207.35167092928017,10.277526073279112,0.9411764705882353,61.841501631973,64.63337654372806,8.726795198189336,0.47058823529411764,34
modern,NDX,30,ou_price,2026-09-14,367.2071146912745,14.380126394934603,0.9016393442622951,61.841501631973,75.97932093247026,10.736959738419225,0.3770491803278688,61
modern,NDX,30,ou_price,2026-09-15,41.46530969878363,5.48097182260909,1.0,56.04787523220657,56.04787523220657,5.856018158112346,0.45454545454545453,11
modern,NDX,30,ou_price,2026-09-16,972.0621035861911,20.188757525951363,0.75,56.04787523220657,124.29506677290277,16.081925211102618,0.35,60
modern,NDX,30,ou_price,2026-09-18,94.81072468115131,7.667146338456715,0.9833333333333333,56.04787523220657,56.546903069413375,6.746481241188294,0.35,60
modern,NDX,30,ou_price,2026-09-21,161.3959023377708,12.704168699201487,1.0,56.04787523220657,56.04787523220657,7.974633017280044,0.0,1
modern,NDX,30,ou_price,2026-09-22,74.32790350779747,7.0959916394221985,1.0,56.04787523220657,56.04787523220657,6.428303681426466,0.5964912280701754,57
modern,NDX,30,ou_price,2026-09-23,129.45120285813232,8.407006342609641,0.9777777777777777,56.04787523220657,56.52434441641427,7.29735098444439,0.4666666666666667,45
modern,NDX,30,ou_price,2026-09-24,608.1312436452498,18.29084225170737,0.7868852459016393,56.04787523220657,90.21118499947644,13.506462881485287,0.5081967213114754,61
modern,NDX,30,ou_price,2026-09-25,230.2889538156463,10.644499804010369,0.9180327868852459,53.553536057077096,62.89293258641105,8.577426524134852,0.7049180327868853,61
modern,NDX,30,ou_price,2026-09-28,325.18869765165914,13.530626670927296,0.8771929824561403,53.553536057077096,67.55309166740714,10.053155754501306,0.5964912280701754,57
modern,NDX,30,ou_price,2026-09-29,178.0338238364391,10.314302187676775,0.9508196721311475,53.553536057077096,58.47698027788936,7.903035726647208,0.5409836065573771,61
modern,NDX,30,random_walk,2026-09-01,433.9113020388054,16.236053257913834,0.6888888888888889,47.879903499757496,76.46471684461828,11.893683419111026,0.5,45
modern,NDX,30,random_walk,2026-09-04,105.43341217378247,8.545065458723002,1.0,54.896923503022826,54.896923503022826,6.875331333003183,0.5,16
modern,NDX,30,random_walk,2026-09-08,159.07613581330094,10.202857375587415,0.972972972972973,51.65167771055222,53.43353696521442,7.6184485223395875,0.5,37
modern,NDX,30,random_walk,2026-09-09,716.8672668861323,21.377402566401482,0.8,71.798328289758,103.73606154671356,15.578651847706427,0.5,15
modern,NDX,30,random_walk,2026-09-10,125.60312610917451,9.634308856452307,1.0,53.422372350285634,53.422372350285634,7.328998826500004,0.5,46
modern,NDX,30,random_walk,2026-09-11,212.0379034954692,10.46730808144639,0.9411764705882353,53.95773264003989,57.14264943602616,8.151699692536324,0.5,34
modern,NDX,30,random_walk,2026-09-14,360.5659610148169,14.285734961864721,0.8852459016393442,51.78025902084174,67.55346133586384,10.198971028444555,0.5,61
modern,NDX,30,random_walk,2026-09-15,42.47577959235542,5.518490011347405,1.0,43.63457018484982,43.63457018484982,4.925097406438947,0.5,11
modern,NDX,30,random_walk,2026-09-16,966.049928715836,20.153204713331554,0.7166666666666667,47.23821939189448,111.95379526421503,15.492009966326552,0.5,60
modern,NDX,30,random_walk,2026-09-18,94.12479760173295,7.603677974116241,0.8833333333333333,33.972590054122904,44.14795472539276,5.820576780314676,0.5,60
modern,NDX,30,random_walk,2026-09-21,154.06345326155105,12.412229987457977,1.0,50.08191577426464,50.08191577426464,7.610179189693574,0.5,1
modern,NDX,30,random_walk,2026-09-22,75.24660609947972,7.160590590886913,0.9122807017543859,39.235439472185824,40.16899027501006,5.5867058500318585,0.5,57
modern,NDX,30,random_walk,2026-09-23,128.65667930556398,8.390833648893427,0.9111111111111111,44.49881209056435,49.053347788934026,6.689449446174149,0.5,45
modern,NDX,30,random_walk,2026-09-24,596.4517502668834,18.106665376094544,0.8360655737704918,63.20352526333859,92.62359578195958,13.461748856403723,0.5,61
modern,NDX,30,random_walk,2026-09-25,234.7264735726313,10.819947993467022,0.9508196721311475,58.4253050286707,64.46703075092937,8.636715701944624,0.5,61
modern,NDX,30,random_walk,2026-09-28,331.7269707880744,13.709848245972942,0.9122807017543859,63.7158824764679,72.89809233386161,10.487711529077048,0.5,57
modern,NDX,30,random_walk,2026-09-29,179.2093780648219,10.344401628431696,0.9180327868852459,45.44148134502386,53.57391976483596,7.6502046098689815,0.5,61
modern,SPX,5,garch_gex,2026-09-01,18.019631378689034,3.5694102635972538,0.8444444444444444,12.667116765746192,14.133997063203706,2.4632530291491963,0.5,45
modern,SPX,5,garch_gex,2026-09-04,19.335407631662438,3.678856028136579,0.8125,12.014682356414887,15.571087000384116,2.5190595240788975,0.5,16
modern,SPX,5,garch_gex,2026-09-08,16.241715893277867,2.8223025909675337,0.918918918918919,11.937989790774528,15.446887362248168,2.174704471398198,0.5,37
modern,SPX,5,garch_gex,2026-09-09,43.459896952810176,5.372044949360618,0.8,17.912527849404402,25.36139114583781,3.7852117717220826,0.5,15
modern,SPX,5,garch_gex,2026-09-10,10.66457018617468,2.624240867559464,0.9565217391304348,12.676246198973478,12.86690422347055,1.9390769834012738,0.5,46
modern,SPX,5,garch_gex,2026-09-11,21.30069016371127,3.3975958943029743,0.8529411764705882,11.198110816861705,15.490216895920366,2.3835435008549153,0.5,34
modern,SPX,5,garch_gex,2026-09-14,22.368735146927527,3.4348328678148747,0.9016393442622951,13.675915595007117,17.39469130825193,2.4935082386251692,0.5,61
modern,SPX,5,garch_gex,2026-09-15,13.308194418876802,3.142652699169544,0.9090909090909091,11.262297289846842,11.805510429317037,2.132855218559557,0.5,11
modern,SPX,5,garch_gex,2026-09-16,77.71287023741858,5.730303591516471,0.6833333333333333,14.023080803084762,26.253523072311555,4.118049719502479,0.5,60
modern,SPX,5,garch_gex,2026-09-18,11.069610765305164,2.460001603313382,0.8666666666666667,9.071330506200303,12.010490258368806,1.7969010241464605,0.5,60
modern,SPX,5,garch_gex,2026-09-21,8.109361846286003,2.8476941279368475,1.0,10.121224808644998,10.121224808644998,1.7083519322945555,0.5,1
modern,SPX,5,garch_gex,2026-09-22,8.653290489276221,2.359911240910449,0.819672131147541,7.845428687280618,10.879544975862121,1.667614785761431,0.5,61
modern,SPX,5,garch_gex,2026-09-23,19.784429921045906,3.3006104896375392,0.8222222222222222,12.26576915128656,17.24834804839607,2.461948462905989,0.5,45
modern,SPX,5,garch_gex,2026-09-24,53.21461179399846,5.33011229033248,0.7540983606557377,16.86217815583935,26.56341959224734,3.8872616061267267,0.5,61
modern,SPX,5,garch_gex,2026-09-25,43.737034878568224,4.989280860049012,0.7540983606557377,15.61909937853972,22.94826065084908,3.5496203904490047,0.5,61
modern,SPX,5,garch_gex,2026-09-28,44.8722094463594,4.515690564677035,0.8070175438596491,17.169770522460354,25.59762304341347,3.511045144303159,0.5,57
modern,SPX,5,garch_gex,2026-09-29,21.977755866665827,3.35195714841238,0.8360655737704918,12.640046876385187,18.14699303479044,2.5458791403899506,0.5,61
modern,SPX,5,garch_price,2026-09-01,18.019631378689034,3.5694102635972538,0.8,11.12799066242985,14.152588417997393,2.4694133050248697,0.5,45
modern,SPX,5,garch_price,2026-09-04,19.335407631662438,3.678856028136579,0.8125,12.147653716056492,15.627846017040639,2.5233402389238937,0.5,16
modern,SPX,5,garch_price,2026-09-08,16.241715893277867,2.8223025909675337,0.8918918918918919,11.15298694376806,15.395372935034608,2.1678089405908088,0.5,37
modern,SPX,5,garch_price,2026-09-09,43.459896952810176,5.372044949360618,0.8,17.870610643301152,25.59729886074989,3.7926983274280537,0.5,15
modern,SPX,5,garch_price,2026-09-10,10.66457018617468,2.624240867559464,0.8913043478260869,9.709719640010912,11.547848387353739,1.8721181507508096,0.5,46
modern,SPX,5,garch_price,2026-09-11,21.30069016371127,3.3975958943029743,0.8823529411764706,11.828138339618826,15.758310653730135,2.3918296383316653,0.5,34
modern,SPX,5,garch_price,2026-09-14,22.368735146927527,3.4348328678148747,0.8688524590163934,12.636108702275358,17.018580289437015,2.4747832540712493,0.5,61
modern,SPX,5,garch_price,2026-09-15,13.308194418876802,3.142652699169544,0.7272727272727273,9.343137897120986,12.148634709417781,2.1424884499355743,0.5,11
modern,SPX,5,garch_price,2026-09-16,77.71287023741858,5.730303591516471,0.75,14.84742980237127,25.772050478434025,4.09060087303193,0.5,60
modern,SPX,5,garch_price,2026-09-18,11.069610765305164,2.460001603313382,0.85,9.021726739143997,12.051059262316802,1.7971050337692283,0.5,60
modern,SPX,5,garch_price,2026-09-21,8.109361846286003,2.8476941279368475,1.0,10.722353856497838,10.722353856497838,1.7224372678769988,0.5,1
modern,SPX,5,garch_price,2026-09-22,8.653290489276221,2.359911240910449,0.8688524590163934,8.66837945475653,11.07522780617452,1.6770224839083565,0.5,61
modern,SPX,5,garch_price,2026-09-23,19.784429921045906,3.3006104896375392,0.8222222222222222,11.905991960201739,17.378411516092488,2.467384699331363,0.5,45
modern,SPX,5,garch_price,2026-09-24,53.21461179399846,5.33011229033248,0.7540983606557377,17.4921504765097,26.938284449552604,3.9103256553579375,0.5,61
modern,SPX,5,garch_price,2026-09-25,43.737034878568224,4.989280860049012,0.7868852459016393,16.84760101895967,22.82861703166257,3.5555042715321954,0.5,61
modern,SPX,5,garch_price,2026-09-28,44.8722094463594,4.515690564677035,0.8070175438596491,17.40074609558686,25.779176064911358,3.5261306967338526,0.5,57
modern,SPX,5,garch_price,2026-09-29,21.977755866665827,3.35195714841238,0.819672131147541,12.216637575031946,18.16534606123265,2.5400378933683085,0.5,61
modern,SPX,5,kalman_gex,2026-09-01,19.33122352854292,3.6969182027153034,0.9555555555555556,15.936207510191212,16.63354954184936,2.5954456022447996,0.4888888888888889,45
modern,SPX,5,kalman_gex,2026-09-04,18.564494627316265,3.5491761430281246,0.875,16.202250964459516,16.69589092892235,2.552685790080374,0.6875,16
modern,SPX,5,kalman_gex,2026-09-08,16.833777943753194,2.883440239256599,0.972972972972973,16.06635544831659,18.256552480074618,2.360868793705676,0.527027027027027,37
modern,SPX,5,kalman_gex,2026-09-09,44.144169809669094,5.485401156795339,0.7333333333333333,16.117062865262742,22.8696430418862,3.8599425280085717,0.4666666666666667,15
modern,SPX,5,kalman_gex,2026-09-10,12.7185318928927,2.732561758067368,0.9782608695652174,15.93378258669231,16.51594981911375,2.1986330093727204,0.5,46
modern,SPX,5,kalman_gex,2026-09-11,22.45554969954805,3.4041669966709587,0.9117647058823529,16.09113572602301,19.551948050395183,2.6552270152454023,0.5294117647058824,34
modern,SPX,5,kalman_gex,2026-09-14,23.638895040192732,3.522866835386011,0.9016393442622951,15.90660298316233,19.589125031282613,2.720127494581501,0.4426229508196721,61
modern,SPX,5,kalman_gex,2026-09-15,14.472045054598357,3.186672060495988,1.0,14.85307696592759,14.85307696592759,2.2913384122834213,0.45454545454545453,11
modern,SPX,5,kalman_gex,2026-09-16,78.48012613297674,5.929944851927865,0.7833333333333333,14.621744233083174,34.888800339157086,4.610926705789368,0.5333333333333333,60
modern,SPX,5,kalman_gex,2026-09-18,11.271590828595828,2.4525506992540302,0.9666666666666667,14.621744233083174,15.588975002018252,2.038576312121751,0.5166666666666667,60
modern,SPX,5,kalman_gex,2026-09-21,7.687469803471175,2.772628681138384,1.0,15.190047960485396,15.190047960485396,1.8932286182429947,1.0,1
modern,SPX,5,kalman_gex,2026-09-22,8.8315578918655,2.353954796246303,0.9836065573770492,14.62062326664233,14.939411430236788,1.9071692261758426,0.5245901639344263,61
modern,SPX,5,kalman_gex,2026-09-23,19.82307605601,3.33539912555649,0.9111111111111111,14.644403647638436,17.816339915112398,2.496750115358509,0.5555555555555556,45
modern,SPX,5,kalman_gex,2026-09-24,53.768477866680115,5.4098001511761655,0.7868852459016393,14.62062326664233,25.043903452427674,3.846984752428292,0.47540983606557374,61
modern,SPX,5,kalman_gex,2026-09-25,46.949141494626986,5.126828580488243,0.7540983606557377,14.565599000206094,25.590842966428653,3.7649651873439285,0.5409836065573771,61
modern,SPX,5,kalman_gex,2026-09-28,49.82708458790381,4.785713435083951,0.7719298245614035,14.570558535506066,27.15167176966603,3.7322633680612767,0.49122807017543857,57
modern,SPX,5,kalman_gex,2026-09-29,22.29015845514154,3.388534464111046,0.8852459016393442,14.565599000206094,18.82427671159046,2.604479029028766,0.45901639344262296,61
modern,SPX,5,kalman_price,2026-09-01,19.196462372096565,3.7005827558844437,0.9555555555555556,16.03465667276717,16.609428734580334,2.593179307389574,0.5111111111111111,45
modern,SPX,5,kalman_price,2026-09-04,19.2103265990852,3.5888086187102837,0.875,16.31768174287743,16.86649969312438,2.590676515139597,0.6875,16
modern,SPX,5,kalman_price,2026-09-08,17.031573728512413,2.935018491310428,0.972972972972973,16.17536575818742,18.281744102495175,2.3827023585511866,0.581081081081081,37
modern,SPX,5,kalman_price,2026-09-09,45.037990091831496,5.565360392909236,0.7333333333333333,16.22950442155806,22.713846372776686,3.910576287060829,0.4666666666666667,15
modern,SPX,5,kalman_price,2026-09-10,12.93768948028978,2.7389114824549066,0.9565217391304348,16.031954275155634,16.661011303894153,2.2137541431469225,0.5,46
modern,SPX,5,kalman_price,2026-09-11,23.284459951605044,3.471948493991999,0.9117647058823529,16.20218097137933,19.78827998706729,2.6971787377884424,0.5,34
modern,SPX,5,kalman_price,2026-09-14,24.48064642097639,3.6191813910454713,0.9016393442622951,16.001489171382413,19.59345114101361,2.7755167368817024,0.45901639344262296,61
modern,SPX,5,kalman_price,2026-09-15,14.453402738577898,3.2032919017580714,1.0,14.993630520315525,14.993630520315525,2.2970745070330314,0.36363636363636365,11
modern,SPX,5,kalman_price,2026-09-16,78.30824815731704,5.9527856968396975,0.7833333333333333,14.727088768493978,34.79441909253496,4.615965921985378,0.4666666666666667,60
modern,SPX,5,kalman_price,2026-09-18,11.432592865918787,2.4832380339085045,0.9666666666666667,14.727088768493978,15.59760520496427,2.056234037913341,0.6166666666666667,60
modern,SPX,5,kalman_price,2026-09-21,5.743813359129806,2.396625410682655,1.0,15.346054841857594,15.346054841857594,1.776890055544503,1.0,1
modern,SPX,5,kalman_price,2026-09-22,8.980992183845052,2.3808340568071027,0.9836065573770492,14.725681398671986,15.026566456874189,1.9227085270676407,0.5573770491803278,61
modern,SPX,5,kalman_price,2026-09-23,20.57146039445745,3.3974948244431666,0.9111111111111111,14.755309560219104,17.960331376467614,2.5385930364631824,0.4888888888888889,45
modern,SPX,5,kalman_price,2026-09-24,54.76531023391847,5.406793342645891,0.7868852459016393,14.725681398671986,25.30026678089236,3.8760565447181796,0.4918032786885246,61
modern,SPX,5,kalman_price,2026-09-25,47.837559155742035,5.1590335542259576,0.7377049180327869,14.673353048619337,25.93706567971521,3.8012139859095306,0.47540983606557374,61
modern,SPX,5,kalman_price,2026-09-28,52.157791965268146,4.926551550961926,0.7543859649122807,14.680859556489317,27.896522552237347,3.8348317277153603,0.45614035087719296,57
modern,SPX,5,kalman_price,2026-09-29,22.853022560424996,3.4765579102452446,0.9016393442622951,14.673353048619337,18.910271716465257,2.6339126093734326,0.4262295081967213,61
modern,SPX,5,markov_gex,2026-09-01,17.758250480479468,3.56099650764604,0.8888888888888888,15.240042177776978,16.55998183322233,2.5500754759845923,0.4444444444444444,45
modern,SPX,5,markov_gex,2026-09-04,19.43726873000586,3.746858476713646,0.9375,15.580373150191546,16.246818603094553,2.5753507902129207,0.375,16
modern,SPX,5,markov_gex,2026-09-08,15.594182887645603,2.835307368638299,0.8918918918918919,11.6533632633361,16.010505439042234,2.193034571098589,0.5540540540540541,37
modern,SPX,5,markov_gex,2026-09-09,42.17931234085014,5.236396338511401,0.8,17.647977626480053,24.16113171223829,3.7262853532059883,0.4666666666666667,15
modern,SPX,5,markov_gex,2026-09-10,10.638188020492974,2.5993316639494863,0.8478260869565217,10.228845035961786,12.4604460081082,1.8978486567266095,0.5217391304347826,46
modern,SPX,5,markov_gex,2026-09-11,21.543758708889452,3.404154798527345,0.9117647058823529,12.60203281212945,15.518704195371878,2.374532922926174,0.5588235294117647,34
modern,SPX,5,markov_gex,2026-09-14,22.877046680379514,3.442361283379986,0.9016393442622951,13.505262981886414,17.06682998937249,2.4850314379263145,0.45901639344262296,61
modern,SPX,5,markov_gex,2026-09-15,13.201352891306085,3.142015174212808,0.6363636363636364,8.006671631569601,12.033068117860228,2.1610349699543465,0.5454545454545454,11
modern,SPX,5,markov_gex,2026-09-16,80.11854680596142,5.822486443907215,0.6,10.613624944588498,32.66797100451238,4.447224243044325,0.48333333333333334,60
modern,SPX,5,markov_gex,2026-09-18,11.114341118667529,2.4713434074218585,0.8833333333333333,9.929113225328624,12.69410987253696,1.8399344262559318,0.48333333333333334,60
modern,SPX,5,markov_gex,2026-09-21,8.566784854463263,2.926907045750388,1.0,11.177813652778346,11.177813652778346,1.7746888719942628,0.0,1
modern,SPX,5,markov_gex,2026-09-22,8.682108202157435,2.325617033670181,0.8688524590163934,8.734174306303233,11.065031060026094,1.6767000845935374,0.5573770491803278,61
modern,SPX,5,markov_gex,2026-09-23,19.144802889226344,3.224022408915144,0.8222222222222222,12.691672676296175,17.63198288906779,2.4574047084012194,0.5777777777777777,45
modern,SPX,5,markov_gex,2026-09-24,52.676502521183714,5.313588146471256,0.819672131147541,16.534612170477498,24.75033109440017,3.788336824953799,0.5573770491803278,61
modern,SPX,5,markov_gex,2026-09-25,43.54487704958794,4.966112903593147,0.7540983606557377,14.765948761241276,22.71434505074827,3.52342045854174,0.5409836065573771,61
modern,SPX,5,markov_gex,2026-09-28,44.72828142426606,4.494596223310263,0.7719298245614035,14.398218353162173,24.641763712025746,3.402398532987961,0.5087719298245614,57
modern,SPX,5,markov_gex,2026-09-29,21.837537182955206,3.322861680197351,0.8360655737704918,12.93457791437925,18.22525841467551,2.536576821433491,0.5081967213114754,61
modern,SPX,5,markov_price,2026-09-01,17.942452890428946,3.5818145726229558,0.8888888888888888,15.089431810180933,16.552027178648064,2.5599866969725156,0.4444444444444444,45
modern,SPX,5,markov_price,2026-09-04,19.391367830197744,3.7437895723384105,0.9375,15.550276030794505,16.236945486101895,2.573749967683851,0.375,16
modern,SPX,5,markov_price,2026-09-08,15.523966109508574,2.8069598793449932,0.8918918918918919,11.607240182990898,16.04049894399832,2.1827422222719455,0.581081081081081,37
modern,SPX,5,markov_price,2026-09-09,42.32388207778857,5.228611081134106,0.8,17.66333835539198,24.42194232581547,3.7268801100983793,0.6,15
modern,SPX,5,markov_price,2026-09-10,10.667167079223207,2.610540364643578,0.8260869565217391,10.22167254482475,12.465753070914497,1.9047587792672147,0.5217391304347826,46
modern,SPX,5,markov_price,2026-09-11,21.402269409556,3.398884902084352,0.9117647058823529,12.646773330488726,15.497330168903526,2.3658512386687325,0.5588235294117647,34
modern,SPX,5,markov_price,2026-09-14,22.581154252748785,3.428976742662014,0.9016393442622951,13.549670497761374,17.007228331117922,2.4759575526947244,0.4918032786885246,61
modern,SPX,5,markov_price,2026-09-15,13.182569130395025,3.1385124613518314,0.6363636363636364,8.016501781128394,12.013289711246903,2.158267642965341,0.5454545454545454,11
modern,SPX,5,markov_price,2026-09-16,80.1208178671124,5.822606016848994,0.6,10.614532744708248,32.66611886492526,4.446638288249831,0.48333333333333334,60
modern,SPX,5,markov_price,2026-09-18,11.10781693593991,2.4696728825945797,0.8833333333333333,9.917343340619755,12.683666616244343,1.8384407762046602,0.48333333333333334,60
modern,SPX,5,markov_price,2026-09-21,8.938630786191817,2.9897543019773076,1.0,11.217536297008127,11.217536297008127,1.807306645318488,0.0,1
modern,SPX,5,markov_price,2026-09-22,8.704072429548436,2.3277992872405187,0.8852459016393442,8.74169333417766,11.070915930404063,1.6783784837495972,0.5901639344262295,61
modern,SPX,5,markov_price,2026-09-23,19.136375702681754,3.2245434573499363,0.8222222222222222,12.69670751537899,17.63021378278367,2.4577242060833173,0.5555555555555556,45
modern,SPX,5,markov_price,2026-09-24,52.64726770210766,5.312960680171801,0.8032786885245902,16.538300129293557,24.751037433114345,3.788032614066782,0.5573770491803278,61
modern,SPX,5,markov_price,2026-09-25,43.543918874331695,4.965996460309796,0.7540983606557377,14.765985536187605,22.714716033746733,3.5233909467110305,0.5409836065573771,61
modern,SPX,5,markov_price,2026-09-28,44.73038956411089,4.49459976522353,0.7719298245614035,14.398099956526686,24.642237663845236,3.402444842707825,0.5087719298245614,57
modern,SPX,5,markov_price,2026-09-29,21.83832680934501,3.322929055700402,0.8360655737704918,12.934905418768574,18.225251853137756,2.5366105288107312,0.5081967213114754,61
modern,SPX,5,momentum,2026-09-01,19.948599350404372,3.7273089007234104,0.8666666666666667,12.407886327769903,15.06056063125231,2.550656578737033,0.5333333333333333,45
modern,SPX,5,momentum,2026-09-04,20.387735547766642,3.485610559475996,0.875,13.886286314257731,16.66661429102643,2.5770949581245746,0.625,16
modern,SPX,5,momentum,2026-09-08,20.56871278474782,3.17186356238197,0.8648648648648649,13.16267332521033,17.96570428739728,2.4583541123831667,0.47297297297297297,37
modern,SPX,5,momentum,2026-09-09,49.59156067780994,5.345063890408427,0.7333333333333333,17.39346993197625,26.32253544748165,3.974501473364007,0.6666666666666666,15
modern,SPX,5,momentum,2026-09-10,12.727306509121641,2.838116971687945,0.8695652173913043,11.588250672574198,12.516457315842231,2.033652357465318,0.4782608695652174,46
modern,SPX,5,momentum,2026-09-11,31.00094392110349,4.014801381446602,0.8823529411764706,13.680360054393992,19.314525120493673,2.878533461480785,0.4411764705882353,34
modern,SPX,5,momentum,2026-09-14,30.076123684095037,3.790263404761176,0.8688524590163934,14.260086173504368,19.619283508480155,2.8626685307804838,0.5737704918032787,61
modern,SPX,5,momentum,2026-09-15,15.52714759322425,3.19597446751802,0.8181818181818182,11.396335062162743,13.6580775123018,2.2805386301314843,0.45454545454545453,11
modern,SPX,5,momentum,2026-09-16,97.08270084609696,6.740973528186361,0.6666666666666666,13.681264543378381,31.119199937457513,4.857778767429959,0.4166666666666667,60
modern,SPX,5,momentum,2026-09-18,15.541437131341505,2.749083815031837,0.8333333333333334,9.788297350428113,14.4577684893457,2.1000367219058047,0.6,60
modern,SPX,5,momentum,2026-09-21,6.056776184167021,2.461051845079055,1.0,12.809669065598097,12.809669065598097,1.6418850453468086,1.0,1
modern,SPX,5,momentum,2026-09-22,12.52394282999255,2.8371191016968362,0.7868852459016393,9.457092997883104,12.479639084974805,2.0086073007162994,0.39344262295081966,61
modern,SPX,5,momentum,2026-09-23,26.501605470510377,3.8083596501783985,0.8,12.7304851061746,19.954803736047424,2.8531470964584664,0.4222222222222222,45
modern,SPX,5,momentum,2026-09-24,74.90364480789009,6.386272214698673,0.7868852459016393,17.924307907859664,30.568844090495848,4.681814787701273,0.4426229508196721,61
modern,SPX,5,momentum,2026-09-25,57.73815048063322,5.942160788809312,0.8032786885245902,18.599491672241943,25.24692634187595,4.175021376330074,0.4098360655737705,61
modern,SPX,5,momentum,2026-09-28,73.84355554911214,6.116865641062866,0.7719298245614035,18.416995839183294,30.726095321536082,4.584063802824754,0.42105263157894735,57
modern,SPX,5,momentum,2026-09-29,30.74150415011166,4.11697754714709,0.819672131147541,12.5032063147959,19.27734483637688,2.9830323835219166,0.4262295081967213,61
modern,SPX,5,ou_gex,2026-09-01,18.019631378689034,3.5694102635972538,0.9777777777777777,15.640750685999576,16.055884380894376,2.517837235835204,0.5,45
modern,SPX,5,ou_gex,2026-09-04,19.335407631662438,3.678856028136579,0.9375,15.640750685999576,16.992249689220774,2.5721558523981796,0.5,16
modern,SPX,5,ou_gex,2026-09-08,16.241715893277867,2.8223025909675337,0.9459459459459459,15.640750685999576,17.914508986087554,2.306264221720906,0.5,37
modern,SPX,5,ou_gex,2026-09-09,43.459896952810176,5.372044949360618,0.8,15.640750685999576,23.882668699225178,3.7610110308229525,0.5,15
modern,SPX,5,ou_gex,2026-09-10,10.66457018617468,2.624240867559464,1.0,15.640750685999578,15.640750685999578,2.0861074459301134,0.5,46
modern,SPX,5,ou_gex,2026-09-11,21.30069016371127,3.3975958943029743,0.9411764705882353,15.640750685999576,19.025043599117925,2.578716832123186,0.5,34
modern,SPX,5,ou_gex,2026-09-14,22.368735146927527,3.4348328678148747,0.9016393442622951,15.640750685999576,19.51025317985891,2.6420939362342146,0.5,61
modern,SPX,5,ou_gex,2026-09-15,13.331144027746092,3.144248845766927,1.0,14.377125162599002,14.377125162599002,2.2036023497331665,0.45454545454545453,11
modern,SPX,5,ou_gex,2026-09-16,78.04103374474853,5.712704767502544,0.8,14.377125162599002,34.821244137453085,4.521814226018473,0.5333333333333333,60
modern,SPX,5,ou_gex,2026-09-18,11.177540840262468,2.4749322905510436,0.9666666666666667,14.377125162599002,15.40310801073782,2.0221302603389533,0.4,60
modern,SPX,5,ou_gex,2026-09-21,8.415844296922428,2.9010074624037814,1.0,14.377125162599002,14.377125162599002,1.8964159180301972,0.0,1
modern,SPX,5,ou_gex,2026-09-22,8.675251119650307,2.357446987640637,0.9836065573770492,14.377125162599002,14.70707474134387,1.8851290417431363,0.5245901639344263,61
modern,SPX,5,ou_gex,2026-09-23,19.770394219104638,3.3007123426906286,0.8888888888888888,14.377125162599002,17.67140137610151,2.489529377550159,0.4222222222222222,45
modern,SPX,5,ou_gex,2026-09-24,53.145930909234885,5.329435625655922,0.7868852459016393,14.377125162599002,25.224916585257553,3.8165704201464448,0.5245901639344263,61
modern,SPX,5,ou_gex,2026-09-25,43.737034878568224,4.989280860049012,0.7540983606557377,14.322468875817313,24.2953581657786,3.6301250210820726,0.5,61
modern,SPX,5,ou_gex,2026-09-28,44.8722094463594,4.515690564677035,0.8245614035087719,14.322468875817314,25.827076726892457,3.4867400723968447,0.5,57
modern,SPX,5,ou_gex,2026-09-29,21.977755866665827,3.35195714841238,0.8852459016393442,14.322468875817313,18.754437504222473,2.582763234034869,0.5,61
modern,SPX,5,ou_price,2026-09-01,18.019631378689034,3.5694102635972538,0.9777777777777777,15.640750685999576,16.055884380894376,2.517837235835204,0.5,45
modern,SPX,5,ou_price,2026-09-04,19.335407631662438,3.678856028136579,0.9375,15.640750685999576,16.992249689220774,2.5721558523981796,0.5,16
modern,SPX,5,ou_price,2026-09-08,16.241715893277867,2.8223025909675337,0.9459459459459459,15.640750685999576,17.914508986087554,2.306264221720906,0.5,37
modern,SPX,5,ou_price,2026-09-09,43.459896952810176,5.372044949360618,0.8,15.640750685999576,23.882668699225178,3.7610110308229525,0.5,15
modern,SPX,5,ou_price,2026-09-10,10.66457018617468,2.624240867559464,1.0,15.640750685999578,15.640750685999578,2.0861074459301134,0.5,46
modern,SPX,5,ou_price,2026-09-11,21.30069016371127,3.3975958943029743,0.9411764705882353,15.640750685999576,19.025043599117925,2.578716832123186,0.5,34
modern,SPX,5,ou_price,2026-09-14,22.368735146927527,3.4348328678148747,0.9016393442622951,15.640750685999576,19.51025317985891,2.6420939362342146,0.5,61
modern,SPX,5,ou_price,2026-09-15,13.308194418876802,3.142652699169544,1.0,14.378839594748955,14.378839594748955,2.202389962242543,0.5,11
modern,SPX,5,ou_price,2026-09-16,77.71287023741858,5.730303591516471,0.8,14.378839594748955,34.63789318707859,4.513885484345547,0.5,60
modern,SPX,5,ou_price,2026-09-18,11.069610765305164,2.460001603313382,0.9666666666666667,14.378839594748955,15.401776435537935,2.0153591597338556,0.5,60
modern,SPX,5,ou_price,2026-09-21,8.109361846286003,2.8476941279368475,1.0,14.378839594748955,14.378839594748955,1.8756276549352626,0.5,1
modern,SPX,5,ou_price,2026-09-22,8.653290489276221,2.359911240910449,0.9836065573770492,14.378839594748955,14.700668544991709,1.884172668602661,0.5,61
modern,SPX,5,ou_price,2026-09-23,19.784429921045906,3.3006104896375392,0.8888888888888888,14.378839594748957,17.685864945408127,2.490147722473502,0.5,45
modern,SPX,5,ou_price,2026-09-24,53.21461179399846,5.33011229033248,0.7868852459016393,14.378839594748955,25.2376097295038,3.8184702752741013,0.5,61
modern,SPX,5,ou_price,2026-09-25,43.737034878568224,4.989280860049012,0.7540983606557377,14.322468875817313,24.2953581657786,3.6301250210820726,0.5,61
modern,SPX,5,ou_price,2026-09-28,44.8722094463594,4.515690564677035,0.8245614035087719,14.322468875817314,25.827076726892457,3.4867400723968447,0.5,57
modern,SPX,5,ou_price,2026-09-29,21.977755866665827,3.35195714841238,0.8852459016393442,14.322468875817313,18.754437504222473,2.582763234034869,0.5,61
modern,SPX,5,random_walk,2026-09-01,18.019631378689034,3.5694102635972538,0.8444444444444444,12.407886327769903,13.691452110220768,2.4637739670453436,0.5,45
modern,SPX,5,random_walk,2026-09-04,19.335407631662438,3.678856028136579,0.875,13.886286314257731,15.864378683114442,2.5325041454058894,0.5,16
modern,SPX,5,random_walk,2026-09-08,16.241715893277867,2.8223025909675337,0.918918918918919,13.16267332521033,16.416594690250108,2.217985429129047,0.5,37
modern,SPX,5,random_walk,2026-09-09,43.459896952810176,5.372044949360618,0.8,17.39346993197625,24.73539622071676,3.771363096531366,0.5,15
modern,SPX,5,random_walk,2026-09-10,10.66457018617468,2.624240867559464,0.9347826086956522,11.588250672574198,12.287419902614545,1.9003885450791487,0.5,46
modern,SPX,5,random_walk,2026-09-11,21.30069016371127,3.3975958943029743,0.9411764705882353,13.680360054393992,17.17999967327545,2.448421572311887,0.5,34
modern,SPX,5,random_walk,2026-09-14,22.368735146927527,3.4348328678148747,0.9016393442622951,14.260086173504368,17.84967004038143,2.5248077481253066,0.5,61
modern,SPX,5,random_walk,2026-09-15,13.308194418876802,3.142652699169544,0.9090909090909091,11.396335062162743,11.942369888595733,2.1435533029901763,0.5,11
modern,SPX,5,random_walk,2026-09-16,77.71287023741858,5.730303591516471,0.7333333333333333,13.681264543378381,27.99831878309636,4.2008426153342135,0.5,60
modern,SPX,5,random_walk,2026-09-18,11.069610765305164,2.460001603313382,0.8833333333333333,9.788297350428113,12.280911026062347,1.8151791855090906,0.5,60
modern,SPX,5,random_walk,2026-09-21,8.109361846286003,2.8476941279368475,1.0,12.809669065598097,12.809669065598097,1.798309093899511,0.5,1
modern,SPX,5,random_walk,2026-09-22,8.653290489276221,2.359911240910449,0.8852459016393442,9.457092997883104,11.12812938949634,1.6832237402793366,0.5,61
modern,SPX,5,random_walk,2026-09-23,19.784429921045906,3.3006104896375392,0.8666666666666667,12.7304851061746,17.35346691112443,2.471497819392303,0.5,45
modern,SPX,5,random_walk,2026-09-24,53.21461179399846,5.33011229033248,0.8360655737704918,17.924307907859664,26.52689686863406,3.8792286205295015,0.5,61
modern,SPX,5,random_walk,2026-09-25,43.737034878568224,4.989280860049012,0.8524590163934426,18.599491672241943,23.50114379452753,3.604314516672632,0.5,61
modern,SPX,5,random_walk,2026-09-28,44.8722094463594,4.515690564677035,0.8421052631578947,18.416995839183294,26.57609731298486,3.5769993610285358,0.5,57
modern,SPX,5,random_walk,2026-09-29,21.977755866665827,3.35195714841238,0.8360655737704918,12.5032063147959,18.003078606763754,2.53986072101692,0.5,61
modern,SPX,10,garch_gex,2026-09-01,36.577333411030125,5.031610067056156,0.8888888888888888,18.0565849523131,21.4227016835894,3.529108746331299,0.5,45
modern,SPX,10,garch_gex,2026-09-04,41.60583930765187,5.398079762789166,0.8125,16.972713696745533,22.19670644475592,3.687627116603461,0.5,16
modern,SPX,10,garch_gex,2026-09-08,19.93143267710685,3.566090064129172,0.8918918918918919,16.95063700035752,18.974240468878754,2.6693315166196263,0.5,37
modern,SPX,10,garch_gex,2026-09-09,69.46500917374395,6.541069447353948,0.8666666666666667,25.337945766538304,32.33783275745836,4.8224250137973055,0.5,15
modern,SPX,10,garch_gex,2026-09-10,20.902403011815085,3.651766981672668,0.9347826086956522,18.1646520354115,19.15908987958794,2.730172748846057,0.5,46
modern,SPX,10,garch_gex,2026-09-11,39.9336827277938,4.289207138053932,0.8823529411764706,15.761889796893225,21.799126551121795,3.2029766338281833,0.5,34
modern,SPX,10,garch_gex,2026-09-14,43.92471890488447,4.71432615682477,0.8688524590163934,19.420266402742158,24.542845454088248,3.5185986245416876,0.5,61
modern,SPX,10,garch_gex,2026-09-15,21.056576666696678,3.6652607546910243,0.9090909090909091,16.12471398824479,17.086472267871752,2.6792306704575077,0.5,11
modern,SPX,10,garch_gex,2026-09-16,199.48086827223148,8.802533040914083,0.7166666666666667,19.760638917741467,43.39577810327901,6.382855075255522,0.5,60
modern,SPX,10,garch_gex,2026-09-18,19.357926501396857,3.073033827604619,0.8666666666666667,12.866852903270976,18.06443871468001,2.4319269768198715,0.5,60
modern,SPX,10,garch_gex,2026-09-21,11.57140050292174,3.401676131397835,1.0,14.20461861472989,14.20461861472989,2.1029053413054792,0.5,1
modern,SPX,10,garch_gex,2026-09-22,15.850636107257861,3.257123307157241,0.819672131147541,11.064322983217064,14.562384545394773,2.3263094664159785,0.5,61
modern,SPX,10,garch_gex,2026-09-23,29.09248090496344,4.266819958224531,0.8666666666666667,17.38749478975835,20.582339502292644,3.110106132960129,0.5,45
modern,SPX,10,garch_gex,2026-09-24,90.90505223697282,6.662217686025781,0.8688524590163934,23.747991063597453,35.61459872633383,4.997919770316058,0.5,61
modern,SPX,10,garch_gex,2026-09-25,75.28906583370845,6.111667084520764,0.8688524590163934,21.945852201707424,31.05302615549921,4.461829519534199,0.5,61
modern,SPX,10,garch_gex,2026-09-28,80.76863567962201,6.169143971977367,0.8596491228070176,24.24382015904871,33.407538821228954,4.774348616021741,0.5,57
modern,SPX,10,garch_gex,2026-09-29,40.331325139055885,4.7520515851144,0.819672131147541,17.967644973218547,23.33353393766658,3.5444910142536714,0.5,61
modern,SPX,10,garch_price,2026-09-01,36.577333411030125,5.031610067056156,0.8,15.738866246400622,21.48789869144154,3.5395725258776287,0.5,45
modern,SPX,10,garch_price,2026-09-04,41.60583930765187,5.398079762789166,0.8125,17.177176016828714,22.500798332446664,3.6911355160103425,0.5,16
modern,SPX,10,garch_price,2026-09-08,19.93143267710685,3.566090064129172,0.8918918918918919,15.774996682239678,19.06208683114116,2.654458069253652,0.5,37
modern,SPX,10,garch_price,2026-09-09,69.46500917374395,6.541069447353948,0.8666666666666667,25.254294911492416,32.592868908802934,4.833059153752297,0.5,15
modern,SPX,10,garch_price,2026-09-10,20.902403011815085,3.651766981672668,0.8478260869565217,13.739613697856434,17.196336466052916,2.6212979394929983,0.5,46
modern,SPX,10,garch_price,2026-09-11,39.9336827277938,4.289207138053932,0.8823529411764706,16.729273748795244,21.964748094924275,3.22171435851307,0.5,34
modern,SPX,10,garch_price,2026-09-14,43.92471890488447,4.71432615682477,0.8360655737704918,17.869538237504106,24.159268354941595,3.491834504962128,0.5,61
modern,SPX,10,garch_price,2026-09-15,21.056576666696678,3.6652607546910243,0.8181818181818182,13.259616501852697,15.568299250260578,2.622522460643067,0.5,11
modern,SPX,10,garch_price,2026-09-16,199.48086827223148,8.802533040914083,0.75,20.99698088526366,42.54600907121741,6.33576126645112,0.5,60
modern,SPX,10,garch_price,2026-09-18,19.357926501396857,3.073033827604619,0.8666666666666667,12.81654575045738,18.211750909194834,2.4395308888440015,0.5,60
modern,SPX,10,garch_price,2026-09-21,11.57140050292174,3.401676131397835,1.0,15.188793473485465,15.188793473485465,2.143158377803117,0.5,1
modern,SPX,10,garch_price,2026-09-22,15.850636107257861,3.257123307157241,0.8524590163934426,12.31906409081116,14.794441211231335,2.3347729973855063,0.5,61
modern,SPX,10,garch_price,2026-09-23,29.09248090496344,4.266819958224531,0.8444444444444444,16.851029039146056,20.706255010531507,3.1126933292879055,0.5,45
modern,SPX,10,garch_price,2026-09-24,90.90505223697282,6.662217686025781,0.8688524590163934,24.69298213712493,36.480401772969856,5.04953185196719,0.5,61
modern,SPX,10,garch_price,2026-09-25,75.28906583370845,6.111667084520764,0.8688524590163934,23.816083771411105,31.781344630878635,4.505456626912431,0.5,61
modern,SPX,10,garch_price,2026-09-28,80.76863567962201,6.169143971977367,0.8596491228070176,24.590685294501338,33.93847298371711,4.80057178175235,0.5,57
modern,SPX,10,garch_price,2026-09-29,40.331325139055885,4.7520515851144,0.8032786885245902,17.337424719027542,23.43683977015803,3.544496205386896,0.5,61
modern,SPX,10,kalman_gex,2026-09-01,40.49989518594148,5.313022055197891,0.9555555555555556,22.387521445519006,23.159141765192246,3.723197384973542,0.4888888888888889,45
modern,SPX,10,kalman_gex,2026-09-04,39.475854149846334,5.061700897472521,0.9375,23.07971335523924,24.74441209360011,3.6860120340128,0.625,16
modern,SPX,10,kalman_gex,2026-09-08,23.83612339873519,3.98798949117132,0.972972972972973,22.727039200049795,23.365944747172655,3.077076460777875,0.32432432432432434,37
modern,SPX,10,kalman_gex,2026-09-09,74.02596754455355,7.056880936497288,0.8,22.859259083487295,31.91509008176207,4.892802372422394,0.4666666666666667,15
modern,SPX,10,kalman_gex,2026-09-10,29.74642336076004,4.229668467715686,0.9565217391304348,22.381183514735476,23.073101613839498,3.27822690065127,0.43478260869565216,46
modern,SPX,10,kalman_gex,2026-09-11,46.20137403393535,4.748934771775364,0.9117647058823529,22.791780891435707,27.94654957038701,3.7938338924053663,0.5294117647058824,34
modern,SPX,10,kalman_gex,2026-09-14,47.495153662898346,5.100317923910845,0.9180327868852459,22.310136202344584,26.84412889035019,3.8778496507795546,0.45901639344262296,61
modern,SPX,10,kalman_gex,2026-09-15,26.190416350679797,4.25720284905822,1.0,21.248668510867812,21.248668510867812,3.122907006106624,0.18181818181818182,11
modern,SPX,10,kalman_gex,2026-09-16,196.14168037033676,8.982810411159798,0.7666666666666667,20.644757110270568,54.65807741188428,7.067762724660915,0.4166666666666667,60
modern,SPX,10,kalman_gex,2026-09-18,20.315984112097976,3.2650370653203047,0.9333333333333333,20.644757110270568,21.625597768706402,2.7899711520807466,0.48333333333333334,60
modern,SPX,10,kalman_gex,2026-09-21,10.902100321875325,3.3018328730987165,1.0,22.117435081444345,22.117435081444345,2.514555808977574,1.0,1
modern,SPX,10,kalman_gex,2026-09-22,16.08720853895182,3.263365803241843,1.0,20.641823692617432,20.641823692617432,2.6412873323461805,0.5573770491803278,61
modern,SPX,10,kalman_gex,2026-09-23,30.75742617072297,4.311524775815834,0.9333333333333333,20.704050518276343,23.107591729921957,3.24506791870452,0.5333333333333333,45
modern,SPX,10,kalman_gex,2026-09-24,94.17758579766338,6.683513498645768,0.819672131147541,20.641823692617432,33.42307708839013,4.958336878422702,0.4918032786885246,61
modern,SPX,10,kalman_gex,2026-09-25,88.13131516184917,6.578716763368417,0.8524590163934426,20.78333597776895,34.49888214570989,4.903483732727528,0.5245901639344263,61
modern,SPX,10,kalman_gex,2026-09-28,102.03066662583876,7.132674450866305,0.7894736842105263,20.796507254953518,37.840149284612195,5.3843117238937275,0.41228070175438597,57
modern,SPX,10,kalman_gex,2026-09-29,41.944341479934366,4.789403917752824,0.8852459016393442,20.78333597776895,25.05813074265138,3.658066159254807,0.5245901639344263,61
modern,SPX,10,kalman_price,2026-09-01,40.411535854577245,5.404218436986429,0.9777777777777777,22.50936045883435,23.171914063419248,3.7296710554829513,0.4444444444444444,45
modern,SPX,10,kalman_price,2026-09-04,41.87625483427334,5.156746947910191,0.9375,23.24832809550107,25.23803127356834,3.7768453857710256,0.625,16
modern,SPX,10,kalman_price,2026-09-08,24.38363756472653,4.0962392007463135,0.972972972972973,22.877790275180686,23.389956741164315,3.1110856095869686,0.2972972972972973,37
modern,SPX,10,kalman_price,2026-09-09,76.62348506216595,7.190167478872696,0.8,23.019451152404283,32.22513466393077,4.980568718199219,0.4666666666666667,15
modern,SPX,10,kalman_price,2026-09-10,30.59893861887521,4.271800693916288,0.9565217391304348,22.502268512068138,23.311104124775383,3.312738550233907,0.43478260869565216,46
modern,SPX,10,kalman_price,2026-09-11,49.01113847046539,4.960128543235096,0.9117647058823529,22.948104555441276,28.469429271777834,3.8925565921155862,0.47058823529411764,34
modern,SPX,10,kalman_price,2026-09-14,50.812937842704805,5.414399727632192,0.9180327868852459,22.422303044346446,26.72115461917019,4.022025825999023,0.47540983606557374,61
modern,SPX,10,kalman_price,2026-09-15,25.564388499262783,4.140134818384096,1.0,21.44874618183273,21.44874618183273,3.1036428823619655,0.18181818181818182,11
modern,SPX,10,kalman_price,2026-09-16,197.30295799052266,9.031674264466233,0.7666666666666667,20.74810258615587,55.019306763598024,7.103589265632485,0.43333333333333335,60
modern,SPX,10,kalman_price,2026-09-18,20.583112248810753,3.3581584703005762,0.9166666666666666,20.74810258615587,21.64018007080069,2.8100593211942937,0.48333333333333334,60
modern,SPX,10,kalman_price,2026-09-21,6.665953427297214,2.5818507755672506,1.0,22.36210861702012,22.36210861702012,2.3415030220155377,1.0,1
modern,SPX,10,kalman_price,2026-09-22,16.778931402450834,3.3501569119860144,1.0,20.744390448705296,20.744390448705296,2.6786766003063422,0.5245901639344263,61
modern,SPX,10,kalman_price,2026-09-23,33.204910124875184,4.473194244477281,0.9333333333333333,20.82252847004712,23.646254441139895,3.3439742909210572,0.5333333333333333,45
modern,SPX,10,kalman_price,2026-09-24,98.43602399370522,6.801854169423628,0.819672131147541,20.744390448705296,34.01468050987977,5.055558747909836,0.5245901639344263,61
modern,SPX,10,kalman_price,2026-09-25,90.16007797321407,6.638726526956871,0.8688524590163934,20.85959211557973,34.73267929003731,4.961751442190723,0.4426229508196721,61
modern,SPX,10,kalman_price,2026-09-28,110.9436675208073,7.444022143952414,0.7894736842105263,20.879801757164167,39.9214153483026,5.63590220396132,0.37719298245614036,57
modern,SPX,10,kalman_price,2026-09-29,43.80146771783311,4.990919098497844,0.8688524590163934,20.85959211557973,25.446745513810978,3.7205832189112247,0.4918032786885246,61
modern,SPX,10,markov_gex,2026-09-01,35.93512420979133,5.020056502674699,0.8666666666666667,20.75671136533094,24.56788319822792,3.629515453815937,0.5333333333333333,45
modern,SPX,10,markov_gex,2026-09-04,40.72194352138838,5.355441096235399,0.75,21.21968961760101,23.872289157910764,3.79080598646145,0.625,16
modern,SPX,10,markov_gex,2026-09-08,19.658621934155523,3.5563124835726567,0.8648648648648649,15.882362701007294,19.722533891746227,2.6713767024408424,0.4594594594594595,37
modern,SPX,10,markov_gex,2026-09-09,68.71446418374353,6.64927840722474,0.8,24.030328099430328,31.35105851607602,4.783843471430138,0.4,15
modern,SPX,10,markov_gex,2026-09-10,20.496858001909317,3.5501255377690515,0.8260869565217391,13.947982136399135,18.276554231845697,2.636202361921416,0.6086956521739131,46
modern,SPX,10,markov_gex,2026-09-11,40.445568245399784,4.329372015807205,0.9411764705882353,17.173670959632734,20.786993199872615,3.1929516978218273,0.47058823529411764,34
modern,SPX,10,markov_gex,2026-09-14,46.02016247404548,4.697524034010675,0.8524590163934426,18.40065946365509,23.688050161145064,3.4779634365709917,0.5737704918032787,61
modern,SPX,10,markov_gex,2026-09-15,20.457624975295943,3.5277460523681636,0.7272727272727273,11.069065796595524,15.188586811543773,2.573018318967836,0.6363636363636364,11
modern,SPX,10,markov_gex,2026-09-16,199.04907183774418,8.80178740810235,0.6166666666666667,14.581447403651072,51.778238533814246,6.829815287239276,0.5166666666666667,60
modern,SPX,10,markov_gex,2026-09-18,19.874352047489495,3.0975739180543425,0.8833333333333333,13.657235951454107,18.409573099987675,2.5125014325283175,0.5,60
modern,SPX,10,markov_gex,2026-09-21,13.08063229331615,3.6167156776993337,1.0,15.326346505281906,15.326346505281906,2.244443479419747,0.0,1
modern,SPX,10,markov_gex,2026-09-22,15.99520084503657,3.278297137726592,0.8524590163934426,12.049921110056475,14.89378029884061,2.3498181287150413,0.4426229508196721,61
modern,SPX,10,markov_gex,2026-09-23,28.874447588281217,4.189016304379943,0.8444444444444444,17.379752802639082,20.839559736005153,3.1002668525616843,0.6,45
modern,SPX,10,markov_gex,2026-09-24,91.42507835454046,6.655744821168019,0.8852459016393442,22.56412608806517,33.98013104457113,4.888880072708798,0.5737704918032787,61
modern,SPX,10,markov_gex,2026-09-25,75.87868137115588,6.1148650367837725,0.8524590163934426,20.43205257046508,30.196246489581355,4.414745073982424,0.4918032786885246,61
modern,SPX,10,markov_gex,2026-09-28,81.0811548847414,6.163172568667547,0.7719298245614035,19.936772240373653,31.8748299809094,4.630366458700378,0.4824561403508772,57
modern,SPX,10,markov_gex,2026-09-29,39.982477266452435,4.724999072637288,0.819672131147541,17.958988340897676,22.603557758238193,3.509031359048004,0.5245901639344263,61
modern,SPX,10,markov_price,2026-09-01,36.57430556275379,5.0392008998444515,0.8666666666666667,20.571943954332617,24.907873600298192,3.6617230163130006,0.4666666666666667,45
modern,SPX,10,markov_price,2026-09-04,40.634531258264744,5.3504863813731545,0.75,21.199360043273035,23.868335470824327,3.7882203870251447,0.6875,16
modern,SPX,10,markov_price,2026-09-08,19.41989453466773,3.524972968478535,0.8648648648648649,15.835075622834594,19.743784436990907,2.6578033084536044,0.4594594594594595,37
modern,SPX,10,markov_price,2026-09-09,69.40910150650934,6.612520722155224,0.8666666666666667,24.07460165018475,31.468903163073797,4.802973917582707,0.3333333333333333,15
modern,SPX,10,markov_price,2026-09-10,20.636285376488733,3.603029337598425,0.8043478260869565,13.951740919180816,18.378292288887707,2.664637573772072,0.5652173913043478,46
modern,SPX,10,markov_price,2026-09-11,40.15140991124221,4.289698812466715,0.9411764705882353,17.251176839132103,20.82727971752838,3.172844423224294,0.6176470588235294,34
modern,SPX,10,markov_price,2026-09-14,44.95648384677885,4.675119620567971,0.8524590163934426,18.478927920382958,23.483154904027877,3.4534885504569677,0.5901639344262295,61
modern,SPX,10,markov_price,2026-09-15,20.43486843587366,3.543124052914021,0.8181818181818182,11.084628772334344,15.136752290159341,2.574430353786311,0.6363636363636364,11
modern,SPX,10,markov_price,2026-09-16,199.092389675332,8.798936640260013,0.6166666666666667,14.585547443112937,51.782951818504124,6.829071435965677,0.5166666666666667,60
modern,SPX,10,markov_price,2026-09-18,19.85930679207687,3.09259466035425,0.8833333333333333,13.644060039216424,18.395133490264787,2.5101829394551016,0.5,60
modern,SPX,10,markov_price,2026-09-21,13.97358908615127,3.7381264138805244,1.0,15.382893346823577,15.382893346823577,2.3025082488317246,0.0,1
modern,SPX,10,markov_price,2026-09-22,16.076477595243333,3.2905386732613087,0.8524590163934426,12.062461865015901,14.894957621029572,2.3553983818863515,0.4262295081967213,61
modern,SPX,10,markov_price,2026-09-23,28.83883648413853,4.186800452876866,0.8444444444444444,17.389865838969374,20.81838531189513,3.1001032931955597,0.6,45
modern,SPX,10,markov_price,2026-09-24,91.29975124725485,6.656478121074212,0.8852459016393442,22.573272844811065,33.96548991215029,4.88792416860864,0.5573770491803278,61
modern,SPX,10,markov_price,2026-09-25,75.8743031016988,6.114680550959284,0.8524590163934426,20.431909120228973,30.196873881774188,4.414679588018985,0.4918032786885246,61
modern,SPX,10,markov_price,2026-09-28,81.08874821495218,6.163540632402177,0.7719298245614035,19.93642907048343,31.875070419854122,4.630494652751003,0.4824561403508772,57
modern,SPX,10,markov_price,2026-09-29,39.98526132026181,4.725242256512063,0.819672131147541,17.959284366714886,22.604881310355147,3.509126412767157,0.5245901639344263,61
modern,SPX,10,momentum,2026-09-01,40.422913739813104,5.355378855292867,0.8222222222222222,17.547401125115893,21.857236079955804,3.6600734166837063,0.5777777777777777,45
modern,SPX,10,momentum,2026-09-04,48.576612766357684,5.289186587332916,0.75,19.63817443661918,25.52585375897064,3.9414821864013225,0.5625,16
modern,SPX,10,momentum,2026-09-08,28.4496452655552,3.9360843467464783,0.8918918918918919,18.61483113359901,21.821027502728075,3.0395217600414273,0.4864864864864865,37
modern,SPX,10,momentum,2026-09-09,86.77511600944634,6.343125577069198,0.8,24.598081074529443,36.52609593055197,5.067894138307082,0.6666666666666666,15
modern,SPX,10,momentum,2026-09-10,28.475605286057718,4.103608742585335,0.8478260869565217,16.38826126533357,19.522085625295887,3.014892002084977,0.5869565217391305,46
modern,SPX,10,momentum,2026-09-11,66.96785431642809,5.297824063061939,0.7941176470588235,19.346950727071114,28.20548419568544,4.131017160218923,0.5,34
modern,SPX,10,momentum,2026-09-14,66.16490625649327,6.085044557554027,0.819672131147541,20.16680726717893,27.26217859272019,4.327119538813154,0.5245901639344263,61
modern,SPX,10,momentum,2026-09-15,32.62425488590222,4.357813519492894,0.8181818181818182,16.11685160625858,22.511075097710588,3.1890803948011297,0.6363636363636364,11
modern,SPX,10,momentum,2026-09-16,243.58962413257984,10.328609110919013,0.55,19.348229867659857,53.58595743438481,7.729311321502615,0.55,60
modern,SPX,10,momentum,2026-09-18,33.088183600064774,4.201305405880509,0.85,13.842742865516069,21.808482547376983,3.14450514417646,0.5333333333333333,60
modern,SPX,10,momentum,2026-09-21,7.32092083882515,2.7057200222538085,1.0,18.11560772207992,18.11560772207992,2.059972792897163,1.0,1
modern,SPX,10,momentum,2026-09-22,27.68873218971734,4.266599428168876,0.7377049180327869,13.374349178229917,18.28601710826915,3.023242994738504,0.4098360655737705,61
modern,SPX,10,momentum,2026-09-23,47.61126873660094,5.531887021684088,0.7555555555555555,18.00362469274081,24.45238250154838,3.9137314925076736,0.4666666666666667,45
modern,SPX,10,momentum,2026-09-24,130.66105700702118,8.03146732276712,0.8524590163934426,25.348799339446455,41.1993914055314,5.940964381189533,0.5737704918032787,61
modern,SPX,10,momentum,2026-09-25,136.6653050327267,8.560904147561695,0.819672131147541,26.30365337612999,41.967767529382016,6.217740434380903,0.4262295081967213,61
modern,SPX,10,momentum,2026-09-28,176.3287713051758,9.522589815885958,0.7719298245614035,26.04556529394187,49.6281393870735,7.138838048911176,0.41228070175438597,57
modern,SPX,10,momentum,2026-09-29,65.16159372380564,6.261305550678078,0.7704918032786885,17.682203943533285,28.90498717404988,4.4444523663401645,0.3770491803278688,61
modern,SPX,10,ou_gex,2026-09-01,36.577333411030125,5.031610067056156,0.9555555555555556,22.119361745836887,23.028348144757334,3.568246144991874,0.5,45
modern,SPX,10,ou_gex,2026-09-04,41.60583930765187,5.398079762789166,0.875,22.119361745836887,23.73872967878855,3.7614240263451135,0.5,16
modern,SPX,10,ou_gex,2026-09-08,19.93143267710685,3.566090064129172,0.972972972972973,22.119361745836887,22.563768155709447,2.880136189978618,0.5,37
modern,SPX,10,ou_gex,2026-09-09,69.46500917374395,6.541069447353948,0.8,22.119361745836887,30.67848539255404,4.714037632826287,0.5,15
modern,SPX,10,ou_gex,2026-09-10,20.902403011815085,3.651766981672668,1.0,22.119361745836887,22.119361745836887,2.927447291775036,0.5,46
modern,SPX,10,ou_gex,2026-09-11,39.9336827277938,4.289207138053932,0.9411764705882353,22.119361745836887,26.538683681667038,3.52379099366797,0.5,34
modern,SPX,10,ou_gex,2026-09-14,43.92471890488447,4.71432615682477,0.8852459016393442,22.119361745836887,27.309288138533564,3.7110927139993826,0.5,61
modern,SPX,10,ou_gex,2026-09-15,20.974869545866415,3.660125785023493,1.0,20.27407846212853,20.27407846212853,2.842345850606193,0.6363636363636364,11
modern,SPX,10,ou_gex,2026-09-16,200.13956542737017,8.85497390061873,0.7833333333333333,20.274078462128532,54.8397697567536,6.969398551156658,0.43333333333333335,60
modern,SPX,10,ou_gex,2026-09-18,19.642389084339865,3.126350176134538,0.9333333333333333,20.274078462128532,21.496955272344856,2.7366861759976184,0.36666666666666664,60
modern,SPX,10,ou_gex,2026-09-21,12.306042264756519,3.5079969020448862,1.0,20.27407846212853,20.27407846212853,2.459204482789925,0.0,1
modern,SPX,10,ou_gex,2026-09-22,15.858839660236253,3.2566299662782687,1.0,20.27407846212853,20.27407846212853,2.6097925301173377,0.5081967213114754,61
modern,SPX,10,ou_gex,2026-09-23,28.960419011715576,4.260222927478363,0.9111111111111111,20.27407846212853,21.732112554472977,3.1713229965060825,0.5111111111111111,45
modern,SPX,10,ou_gex,2026-09-24,90.44367053143348,6.652501372116142,0.8360655737704918,20.27407846212853,33.22778819661581,4.83913857494229,0.5245901639344263,61
modern,SPX,10,ou_gex,2026-09-25,75.28906583370845,6.111667084520764,0.8852459016393442,20.255029730847383,31.521034740887448,4.511855732636445,0.5,61
modern,SPX,10,ou_gex,2026-09-28,80.76863567962201,6.169143971977367,0.8771929824561403,20.255029730847383,33.041658093793096,4.711858786517098,0.5,57
modern,SPX,10,ou_gex,2026-09-29,40.331325139055885,4.7520515851144,0.8852459016393442,20.255029730847383,24.406844457258575,3.5977198952949947,0.5,61
modern,SPX,10,ou_price,2026-09-01,36.577333411030125,5.031610067056156,0.9555555555555556,22.119361745836887,23.028348144757334,3.568246144991874,0.5,45
modern,SPX,10,ou_price,2026-09-04,41.60583930765187,5.398079762789166,0.875,22.119361745836887,23.73872967878855,3.7614240263451135,0.5,16
modern,SPX,10,ou_price,2026-09-08,19.93143267710685,3.566090064129172,0.972972972972973,22.119361745836887,22.563768155709447,2.880136189978618,0.5,37
modern,SPX,10,ou_price,2026-09-09,69.46500917374395,6.541069447353948,0.8,22.119361745836887,30.67848539255404,4.714037632826287,0.5,15
modern,SPX,10,ou_price,2026-09-10,20.902403011815085,3.651766981672668,1.0,22.119361745836887,22.119361745836887,2.927447291775036,0.5,46
modern,SPX,10,ou_price,2026-09-11,39.9336827277938,4.289207138053932,0.9411764705882353,22.119361745836887,26.538683681667038,3.52379099366797,0.5,34
modern,SPX,10,ou_price,2026-09-14,43.92471890488447,4.71432615682477,0.8852459016393442,22.119361745836887,27.309288138533564,3.7110927139993826,0.5,61
modern,SPX,10,ou_price,2026-09-15,21.056576666696678,3.6652607546910243,1.0,20.334749966081233,20.334749966081233,2.8484154761903735,0.5,11
modern,SPX,10,ou_price,2026-09-16,199.48086827223148,8.802533040914083,0.7833333333333333,20.334749966081233,54.77252158698139,6.962181190753554,0.5,60
modern,SPX,10,ou_price,2026-09-18,19.357926501396857,3.073033827604619,0.9333333333333333,20.334749966081233,21.513440432628425,2.7269396399634456,0.5,60
modern,SPX,10,ou_price,2026-09-21,11.57140050292174,3.401676131397835,1.0,20.334749966081233,20.334749966081233,2.427166321186245,0.5,1
modern,SPX,10,ou_price,2026-09-22,15.850636107257861,3.257123307157241,1.0,20.334749966081233,20.334749966081233,2.6130244104164064,0.5,61
modern,SPX,10,ou_price,2026-09-23,29.09248090496344,4.266819958224531,0.9111111111111111,20.334749966081233,21.784313792638457,3.1789022886915315,0.5,45
modern,SPX,10,ou_price,2026-09-24,90.90505223697282,6.662217686025781,0.8360655737704918,20.334749966081233,33.323447043994946,4.85001244426305,0.5,61
modern,SPX,10,ou_price,2026-09-25,75.28906583370845,6.111667084520764,0.8852459016393442,20.255029730847383,31.521034740887448,4.511855732636445,0.5,61
modern,SPX,10,ou_price,2026-09-28,80.76863567962201,6.169143971977367,0.8771929824561403,20.255029730847383,33.041658093793096,4.711858786517098,0.5,57
modern,SPX,10,ou_price,2026-09-29,40.331325139055885,4.7520515851144,0.8852459016393442,20.255029730847383,24.406844457258575,3.5977198952949947,0.5,61
modern,SPX,10,random_walk,2026-09-01,36.577333411030125,5.031610067056156,0.8222222222222222,17.547401125115893,21.38274149093496,3.49502831739932,0.5,45
modern,SPX,10,random_walk,2026-09-04,41.60583930765187,5.398079762789166,0.875,19.63817443661918,22.970806385241836,3.700586406847184,0.5,16
modern,SPX,10,random_walk,2026-09-08,19.93143267710685,3.566090064129172,0.9459459459459459,18.61483113359901,19.99067057898496,2.730234357114728,0.5,37
modern,SPX,10,random_walk,2026-09-09,69.46500917374395,6.541069447353948,0.8666666666666667,24.598081074529443,31.20660683800639,4.7805098608576335,0.5,15
modern,SPX,10,random_walk,2026-09-10,20.902403011815085,3.651766981672668,0.9130434782608695,16.38826126533357,17.92186338372882,2.669708181086228,0.5,46
modern,SPX,10,random_walk,2026-09-11,39.9336827277938,4.289207138053932,0.9411764705882353,19.346950727071114,23.92939753856652,3.328548703406348,0.5,34
modern,SPX,10,random_walk,2026-09-14,43.92471890488447,4.71432615682477,0.8852459016393442,20.16680726717893,25.023842361978677,3.550639010135806,0.5,61
modern,SPX,10,random_walk,2026-09-15,21.056576666696678,3.6652607546910243,0.9090909090909091,16.11685160625858,17.578110471201807,2.6911823319962562,0.5,11
modern,SPX,10,random_walk,2026-09-16,199.48086827223148,8.802533040914083,0.7333333333333333,19.348229867659857,45.701194794844376,6.504098542645101,0.5,60
modern,SPX,10,random_walk,2026-09-18,19.357926501396857,3.073033827604619,0.8833333333333333,13.842742865516069,18.348277648824457,2.448998365566266,0.5,60
modern,SPX,10,random_walk,2026-09-21,11.57140050292174,3.401676131397835,1.0,18.11560772207992,18.11560772207992,2.2925417772319787,0.5,1
modern,SPX,10,random_walk,2026-09-22,15.850636107257861,3.257123307157241,0.8852459016393442,13.374349178229917,15.040167575197744,2.344343492010571,0.5,61
modern,SPX,10,random_walk,2026-09-23,29.09248090496344,4.266819958224531,0.8888888888888888,18.00362469274081,20.841002750367537,3.127001602680094,0.5,45
modern,SPX,10,random_walk,2026-09-24,90.90505223697282,6.662217686025781,0.8688524590163934,25.348799339446455,36.889313497452925,5.037074797355758,0.5,61
modern,SPX,10,random_walk,2026-09-25,75.28906583370845,6.111667084520764,0.9180327868852459,26.30365337612999,33.85657673701628,4.61804587614885,0.5,61
modern,SPX,10,random_walk,2026-09-28,80.76863567962201,6.169143971977367,0.9122807017543859,26.04556529394187,34.7701898671604,4.854534953837548,0.5,57
modern,SPX,10,random_walk,2026-09-29,40.331325139055885,4.7520515851144,0.8360655737704918,17.682203943533285,23.80142974622215,3.558086164084836,0.5,61
modern,SPX,15,garch_gex,2026-09-01,69.79136688376539,6.968969318317249,0.8,22.283674081674636,31.244660544103812,4.849522376759748,0.5,45
modern,SPX,15,garch_gex,2026-09-04,56.059492060188525,6.340310413148472,0.875,20.764867932509226,24.898306704599086,4.2520042297704626,0.5,16
modern,SPX,15,garch_gex,2026-09-08,24.64586926750111,3.751983830716297,0.972972972972973,20.840672127956278,23.413650827623258,3.051379141661016,0.5,37
modern,SPX,15,garch_gex,2026-09-09,124.13755662677664,8.180491769871635,0.8,31.03943333370903,45.32917936074005,6.369927604460427,0.5,15
modern,SPX,15,garch_gex,2026-09-10,28.38866547703613,4.305991000706854,0.9565217391304348,22.52712983870711,23.942295192237516,3.288977545296258,0.5,46
modern,SPX,15,garch_gex,2026-09-11,50.77095164407673,4.752931745728026,0.9117647058823529,19.214400876455993,26.187661549054006,3.6084851333051153,0.5,34
modern,SPX,15,garch_gex,2026-09-14,70.92093128126875,6.0411266743240795,0.9016393442622951,23.878658366116124,30.320809463883474,4.390300559610574,0.5,61
modern,SPX,15,garch_gex,2026-09-15,17.78843945940097,3.6463095659048785,1.0,19.981881517289,19.981881517289,2.6846205887657466,0.5,11
modern,SPX,15,garch_gex,2026-09-16,305.5089751429357,10.947099443653375,0.65,24.116173014126254,51.83472468290003,7.950310968892907,0.5,60
modern,SPX,15,garch_gex,2026-09-18,26.10106568474474,3.865666032673471,0.8666666666666667,15.803581015892801,20.622803028840924,2.925951837794831,0.5,60
modern,SPX,15,garch_gex,2026-09-21,20.921068572298758,4.573955462430604,1.0,17.265753299134914,17.265753299134914,2.7677454948600815,0.5,1
modern,SPX,15,garch_gex,2026-09-22,19.497905039355945,3.567570669919569,0.8524590163934426,13.513999314251315,16.581757326570315,2.573567524581135,0.5,61
modern,SPX,15,garch_gex,2026-09-23,45.27208427006727,5.046161752952159,0.8666666666666667,21.34391543638194,27.030064540933036,3.8460545408273763,0.5,45
modern,SPX,15,garch_gex,2026-09-24,134.41371330216504,8.222398083729786,0.8524590163934426,28.966364215563896,43.63829752689591,6.168799340311614,0.5,61
modern,SPX,15,garch_gex,2026-09-25,108.59595300681512,6.8748981048540045,0.8360655737704918,26.706611469297563,38.075567842409455,5.3501915242110565,0.5,61
modern,SPX,15,garch_gex,2026-09-28,119.34724487681925,7.417257946632545,0.8596491228070176,29.64642667270409,40.60074729833743,5.782324803190606,0.5,57
modern,SPX,15,garch_gex,2026-09-29,54.83479170304204,5.650363314355777,0.8524590163934426,22.11366162252367,25.99567640444027,4.126940249585284,0.5,61
modern,SPX,15,garch_price,2026-09-01,69.79136688376539,6.968969318317249,0.7777777777777778,19.277936338552212,31.79840626039868,4.888574970778663,0.5,45
modern,SPX,15,garch_price,2026-09-04,56.059492060188525,6.340310413148472,0.875,21.03496982077576,25.129872106695792,4.2565626565412265,0.5,16
modern,SPX,15,garch_price,2026-09-08,24.64586926750111,3.751983830716297,0.9459459459459459,19.32313180383784,22.712812792012944,3.024877484130729,0.5,37
modern,SPX,15,garch_price,2026-09-09,124.13755662677664,8.180491769871635,0.8,30.90738944765497,45.9952144227606,6.397279160324711,0.5,15
modern,SPX,15,garch_price,2026-09-10,28.38866547703613,4.305991000706854,0.8260869565217391,16.837264677557048,21.325390543946995,3.1789745680648767,0.5,46
modern,SPX,15,garch_price,2026-09-11,50.77095164407673,4.752931745728026,0.9117647058823529,20.491212154022065,26.70343991419631,3.6445218371065886,0.5,34
modern,SPX,15,garch_price,2026-09-14,70.92093128126875,6.0411266743240795,0.8688524590163934,21.884838286703737,29.74634700785961,4.360157552465655,0.5,61
modern,SPX,15,garch_price,2026-09-15,17.78843945940097,3.6463095659048785,1.0,16.295669725677474,16.295669725677474,2.520989354739331,0.5,11
modern,SPX,15,garch_price,2026-09-16,305.5089751429357,10.947099443653375,0.6833333333333333,25.71503201430777,50.34683115796024,7.876619355757122,0.5,60
modern,SPX,15,garch_price,2026-09-18,26.10106568474474,3.865666032673471,0.8666666666666667,15.766508815456111,20.918888377965814,2.9360818126535486,0.5,60
modern,SPX,15,garch_price,2026-09-21,20.921068572298758,4.573955462430604,1.0,18.632743568690838,18.632743568690838,2.8105510456884795,0.5,1
modern,SPX,15,garch_price,2026-09-22,19.497905039355945,3.567570669919569,0.9180327868852459,15.16009348966767,17.30133248406938,2.606559432696014,0.5,61
modern,SPX,15,garch_price,2026-09-23,45.27208427006727,5.046161752952159,0.8666666666666667,20.654344376197965,26.954820521614952,3.8464009191739246,0.5,45
modern,SPX,15,garch_price,2026-09-24,134.41371330216504,8.222398083729786,0.8688524590163934,30.188376429804734,44.88513670732345,6.2344745130784265,0.5,61
modern,SPX,15,garch_price,2026-09-25,108.59595300681512,6.8748981048540045,0.8688524590163934,29.15619273770371,39.00780961304677,5.418448363290787,0.5,61
modern,SPX,15,garch_price,2026-09-28,119.34724487681925,7.417257946632545,0.8596491228070176,30.095654661062945,41.0404729290459,5.819651403818489,0.5,57
modern,SPX,15,garch_price,2026-09-29,54.83479170304204,5.650363314355777,0.8360655737704918,21.306297922593146,25.537174976638042,4.116968197086519,0.5,61
modern,SPX,15,kalman_gex,2026-09-01,78.4267323442391,7.123982133889229,0.8666666666666667,27.918325851879647,31.666249937890857,5.072997686632167,0.5555555555555556,45
modern,SPX,15,kalman_gex,2026-09-04,57.936300320987485,6.422261691983305,1.0,29.12416407119636,29.12416407119636,4.555137096891432,0.6875,16
modern,SPX,15,kalman_gex,2026-09-08,34.405329967104876,4.686493841038078,0.972972972972973,28.511111811836667,29.63167958144221,3.742989372787643,0.2972972972972973,37
modern,SPX,15,kalman_gex,2026-09-09,137.48661193544163,9.67599657316392,0.7333333333333333,28.741868834162936,39.77708878708024,6.677006991902834,0.5333333333333333,15
modern,SPX,15,kalman_gex,2026-09-10,51.18962852665703,5.942697197355718,0.9782608695652174,27.90724191011282,28.004851322120658,4.275635550515071,0.45652173913043476,46
modern,SPX,15,kalman_gex,2026-09-11,68.8180114196069,5.637050622985671,0.8823529411764706,28.624292392972006,34.65331532237919,4.661636550984152,0.5588235294117647,34
modern,SPX,15,kalman_gex,2026-09-14,80.99687648670866,6.668916369872782,0.9344262295081968,27.78297879564365,34.15356099591179,4.956427643858951,0.39344262295081966,61
modern,SPX,15,kalman_gex,2026-09-15,31.150211169273305,4.982631290826023,1.0,26.8699321184649,26.8699321184649,3.595262763856185,0.2727272727272727,11
modern,SPX,15,kalman_gex,2026-09-16,297.4933422698476,11.226275988120872,0.7666666666666667,25.817312724255622,69.66349759234825,8.993777955887037,0.38333333333333336,60
modern,SPX,15,kalman_gex,2026-09-18,28.624646013582815,4.104938748700852,0.9833333333333333,25.817312724255622,26.0887598455164,3.4091470503224697,0.5166666666666667,60
modern,SPX,15,kalman_gex,2026-09-21,19.79657653744756,4.44933439263083,1.0,28.36858586880243,28.36858586880243,3.2906511627813977,1.0,1
modern,SPX,15,kalman_gex,2026-09-22,19.70509187459283,3.6336564246380822,1.0,25.812189275718236,25.812189275718236,3.103247446032958,0.45901639344262296,61
modern,SPX,15,kalman_gex,2026-09-23,49.8638101081371,5.349288383014177,0.9111111111111111,25.92086858844294,29.246061808639528,4.099210385769213,0.4888888888888889,45
modern,SPX,15,kalman_gex,2026-09-24,141.12674208175588,8.548612792513927,0.8524590163934426,25.812189275718236,41.82703845027393,6.190467863436672,0.4098360655737705,61
modern,SPX,15,kalman_gex,2026-09-25,135.04555327706473,7.829433974967345,0.8032786885245902,26.06349683371992,43.22217598765793,6.022564660790906,0.45901639344262296,61
modern,SPX,15,kalman_gex,2026-09-28,166.94205059894256,8.791168225038614,0.7543859649122807,26.086639847965788,49.61429685114209,6.8077277840503765,0.42105263157894735,57
modern,SPX,15,kalman_gex,2026-09-29,57.774744222558574,5.866522469851763,0.8852459016393442,26.06349683371992,29.337706035290008,4.363824398645235,0.4262295081967213,61
modern,SPX,15,kalman_price,2026-09-01,78.36709322132761,7.1512243699306834,0.8666666666666667,28.025788000786456,31.449744674422593,5.0806539150033325,0.5555555555555556,45
modern,SPX,15,kalman_price,2026-09-04,63.6347473170243,6.700554145247104,1.0,29.31616643701542,29.31616643701542,4.740116039518991,0.6875,16
modern,SPX,15,kalman_price,2026-09-08,35.693312894398346,4.803790851753749,0.972972972972973,28.670693991317723,29.773973476978494,3.7956398178691457,0.2972972972972973,37
modern,SPX,15,kalman_price,2026-09-09,144.65362391068376,10.127011242840167,0.7333333333333333,28.91851188401616,40.84657902341721,6.888235951645113,0.5333333333333333,15
modern,SPX,15,kalman_price,2026-09-10,52.826336047612074,6.036514846690997,0.9565217391304348,28.013349611216228,28.165630063844166,4.327158735496309,0.45652173913043476,46
modern,SPX,15,kalman_price,2026-09-11,73.87401920611958,5.854399619100511,0.8823529411764706,28.79392496123082,35.48053056188299,4.801634197117359,0.5,34
modern,SPX,15,kalman_price,2026-09-14,88.62147014646149,7.141262939211631,0.9180327868852459,27.87307645975523,34.55515831249791,5.193012050453492,0.4426229508196721,61
modern,SPX,15,kalman_price,2026-09-15,28.2108498975035,4.681480101460789,1.0,27.078489773169032,27.078489773169032,3.5028337843124815,0.18181818181818182,11
modern,SPX,15,kalman_price,2026-09-16,300.05508294280753,11.365721123136781,0.7666666666666667,25.851351050973797,69.65707254901417,9.045121275346295,0.36666666666666664,60
modern,SPX,15,kalman_price,2026-09-18,28.154203534753186,4.083744729062782,0.9833333333333333,25.851351050973797,26.017253812962416,3.3951029669968835,0.5666666666666667,60
modern,SPX,15,kalman_price,2026-09-21,11.460753517998322,3.3853734680236274,1.0,28.659209526265972,28.659209526265972,3.0188610012239963,1.0,1
modern,SPX,15,kalman_price,2026-09-22,21.21665698385428,3.8205164726716063,1.0,25.84483012540185,25.84483012540185,3.1620492512711182,0.47540983606557374,61
modern,SPX,15,kalman_price,2026-09-23,54.61088845274348,5.638014897372281,0.9111111111111111,25.982075186702556,30.28331671724813,4.23863252734407,0.5333333333333333,45
modern,SPX,15,kalman_price,2026-09-24,151.12321591768625,8.813551231047605,0.8360655737704918,25.84483012540185,43.067464265023496,6.413034657029116,0.4262295081967213,61
modern,SPX,15,kalman_price,2026-09-25,139.0245371345898,8.00315958075126,0.8032786885245902,25.993719781270393,43.25063783920914,6.124831771804777,0.45901639344262296,61
modern,SPX,15,kalman_price,2026-09-28,186.5294463821886,9.322745369242984,0.7368421052631579,26.029589934489056,53.099095723309894,7.207169012836779,0.43859649122807015,57
modern,SPX,15,kalman_price,2026-09-29,62.05024324389458,6.112329863454075,0.9016393442622951,25.993719781270393,29.65724723254107,4.495081952975019,0.4426229508196721,61
modern,SPX,15,markov_gex,2026-09-01,67.44943780502759,6.80479338657797,0.8222222222222222,25.105451489118497,34.29553419155939,4.912403863486327,0.6222222222222222,45
modern,SPX,15,markov_gex,2026-09-04,55.19496206915083,6.28421643050563,0.875,25.664798246502183,28.80762880647597,4.449037911950034,0.5625,16
modern,SPX,15,markov_gex,2026-09-08,25.044755220350474,3.7823991070410483,0.918918918918919,19.222089200247577,22.55944481897995,3.0307333685745785,0.5135135135135135,37
modern,SPX,15,markov_gex,2026-09-09,121.69461973171843,8.372993574567609,0.8,29.058090459631213,42.79922402934367,6.272476156230265,0.5333333333333333,15
modern,SPX,15,markov_gex,2026-09-10,27.481410661732358,4.127055226755537,0.782608695652174,16.889062953457447,22.541821133252924,3.1677770791361537,0.6521739130434783,46
modern,SPX,15,markov_gex,2026-09-11,51.641326723103866,4.827038182737743,0.9411764705882353,20.78304620024584,25.08967971412929,3.5998043376473015,0.47058823529411764,34
modern,SPX,15,markov_gex,2026-09-14,75.21328788277289,6.0665988864329305,0.8852459016393442,22.26344082663172,28.43321779638697,4.33883874646405,0.5573770491803278,61
modern,SPX,15,markov_gex,2026-09-15,16.9097016542929,3.4831402985078985,0.9090909090909091,13.535657316481382,15.156893725677724,2.379208236743051,0.6363636363636364,11
modern,SPX,15,markov_gex,2026-09-16,302.65035872743954,10.929139153892212,0.5833333333333334,17.728166416949275,66.1305430316234,8.640505120808736,0.5166666666666667,60
modern,SPX,15,markov_gex,2026-09-18,27.596951374235385,4.0962849756087625,0.8666666666666667,16.622774807109117,21.35062090763083,3.0651650985806915,0.35,60
modern,SPX,15,markov_gex,2026-09-21,24.21881079543864,4.921261098076248,1.0,18.600392685651716,18.600392685651716,2.9785453444817187,0.0,1
modern,SPX,15,markov_gex,2026-09-22,20.088926627057557,3.6005174983434505,0.8852459016393442,14.70714920066673,17.46621663095189,2.6595323923949925,0.4426229508196721,61
modern,SPX,15,markov_gex,2026-09-23,44.70313347259495,4.928284593973085,0.8666666666666667,21.066691614447112,26.602290286519292,3.814155008929644,0.5777777777777777,45
modern,SPX,15,markov_gex,2026-09-24,135.45780709621602,8.147421894961102,0.8524590163934426,27.2624219344998,42.42559868010612,6.0433039252677405,0.5737704918032787,61
modern,SPX,15,markov_gex,2026-09-25,110.3957353072416,6.876514683095498,0.819672131147541,24.81823686082344,36.70074896100252,5.25819064018129,0.47540983606557374,61
modern,SPX,15,markov_gex,2026-09-28,119.34005111364883,7.385226394119871,0.8070175438596491,24.23194202296886,38.01892272680495,5.579148132957357,0.5087719298245614,57
modern,SPX,15,markov_gex,2026-09-29,54.26026412901498,5.652949686906263,0.8360655737704918,21.883737920742394,24.630559974512142,4.056265829025781,0.4918032786885246,61
modern,SPX,15,markov_price,2026-09-01,68.99546632208617,6.886178840850247,0.8222222222222222,24.889117222249283,34.9868176260418,4.976940066084646,0.6222222222222222,45
modern,SPX,15,markov_price,2026-09-04,54.99669033989073,6.275355417395917,0.875,25.647200656118954,28.800673074165545,4.444698862618099,0.5625,16
modern,SPX,15,markov_price,2026-09-08,24.615510084179345,3.7343080344745196,0.918918918918919,19.17026477360117,22.591003726772183,3.018358367791609,0.4864864864864865,37
modern,SPX,15,markov_price,2026-09-09,123.10461142994187,8.2689853977393,0.8,29.119433310093676,43.46066484218402,6.294568495488773,0.4,15
modern,SPX,15,markov_price,2026-09-10,27.93321739976233,4.208202050382411,0.782608695652174,16.898182611412526,22.640772199582784,3.225443379089231,0.6956521739130435,46
modern,SPX,15,markov_price,2026-09-11,51.42154267039696,4.775040708455899,0.9117647058823529,20.88223210280497,25.16258531907981,3.5799894280264626,0.5294117647058824,34
modern,SPX,15,markov_price,2026-09-14,72.82271839917918,6.038814921833615,0.8688524590163934,22.363966142568948,28.174209491007268,4.294014014067555,0.5409836065573771,61
modern,SPX,15,markov_price,2026-09-15,16.961418248215068,3.5091343017683467,0.9090909090909091,13.555216549074089,15.066206768705412,2.385096300234869,0.6363636363636364,11
modern,SPX,15,markov_price,2026-09-16,302.73516477000584,10.926377899977059,0.5833333333333334,17.73410071820016,66.10351701440622,8.63896701587365,0.5166666666666667,60
modern,SPX,15,markov_price,2026-09-18,27.5827151752472,4.091400520151683,0.85,16.608021595521993,21.3366111563189,3.0627309459512446,0.35,60
modern,SPX,15,markov_price,2026-09-21,26.025561685747963,5.101525427335236,1.0,18.668958428842004,18.668958428842004,3.072100601962024,0.0,1
modern,SPX,15,markov_price,2026-09-22,20.25291554119641,3.6134519133401906,0.8852459016393442,14.723046876507155,17.529016005200894,2.669368323207984,0.4426229508196721,61
modern,SPX,15,markov_price,2026-09-23,44.64810113333011,4.928769349786487,0.8666666666666667,21.07985404519942,26.586749307429788,3.814242356134553,0.6,45
modern,SPX,15,markov_price,2026-09-24,135.16557926696368,8.141132915274968,0.8524590163934426,27.274543286805947,42.399963721959715,6.040088914065945,0.6065573770491803,61
modern,SPX,15,markov_price,2026-09-25,110.38515056673403,6.876217951536923,0.819672131147541,24.81799255154796,36.70181464183412,5.258005937163867,0.47540983606557374,61
modern,SPX,15,markov_price,2026-09-28,119.35590961675439,7.385546079157947,0.8070175438596491,24.23146780467831,38.02037292970795,5.579379793469058,0.5087719298245614,57
modern,SPX,15,markov_price,2026-09-29,54.26638428789509,5.653349919408652,0.8360655737704918,21.884048466074695,24.63125283843853,4.056463342262632,0.4918032786885246,61
modern,SPX,15,momentum,2026-09-01,78.86286571904952,7.138046502001636,0.8,21.49108953423669,30.19867585329274,5.104152624910782,0.5555555555555556,45
modern,SPX,15,momentum,2026-09-04,71.38051985874564,6.741170998402183,0.875,24.051753424742756,28.87189476433876,4.805202205709699,0.625,16
modern,SPX,15,momentum,2026-09-08,35.704460376049866,4.315065579380959,0.918918918918919,22.79841896269587,26.18497762103687,3.483753893221549,0.5675675675675675,37
modern,SPX,15,momentum,2026-09-09,175.07121863641507,10.01993557139234,0.7333333333333333,30.126373642104447,51.77208320675568,7.455733731070518,0.4666666666666667,15
modern,SPX,15,momentum,2026-09-10,45.77636709985581,5.337535697263974,0.8260869565217391,20.071438935742723,24.401219682647834,3.8556961965918894,0.5869565217391305,46
modern,SPX,15,momentum,2026-09-11,96.12693101852778,6.793023405332991,0.8823529411764706,23.695078680046123,33.021289190802186,4.971223898772053,0.5,34
modern,SPX,15,momentum,2026-09-14,114.76647101976604,8.129136850692348,0.819672131147541,24.69919377282002,35.260717635898416,5.7317349274636396,0.5081967213114754,61
modern,SPX,15,momentum,2026-09-15,41.02985347806475,5.223006269156361,0.9090909090909091,19.73903134774449,23.157383412241998,3.679858040199849,0.45454545454545453,11
modern,SPX,15,momentum,2026-09-16,348.9386002507681,12.460340196868094,0.5666666666666667,23.696645300921976,64.50729693751825,9.267467190091738,0.55,60
modern,SPX,15,momentum,2026-09-18,46.82765271892372,5.1877488248848405,0.8,16.953828330533316,25.661253639505098,3.7789193894880992,0.55,60
modern,SPX,15,momentum,2026-09-21,13.180880902414502,3.63054829225759,1.0,22.18699764975925,22.18699764975925,2.6216501515677093,1.0,1
modern,SPX,15,momentum,2026-09-22,36.87922644855246,5.187668336399184,0.7704918032786885,16.380165564237405,20.798059447011575,3.53120200009038,0.39344262295081966,61
modern,SPX,15,momentum,2026-09-23,77.39558873325352,6.977462819900381,0.7777777777777778,22.04984700889328,29.559576989426787,4.936710226692785,0.4888888888888889,45
modern,SPX,15,momentum,2026-09-24,193.03292391964104,10.155281673172828,0.8032786885245902,31.045811986921546,48.64105408609715,7.434421862031991,0.5245901639344263,61
modern,SPX,15,momentum,2026-09-25,228.4548687341996,10.403903088064926,0.8360655737704918,32.21526457127727,56.00534156683151,7.882476494704286,0.39344262295081966,61
modern,SPX,15,momentum,2026-09-28,307.89951854065407,12.236095285753803,0.7543859649122807,31.899172516250076,64.46231923784163,9.230091965856515,0.3684210526315789,57
modern,SPX,15,momentum,2026-09-29,97.23947301518712,7.656139029656437,0.7868852459016393,21.656188594742524,33.85835465962961,5.380646229232406,0.4426229508196721,61
modern,SPX,15,ou_gex,2026-09-01,69.79136688376539,6.968969318317249,0.8444444444444444,27.090574856669033,29.701617113653256,4.828428170146176,0.5,45
modern,SPX,15,ou_gex,2026-09-04,56.059492060188525,6.340310413148472,0.9375,27.090574856669033,29.237606861893322,4.396351525443758,0.5,16
modern,SPX,15,ou_gex,2026-09-08,24.64586926750111,3.751983830716297,0.972972972972973,27.090574856669033,28.016101428730583,3.3320322977745747,0.5,37
modern,SPX,15,ou_gex,2026-09-09,124.13755662677664,8.180491769871635,0.8,27.090574856669033,41.319423024416515,6.168627944715468,0.5,15
modern,SPX,15,ou_gex,2026-09-10,28.38866547703613,4.305991000706854,0.9782608695652174,27.090574856669033,27.282155851447293,3.48056459374183,0.5,46
modern,SPX,15,ou_gex,2026-09-11,50.77095164407673,4.752931745728026,0.9411764705882353,27.090574856669033,32.23481862341647,4.047438171561608,0.5,34
modern,SPX,15,ou_gex,2026-09-14,70.92093128126875,6.0411266743240795,0.9016393442622951,27.090574856669033,33.49433522189334,4.629477008629062,0.5,61
modern,SPX,15,ou_gex,2026-09-15,18.06934083315754,3.6749319486545033,1.0,24.759576987175368,24.759576987175368,2.9790977558580027,0.6363636363636364,11
modern,SPX,15,ou_gex,2026-09-16,307.5694781068751,11.066732433032568,0.7833333333333333,24.75957698717537,69.44964534171906,8.873061016849107,0.43333333333333335,60
modern,SPX,15,ou_gex,2026-09-18,26.840970450387,3.9485866899534594,0.9666666666666667,24.75957698717537,25.232954254991565,3.2838593730118757,0.38333333333333336,60
modern,SPX,15,ou_gex,2026-09-21,22.401095194833356,4.732979526137141,1.0,24.75957698717537,24.75957698717537,3.1645502302689694,0.0,1
modern,SPX,15,ou_gex,2026-09-22,19.438054492707447,3.5684753595690597,0.9836065573770492,24.75957698717537,24.78802315291424,3.0222095225504626,0.4918032786885246,61
modern,SPX,15,ou_gex,2026-09-23,44.9681373223624,5.01997183259915,0.8888888888888888,24.75957698717537,27.776763453968133,3.9027710529249715,0.5333333333333333,45
modern,SPX,15,ou_gex,2026-09-24,133.59821248305872,8.200074844893033,0.8688524590163934,24.75957698717537,40.704178336635216,5.984662169398474,0.5737704918032787,61
modern,SPX,15,ou_gex,2026-09-25,108.59595300681512,6.8748981048540045,0.8360655737704918,24.807243782739487,38.703323594442566,5.359419125593453,0.5,61
modern,SPX,15,ou_gex,2026-09-28,119.34724487681925,7.417257946632545,0.8070175438596491,24.807243782739487,40.8730935842232,5.675716516321577,0.5,57
modern,SPX,15,ou_gex,2026-09-29,54.83479170304204,5.650363314355777,0.8688524590163934,24.807243782739487,28.389406188373304,4.242085940607026,0.5,61
modern,SPX,15,ou_price,2026-09-01,69.79136688376539,6.968969318317249,0.8444444444444444,27.090574856669033,29.701617113653256,4.828428170146176,0.5,45
modern,SPX,15,ou_price,2026-09-04,56.059492060188525,6.340310413148472,0.9375,27.090574856669033,29.237606861893322,4.396351525443758,0.5,16
modern,SPX,15,ou_price,2026-09-08,24.64586926750111,3.751983830716297,0.972972972972973,27.090574856669033,28.016101428730583,3.3320322977745747,0.5,37
modern,SPX,15,ou_price,2026-09-09,124.13755662677664,8.180491769871635,0.8,27.090574856669033,41.319423024416515,6.168627944715468,0.5,15
modern,SPX,15,ou_price,2026-09-10,28.38866547703613,4.305991000706854,0.9782608695652174,27.090574856669033,27.282155851447293,3.48056459374183,0.5,46
modern,SPX,15,ou_price,2026-09-11,50.77095164407673,4.752931745728026,0.9411764705882353,27.090574856669033,32.23481862341647,4.047438171561608,0.5,34
modern,SPX,15,ou_price,2026-09-14,70.92093128126875,6.0411266743240795,0.9016393442622951,27.090574856669033,33.49433522189334,4.629477008629062,0.5,61
modern,SPX,15,ou_price,2026-09-15,17.78843945940097,3.6463095659048785,1.0,24.904880731988275,24.904880731988275,2.976880790367346,0.5,11
modern,SPX,15,ou_price,2026-09-16,305.5089751429357,10.947099443653375,0.7666666666666667,24.90488073198828,69.22587586425962,8.831928575820573,0.5,60
modern,SPX,15,ou_price,2026-09-18,26.10106568474474,3.865666032673471,0.9833333333333333,24.90488073198828,25.37327432422408,3.2633334343072957,0.5,60
modern,SPX,15,ou_price,2026-09-21,20.921068572298758,4.573955462430604,1.0,24.90488073198828,24.90488073198828,3.1141902348978787,0.5,1
modern,SPX,15,ou_price,2026-09-22,19.497905039355945,3.567570669919569,0.9836065573770492,24.90488073198828,24.906604269100185,3.033562728900339,0.5,61
modern,SPX,15,ou_price,2026-09-23,45.27208427006727,5.046161752952159,0.8888888888888888,24.90488073198828,27.87365871994616,3.918704866685017,0.5,45
modern,SPX,15,ou_price,2026-09-24,134.41371330216504,8.222398083729786,0.8688524590163934,24.90488073198828,40.81883171599742,6.001107204003823,0.5,61
modern,SPX,15,ou_price,2026-09-25,108.59595300681512,6.8748981048540045,0.8360655737704918,24.807243782739487,38.703323594442566,5.359419125593453,0.5,61
modern,SPX,15,ou_price,2026-09-28,119.34724487681925,7.417257946632545,0.8070175438596491,24.807243782739487,40.8730935842232,5.675716516321577,0.5,57
modern,SPX,15,ou_price,2026-09-29,54.83479170304204,5.650363314355777,0.8688524590163934,24.807243782739487,28.389406188373304,4.242085940607026,0.5,61
modern,SPX,15,random_walk,2026-09-01,69.79136688376539,6.968969318317249,0.8,21.49108953423669,30.655731795512384,4.806423846911647,0.5,45
modern,SPX,15,random_walk,2026-09-04,56.059492060188525,6.340310413148472,0.9375,24.051753424742756,26.804894792628406,4.294725696840985,0.5,16
modern,SPX,15,random_walk,2026-09-08,24.64586926750111,3.751983830716297,0.972972972972973,22.79841896269587,24.860556456567764,3.119675837499345,0.5,37
modern,SPX,15,random_walk,2026-09-09,124.13755662677664,8.180491769871635,0.8,30.126373642104447,43.44179445017161,6.27842353268803,0.5,15
modern,SPX,15,random_walk,2026-09-10,28.38866547703613,4.305991000706854,0.9565217391304348,20.071438935742723,22.13818700578205,3.2019007233972867,0.5,46
modern,SPX,15,random_walk,2026-09-11,50.77095164407673,4.752931745728026,0.9411764705882353,23.695078680046123,29.039108801660966,3.796037635144591,0.5,34
modern,SPX,15,random_walk,2026-09-14,70.92093128126875,6.0411266743240795,0.9016393442622951,24.69919377282002,30.884935620101356,4.431052199479918,0.5,61
modern,SPX,15,random_walk,2026-09-15,17.78843945940097,3.6463095659048785,1.0,19.73903134774449,19.73903134774449,2.68680239692559,0.5,11
modern,SPX,15,random_walk,2026-09-16,305.5089751429357,10.947099443653375,0.6833333333333333,23.696645300921976,56.09707310098907,8.138253004126229,0.5,60
modern,SPX,15,random_walk,2026-09-18,26.10106568474474,3.865666032673471,0.8833333333333333,16.953828330533316,20.73031112976453,2.9432643872920554,0.5,60
modern,SPX,15,random_walk,2026-09-21,20.921068572298758,4.573955462430604,1.0,22.18699764975925,22.18699764975925,2.965299468001418,0.5,1
modern,SPX,15,random_walk,2026-09-22,19.497905039355945,3.567570669919569,0.9344262295081968,16.380165564237405,17.966857598243546,2.6328659760918116,0.5,61
modern,SPX,15,random_walk,2026-09-23,45.27208427006727,5.046161752952159,0.8666666666666667,22.04984700889328,27.11683906639254,3.8547877497831236,0.5,45
modern,SPX,15,random_walk,2026-09-24,134.41371330216504,8.222398083729786,0.8524590163934426,31.045811986921546,44.873080146724796,6.206648528206268,0.5,61
modern,SPX,15,random_walk,2026-09-25,108.59595300681512,6.8748981048540045,0.9016393442622951,32.21526457127727,41.3596160021741,5.570047399061203,0.5,61
modern,SPX,15,random_walk,2026-09-28,119.34724487681925,7.417257946632545,0.8596491228070176,31.899172516250076,42.40962098552919,5.8879534932153526,0.5,57
modern,SPX,15,random_walk,2026-09-29,54.83479170304204,5.650363314355777,0.819672131147541,21.656188594742524,27.177538833989352,4.161269750369298,0.5,61
modern,SPX,20,garch_gex,2026-09-01,101.84855773607015,7.8745747615657615,0.7555555555555555,25.919848110409234,38.05824209310346,5.826012749801078,0.5,45
modern,SPX,20,garch_gex,2026-09-04,77.36039924428908,6.932707311826562,0.9375,23.951843177270444,29.701103857450214,4.97357623082558,0.5,16
modern,SPX,20,garch_gex,2026-09-08,36.523205814374904,4.654268697647117,0.918918918918919,24.15484862556922,27.135147160080955,3.686993285485253,0.5,37
modern,SPX,20,garch_gex,2026-09-09,181.9536005359736,11.027370488923044,0.8,35.849014786213594,53.03367495781133,7.882629635923431,0.5,15
modern,SPX,20,garch_gex,2026-09-10,41.632776782017906,5.236332118199599,0.9565217391304348,26.323442833534337,27.42803146883356,3.962967792352258,0.5,46
modern,SPX,20,garch_gex,2026-09-11,58.79797966739299,5.312666289579818,0.8529411764705882,22.084796420647546,28.329231377716027,3.981361682755893,0.5,34
modern,SPX,20,garch_gex,2026-09-14,98.90501994212659,7.20398777431296,0.9180327868852459,27.676969165063706,35.31428638723625,5.18539854562156,0.5,61
modern,SPX,20,garch_gex,2026-09-15,26.734109233139122,3.744595221951551,0.9090909090909091,23.333012519314646,23.529076798188637,3.2246319275951505,0.5,11
modern,SPX,20,garch_gex,2026-09-16,434.07722498496867,13.46628185049849,0.7,27.749721403214828,63.92334761911153,9.72231885226241,0.5,60
modern,SPX,20,garch_gex,2026-09-18,32.6651119768219,4.564951036980104,0.8833333333333333,18.298532028356473,22.96255909363922,3.3568391419879378,0.5,60
modern,SPX,20,garch_gex,2026-09-21,26.031224081088766,5.10208036795666,1.0,19.78763915123618,19.78763915123618,3.1024364557592636,0.5,1
modern,SPX,20,garch_gex,2026-09-22,24.141340372029084,3.97629943592846,0.8524590163934426,15.56276018083551,19.005626413336053,2.8726286972363844,0.5,61
modern,SPX,20,garch_gex,2026-09-23,60.233786152806566,5.643875257555111,0.8444444444444444,24.700220996253748,30.693800638050952,4.4518592510549855,0.5,45
modern,SPX,20,garch_gex,2026-09-24,166.58733832928436,9.128282557880471,0.819672131147541,33.312552626527314,51.122900227554666,6.978697827073226,0.5,61
modern,SPX,20,garch_gex,2026-09-25,147.96052196685298,8.128674079857044,0.9016393442622951,30.644164066604446,44.84044945283782,6.160667855123148,0.5,61
modern,SPX,20,garch_gex,2026-09-28,136.0004083679103,8.193261098503921,0.8947368421052632,34.179995973963635,45.992085114913664,6.3658904437683,0.5,57
modern,SPX,20,garch_gex,2026-09-29,69.62824192974632,6.641002619441037,0.8688524590163934,25.654141701728996,30.491371828483054,4.674079898812402,0.5,61
modern,SPX,20,garch_price,2026-09-01,101.84855773607015,7.8745747615657615,0.6888888888888889,22.262357501707204,40.11938587592074,5.888269709218542,0.5,45
modern,SPX,20,garch_price,2026-09-04,77.36039924428908,6.932707311826562,0.9375,24.285994487909505,29.76821571914413,4.989589893362519,0.5,16
modern,SPX,20,garch_price,2026-09-08,36.523205814374904,4.654268697647117,0.8918918918918919,22.315623440889226,26.99735392048275,3.6716976137231465,0.5,37
modern,SPX,20,garch_price,2026-09-09,181.9536005359736,11.027370488923044,0.8,35.662659699533556,53.72565046627684,7.911870963323955,0.5,15
modern,SPX,20,garch_price,2026-09-10,41.632776782017906,5.236332118199599,0.782608695652174,19.45319137830189,25.380371682279716,3.8903439324572147,0.5,46
modern,SPX,20,garch_price,2026-09-11,58.79797966739299,5.312666289579818,0.8823529411764706,23.663620884831648,28.48566354183186,4.022201523784003,0.5,34
modern,SPX,20,garch_price,2026-09-14,98.90501994212659,7.20398777431296,0.8852459016393442,25.269491703917748,34.61386645619421,5.1590460820383965,0.5,61
modern,SPX,20,garch_price,2026-09-15,26.734109233139122,3.744595221951551,0.9090909090909091,18.880362795707416,21.306148944526264,3.037726079170685,0.5,11
modern,SPX,20,garch_price,2026-09-16,434.07722498496867,13.46628185049849,0.7333333333333333,29.691712975638783,61.50854150480724,9.593317790473785,0.5,60
modern,SPX,20,garch_price,2026-09-18,32.6651119768219,4.564951036980104,0.8666666666666667,18.284301332216945,23.208409917743975,3.370847738724016,0.5,60
modern,SPX,20,garch_price,2026-09-21,26.031224081088766,5.10208036795666,1.0,21.54983864355526,21.54983864355526,3.163457790875115,0.5,1
modern,SPX,20,garch_price,2026-09-22,24.141340372029084,3.97629943592846,0.8688524590163934,17.587538901141517,19.63431386985271,2.9209329665898,0.5,61
modern,SPX,20,garch_price,2026-09-23,60.233786152806566,5.643875257555111,0.8444444444444444,23.867878634978215,31.059848916349406,4.455070674940086,0.5,45
modern,SPX,20,garch_price,2026-09-24,166.58733832928436,9.128282557880471,0.8360655737704918,34.796449209988054,52.731501760446164,7.065324451759568,0.5,61
modern,SPX,20,garch_price,2026-09-25,147.96052196685298,8.128674079857044,0.9016393442622951,33.65214613445988,46.50033412112793,6.252063481366697,0.5,61
modern,SPX,20,garch_price,2026-09-28,136.0004083679103,8.193261098503921,0.9122807017543859,34.72646636530435,46.882242177474296,6.423401405986948,0.5,57
modern,SPX,20,garch_price,2026-09-29,69.62824192974632,6.641002619441037,0.8688524590163934,24.68406780794543,30.082486667807206,4.658660118267861,0.5,61
modern,SPX,20,kalman_gex,2026-09-01,115.34711502499688,8.38466621278866,0.8666666666666667,33.01284229522647,39.6917116385163,6.086253452955361,0.5333333333333333,45
modern,SPX,20,kalman_gex,2026-09-04,90.39652737092796,8.399018519969264,1.0,34.78955346061961,34.78955346061961,5.654388915224304,0.625,16
modern,SPX,20,kalman_gex,2026-09-08,53.13252373359352,5.801848787794874,0.972972972972973,33.887934138182686,35.01486700716693,4.575719102591581,0.35135135135135137,37
modern,SPX,20,kalman_gex,2026-09-09,206.12056046633745,12.46780512342559,0.7333333333333333,34.22846268529564,48.80019009004101,8.372906577068115,0.5333333333333333,15
modern,SPX,20,kalman_gex,2026-09-10,79.99994585297928,7.578799715023541,0.9565217391304348,32.996456549603884,33.18869517182859,5.292248246367666,0.4782608695652174,46
modern,SPX,20,kalman_gex,2026-09-11,94.58221520173471,6.435936591516486,0.8529411764705882,34.05519646774388,40.05750328281306,5.523114968141029,0.47058823529411764,34
modern,SPX,20,kalman_gex,2026-09-14,119.1655094602723,8.186715098020164,0.9180327868852459,32.81273678596434,42.02822000452558,6.006015639903148,0.4098360655737705,61
modern,SPX,20,kalman_gex,2026-09-15,51.43621676449939,5.693573629297727,1.0,32.14663317667734,32.14663317667734,4.453379020864862,0.36363636363636365,11
modern,SPX,20,kalman_gex,2026-09-16,435.5530824707861,14.195594214701648,0.7166666666666667,30.59607736651976,87.67788163722606,11.29173036745346,0.43333333333333335,60
modern,SPX,20,kalman_gex,2026-09-18,36.619371321842195,4.771444428592411,1.0,30.59607736651976,30.59607736651976,3.9423006325431786,0.55,60
modern,SPX,20,kalman_gex,2026-09-21,24.529053908267382,4.952681486656232,1.0,34.33516877541724,34.33516877541724,3.852850564875643,1.0,1
modern,SPX,20,kalman_gex,2026-09-22,25.31630222918827,4.193808112244391,1.0,30.588517050580016,30.588517050580016,3.607908913273328,0.4262295081967213,61
modern,SPX,20,kalman_gex,2026-09-23,69.2004591643681,6.13610834578246,0.9111111111111111,30.74888142952653,33.430570712552644,4.860234106421739,0.4888888888888889,45
modern,SPX,20,kalman_gex,2026-09-24,182.48627140385994,9.684510669494626,0.8360655737704918,30.588517050580016,49.21573276339682,7.2295997318930025,0.45901639344262296,61
modern,SPX,20,kalman_gex,2026-09-25,198.10640783442466,9.31359907503636,0.8524590163934426,30.910522428098275,52.33765108173049,7.232634690432898,0.4426229508196721,61
modern,SPX,20,kalman_gex,2026-09-28,215.51568852100561,10.487472052160259,0.7719298245614035,30.944800336873687,54.617398230806565,7.805663875182994,0.3508771929824561,57
modern,SPX,20,kalman_gex,2026-09-29,73.75201007369043,6.726898548604382,0.9016393442622951,30.910522428098275,34.18189538413663,4.970267256170697,0.5245901639344263,61
modern,SPX,20,kalman_price,2026-09-01,116.5991300456322,8.481802644869672,0.8666666666666667,33.081111764775606,39.668097395890875,6.124143188274962,0.5333333333333333,45
modern,SPX,20,kalman_price,2026-09-04,101.61692851039058,8.82643877289922,0.9375,34.98623953426921,35.08748148515131,5.956673864188257,0.625,16
modern,SPX,20,kalman_price,2026-09-08,55.53950956809192,5.817140821536282,0.972972972972973,34.03523553851026,35.14870207186595,4.646870044895034,0.40540540540540543,37
modern,SPX,20,kalman_price,2026-09-09,218.13439698377402,12.91594600592778,0.6666666666666666,34.401681414227134,49.710374157242505,8.664732692979713,0.5333333333333333,15
modern,SPX,20,kalman_price,2026-09-10,83.04126801898505,7.700036330459997,0.9565217391304348,33.062677647994846,33.389266596579475,5.370638897062315,0.45652173913043476,46
modern,SPX,20,kalman_price,2026-09-11,102.87155272252974,6.816609374811804,0.8529411764705882,34.21774496930426,41.21734914906798,5.718617242679153,0.4411764705882353,34
modern,SPX,20,kalman_price,2026-09-14,133.3671805943395,8.686621381795337,0.8852459016393442,32.85475712299343,42.617459418705984,6.352757047066014,0.45901639344262296,61
modern,SPX,20,kalman_price,2026-09-15,46.04301514979043,5.352993932898226,1.0,32.330394458529504,32.330394458529504,4.313294667401002,0.2727272727272727,11
modern,SPX,20,kalman_price,2026-09-16,438.9406708262639,14.330166985708368,0.7166666666666667,30.515178596123988,88.02062359204056,11.372948458789628,0.4,60
modern,SPX,20,kalman_price,2026-09-18,35.35213120267809,4.712949254563507,1.0,30.515178596123988,30.515178596123988,3.8991784606381494,0.5833333333333334,60
modern,SPX,20,kalman_price,2026-09-21,12.56519396766146,3.5447417349732913,1.0,34.645026608704846,34.645026608704846,3.5275594135783646,1.0,1
modern,SPX,20,kalman_price,2026-09-22,27.337611811359846,4.358191684744035,1.0,30.5055076686065,30.5055076686065,3.6667496021294532,0.45901639344262296,61
modern,SPX,20,kalman_price,2026-09-23,77.27694333929348,6.428987021459309,0.8888888888888888,30.709029452646302,35.23525803460108,5.057430604072757,0.6444444444444445,45
modern,SPX,20,kalman_price,2026-09-24,198.38400621324152,10.146205716058805,0.8032786885245902,30.5055076686065,51.72959884682259,7.525002856232256,0.5081967213114754,61
modern,SPX,20,kalman_price,2026-09-25,204.48966881395603,9.419407371725887,0.8360655737704918,30.61685824451015,52.5362569613411,7.356438779709963,0.4918032786885246,61
modern,SPX,20,kalman_price,2026-09-28,247.80061269161416,11.234052317668397,0.7543859649122807,30.670461779419057,58.74660167177514,8.367918753717998,0.38596491228070173,57
modern,SPX,20,kalman_price,2026-09-29,81.9496784741375,7.058055273894059,0.9016393442622951,30.61685824451015,34.9919764491933,5.1839598043626225,0.47540983606557374,61
modern,SPX,20,markov_gex,2026-09-01,97.3393547166919,7.739905044899684,0.8222222222222222,28.778577216594027,40.186957478705686,5.882423121024187,0.6,45
modern,SPX,20,markov_gex,2026-09-04,75.52043594637144,6.850473138351533,0.8125,29.419043290844613,33.72453429580777,5.189546406689818,0.5625,16
modern,SPX,20,markov_gex,2026-09-08,36.901870232171056,4.758146854565878,0.8648648648648649,22.048282549075076,26.632836351335403,3.6615760309798517,0.4594594594594595,37
modern,SPX,20,markov_gex,2026-09-09,175.54903963345544,10.98607165537483,0.8,33.30175976538253,50.36650641702571,7.702740791655271,0.5333333333333333,15
modern,SPX,20,markov_gex,2026-09-10,39.892204053263896,5.038756653460361,0.8260869565217391,19.38141881333027,26.725078211355644,3.8389127498276205,0.6086956521739131,46
modern,SPX,20,markov_gex,2026-09-11,60.72545741496635,5.402768989056333,0.8823529411764706,23.836589295883552,26.25266230262661,4.0102631484123865,0.4411764705882353,34
modern,SPX,20,markov_gex,2026-09-14,105.8778656364941,7.331278436422622,0.9016393442622951,25.529430748585334,33.5331891251,5.158963553155484,0.47540983606557374,61
modern,SPX,20,markov_gex,2026-09-15,24.43080856982707,3.8446305962284413,0.9090909090909091,15.672577340085779,18.246335783372167,2.8371532727407445,0.5454545454545454,11
modern,SPX,20,markov_gex,2026-09-16,431.6748902650697,13.37581162068247,0.6,20.413964011424827,80.76681726572171,10.544045138755143,0.5833333333333334,60
modern,SPX,20,markov_gex,2026-09-18,35.67022137244682,4.843345421095518,0.8666666666666667,19.16138745251948,24.018724252608756,3.5619882773094713,0.31666666666666665,60
modern,SPX,20,markov_gex,2026-09-21,31.157339921891577,5.581876021723483,1.0,21.381899293131944,21.381899293131944,3.38634327650591,0.0,1
modern,SPX,20,markov_gex,2026-09-22,25.318268577267883,4.047317972275587,0.8524590163934426,16.998160807314573,20.137760797551138,2.9966749105012345,0.4426229508196721,61
modern,SPX,20,markov_gex,2026-09-23,59.18511472608036,5.371447652241753,0.8666666666666667,24.18777678533188,31.127133720200394,4.393891131542442,0.6666666666666666,45
modern,SPX,20,markov_gex,2026-09-24,171.58827090247257,9.29739083939852,0.819672131147541,31.20280497050281,48.91270729155848,7.009611261274853,0.5081967213114754,61
modern,SPX,20,markov_gex,2026-09-25,150.4038421300689,8.168868754157236,0.8852459016393442,28.50986464497201,43.72653637806991,6.080737104442931,0.4262295081967213,61
modern,SPX,20,markov_gex,2026-09-28,136.64574075421905,8.196459164619315,0.8596491228070176,27.85310669219234,41.583208184150024,6.099433250017038,0.49122807017543857,57
modern,SPX,20,markov_gex,2026-09-29,68.91523882427818,6.622609331317975,0.8852459016393442,25.215392815564975,29.19827470967779,4.609080917603256,0.5245901639344263,61
modern,SPX,20,markov_price,2026-09-01,99.92070529157202,7.807628375847622,0.7777777777777778,28.535433819757312,41.14917817663418,5.978437065783133,0.6,45
modern,SPX,20,markov_price,2026-09-04,75.17867800982238,6.842339068270689,0.8125,29.403439880250215,33.75460942579193,5.184288838554906,0.5625,16
modern,SPX,20,markov_price,2026-09-08,36.22783487752429,4.674408145101367,0.8648648648648649,21.992462579299303,26.881322681315954,3.645343845700104,0.4594594594594595,37
modern,SPX,20,markov_price,2026-09-09,178.60087385370133,10.980631856663752,0.8,33.37709722944303,51.22805899639615,7.755026499282581,0.6,15
modern,SPX,20,markov_price,2026-09-10,40.746618706586226,5.167171810596764,0.782608695652174,19.394858495975342,26.815275433519353,3.9266939731759796,0.6304347826086957,46
modern,SPX,20,markov_price,2026-09-11,60.50444406240764,5.322450716801925,0.8823529411764706,23.953730710102818,26.406581606033566,3.9780394575575837,0.47058823529411764,34
modern,SPX,20,markov_price,2026-09-14,101.57699402304692,7.221350923845356,0.9016393442622951,25.64838387293882,33.26612378314487,5.084875009334931,0.47540983606557374,61
modern,SPX,20,markov_price,2026-09-15,24.551184222487066,3.8308324591087266,0.9090909090909091,15.695450366117406,18.376172169716636,2.8407675630691784,0.5454545454545454,11
modern,SPX,20,markov_price,2026-09-16,431.70119691913226,13.369086605833166,0.6,20.42137527808604,80.77592825018284,10.540228048471679,0.5833333333333334,60
modern,SPX,20,markov_price,2026-09-18,35.67100195215195,4.839668565362628,0.8666666666666667,19.145361802817344,24.00938506657601,3.5600249632920113,0.31666666666666665,60
modern,SPX,20,markov_price,2026-09-21,33.88374302052456,5.820974404730239,1.0,21.460144085895234,21.460144085895234,3.5091335562129236,0.0,1
modern,SPX,20,markov_price,2026-09-22,25.638008613534883,4.068288274387765,0.8524590163934426,17.01680219794707,20.221607045652217,3.0129141570239426,0.4426229508196721,61
modern,SPX,20,markov_price,2026-09-23,59.0958090568167,5.378642218217773,0.8666666666666667,24.203324366384262,31.168165317028336,4.3936418917812965,0.6666666666666666,45
modern,SPX,20,markov_price,2026-09-24,171.08652040292893,9.285212982383982,0.819672131147541,31.217125187058954,48.86189936437871,7.00312205944452,0.5081967213114754,61
modern,SPX,20,markov_price,2026-09-25,150.38102132745243,8.16777616925073,0.8852459016393442,28.509542334681,43.72116232161705,6.080381248744397,0.4262295081967213,61
modern,SPX,20,markov_price,2026-09-28,136.67049074416568,8.197127415655835,0.8596491228070176,27.852532999861623,41.583427643414154,6.099742807403144,0.49122807017543857,57
modern,SPX,20,markov_price,2026-09-29,68.9265292245178,6.6231010326687665,0.8852459016393442,25.215725204363952,29.199534702188785,4.60940435699293,0.5245901639344263,61
modern,SPX,20,momentum,2026-09-01,124.9897156550148,9.29423425098376,0.7555555555555555,24.815772655539806,39.409960903984825,6.4740057666595705,0.4888888888888889,45
modern,SPX,20,momentum,2026-09-04,105.26557223069851,8.181306542444458,0.8125,27.772572628515462,34.99819633722,5.804786868814633,0.5625,16
modern,SPX,20,momentum,2026-09-08,56.09974699182208,5.111458813359262,0.8918918918918919,26.32534665042066,32.622286095056225,4.229930164357825,0.5675675675675675,37
modern,SPX,20,momentum,2026-09-09,296.00571121696464,13.515947820583234,0.7333333333333333,34.7869398639525,68.34097991972216,9.860779035469411,0.4666666666666667,15
modern,SPX,20,momentum,2026-09-10,65.57268795949223,6.543854317796976,0.8260869565217391,23.176501345148395,28.54344783982118,4.641992583919668,0.6304347826086957,46
modern,SPX,20,momentum,2026-09-11,125.35188279180208,7.651734982900969,0.8235294117647058,27.360720108787984,38.479203834741895,5.752586020066444,0.5,34
modern,SPX,20,momentum,2026-09-14,171.29970099540756,10.14120409507305,0.7704918032786885,28.520172347008735,41.097339986624135,7.003688323894913,0.45901639344262296,61
modern,SPX,20,momentum,2026-09-15,65.23337927519468,6.804909684689716,0.8181818181818182,22.792670124325486,28.790627200125527,4.626700447719958,0.36363636363636365,11
modern,SPX,20,momentum,2026-09-16,474.9506647273312,14.224097301360949,0.6,27.362529086756762,74.73473141465959,10.679974959349721,0.48333333333333334,60
modern,SPX,20,momentum,2026-09-18,58.239305681642115,5.96348255453086,0.8333333333333334,19.576594700856226,28.397954970277805,4.230858524808476,0.5666666666666667,60
modern,SPX,20,momentum,2026-09-21,15.687242311207854,3.960712348960456,1.0,25.619338131196194,25.619338131196194,2.953934043588201,1.0,1
modern,SPX,20,momentum,2026-09-22,50.6886951355793,5.971308884614424,0.7868852459016393,18.914185995766207,24.416726274610166,4.081804715636818,0.39344262295081966,61
modern,SPX,20,momentum,2026-09-23,107.43705394845709,8.221649213048599,0.7333333333333333,25.4609702123492,35.54587352916595,5.914333675230361,0.5333333333333333,45
modern,SPX,20,momentum,2026-09-24,215.47549336179458,11.371975955276449,0.8524590163934426,35.84861581571933,53.14500242221804,8.04668569040093,0.5409836065573771,61
modern,SPX,20,momentum,2026-09-25,322.4008053879405,12.771452888642372,0.8032786885245902,37.198983344483885,66.48140624021292,9.389026907738732,0.36065573770491804,61
modern,SPX,20,momentum,2026-09-28,391.50421442042347,13.63562977981888,0.7543859649122807,36.83399167836659,73.6059318173752,10.391388999882926,0.38596491228070173,57
modern,SPX,20,momentum,2026-09-29,138.7655651499508,9.206646132155258,0.7704918032786885,25.0064126295918,42.36889506103964,6.526308067671184,0.4426229508196721,61
modern,SPX,20,ou_gex,2026-09-01,101.84855773607015,7.8745747615657615,0.8666666666666667,31.281501371999152,36.48269056690615,5.761258577070183,0.5,45
modern,SPX,20,ou_gex,2026-09-04,77.36039924428908,6.932707311826562,0.9375,31.281501371999152,35.141682797841646,5.109189445635041,0.5,16
modern,SPX,20,ou_gex,2026-09-08,36.523205814374904,4.654268697647117,0.972972972972973,31.281501371999152,32.16425263043569,3.9650087480051868,0.5,37
modern,SPX,20,ou_gex,2026-09-09,181.9536005359736,11.027370488923044,0.8,31.281501371999152,48.66724767355481,7.712715331353695,0.5,15
modern,SPX,20,ou_gex,2026-09-10,41.632776782017906,5.236332118199599,0.9782608695652174,31.281501371999155,31.583642519266476,4.135938863557588,0.5,46
modern,SPX,20,ou_gex,2026-09-11,58.79797966739299,5.312666289579818,0.8823529411764706,31.281501371999152,34.52092168305427,4.538987332535056,0.5,34
modern,SPX,20,ou_gex,2026-09-14,98.90501994212659,7.20398777431296,0.9180327868852459,31.281501371999152,39.50742254371931,5.48099957621082,0.5,61
modern,SPX,20,ou_gex,2026-09-15,27.536386036586045,3.8241449399960645,1.0,28.50830874477434,28.50830874477434,3.532647308106972,0.5454545454545454,11
modern,SPX,20,ou_gex,2026-09-16,440.5630513493764,13.672852491515583,0.7333333333333333,28.50830874477434,87.56411984276016,10.969929641062738,0.36666666666666664,60
modern,SPX,20,ou_gex,2026-09-18,33.38825524556292,4.646382741957422,0.9833333333333333,28.50830874477434,28.608722635029814,3.7279175366128796,0.4,60
modern,SPX,20,ou_gex,2026-09-21,28.23333885684316,5.313505326697543,1.0,28.50830874477434,28.50830874477434,3.5931293098357213,0.0,1
modern,SPX,20,ou_gex,2026-09-22,24.098097284198385,3.9933093180221415,1.0,28.50830874477434,28.50830874477434,3.4292542803333252,0.4918032786885246,61
modern,SPX,20,ou_gex,2026-09-23,59.49694309991401,5.563423297411813,0.8888888888888888,28.50830874477434,31.414509433420303,4.486770792717031,0.7111111111111111,45
modern,SPX,20,ou_gex,2026-09-24,165.17194033828105,9.096258441030498,0.8032786885245902,28.50830874477434,47.14433564843862,6.826312915585233,0.6229508196721312,61
modern,SPX,20,ou_gex,2026-09-25,147.96052196685298,8.128674079857044,0.8688524590163934,28.644937751634625,45.63087931921714,6.229235822446308,0.5,61
modern,SPX,20,ou_gex,2026-09-28,136.0004083679103,8.193261098503921,0.8245614035087719,28.64493775163463,43.53428858848886,6.1487068918725205,0.5,57
modern,SPX,20,ou_gex,2026-09-29,69.62824192974632,6.641002619441037,0.9180327868852459,28.644937751634625,32.31508679020603,4.799605456651858,0.5,61
modern,SPX,20,ou_price,2026-09-01,101.84855773607015,7.8745747615657615,0.8666666666666667,31.281501371999152,36.48269056690615,5.761258577070183,0.5,45
modern,SPX,20,ou_price,2026-09-04,77.36039924428908,6.932707311826562,0.9375,31.281501371999152,35.141682797841646,5.109189445635041,0.5,16
modern,SPX,20,ou_price,2026-09-08,36.523205814374904,4.654268697647117,0.972972972972973,31.281501371999152,32.16425263043569,3.9650087480051868,0.5,37
modern,SPX,20,ou_price,2026-09-09,181.9536005359736,11.027370488923044,0.8,31.281501371999152,48.66724767355481,7.712715331353695,0.5,15
modern,SPX,20,ou_price,2026-09-10,41.632776782017906,5.236332118199599,0.9782608695652174,31.281501371999155,31.583642519266476,4.135938863557588,0.5,46
modern,SPX,20,ou_price,2026-09-11,58.79797966739299,5.312666289579818,0.8823529411764706,31.281501371999152,34.52092168305427,4.538987332535056,0.5,34
modern,SPX,20,ou_price,2026-09-14,98.90501994212659,7.20398777431296,0.9180327868852459,31.281501371999152,39.50742254371931,5.48099957621082,0.5,61
modern,SPX,20,ou_price,2026-09-15,26.734109233139122,3.744595221951551,1.0,28.75767918949791,28.75767918949791,3.5230182552747356,0.5,11
modern,SPX,20,ou_price,2026-09-16,434.07722498496867,13.46628185049849,0.7166666666666667,28.75767918949791,86.72475724740039,10.875506681252324,0.5,60
modern,SPX,20,ou_price,2026-09-18,32.6651119768219,4.564951036980104,0.9833333333333333,28.75767918949791,28.85260756300047,3.7174040724777573,0.5,60
modern,SPX,20,ou_price,2026-09-21,26.031224081088766,5.10208036795666,1.0,28.75767918949791,28.75767918949791,3.531987144228721,0.5,1
modern,SPX,20,ou_price,2026-09-22,24.141340372029084,3.97629943592846,1.0,28.75767918949791,28.75767918949791,3.446379531391469,0.5,61
modern,SPX,20,ou_price,2026-09-23,60.233786152806566,5.643875257555111,0.8888888888888888,28.757679189497914,31.593444855292283,4.519002479588207,0.5,45
modern,SPX,20,ou_price,2026-09-24,166.58733832928436,9.128282557880471,0.8032786885245902,28.75767918949791,47.3175050460788,6.854143473098194,0.5,61
modern,SPX,20,ou_price,2026-09-25,147.96052196685298,8.128674079857044,0.8688524590163934,28.644937751634625,45.63087931921714,6.229235822446308,0.5,61
modern,SPX,20,ou_price,2026-09-28,136.0004083679103,8.193261098503921,0.8245614035087719,28.64493775163463,43.53428858848886,6.1487068918725205,0.5,57
modern,SPX,20,ou_price,2026-09-29,69.62824192974632,6.641002619441037,0.9180327868852459,28.644937751634625,32.31508679020603,4.799605456651858,0.5,61
modern,SPX,20,random_walk,2026-09-01,101.84855773607015,7.8745747615657615,0.7555555555555555,24.815772655539806,37.20918112702073,5.758883030448012,0.5,45
modern,SPX,20,random_walk,2026-09-04,77.36039924428908,6.932707311826562,0.9375,27.772572628515462,32.33262886173974,5.008298852795037,0.5,16
modern,SPX,20,random_walk,2026-09-08,36.523205814374904,4.654268697647117,0.972972972972973,26.32534665042066,28.448135435832658,3.7429838500703894,0.5,37
modern,SPX,20,random_walk,2026-09-09,181.9536005359736,11.027370488923044,0.8,34.7869398639525,51.00643826958093,7.79233256865987,0.5,15
modern,SPX,20,random_walk,2026-09-10,41.632776782017906,5.236332118199599,0.8913043478260869,23.176501345148395,25.68643880288789,3.872229348558686,0.5,46
modern,SPX,20,random_walk,2026-09-11,58.79797966739299,5.312666289579818,0.8823529411764706,27.360720108787984,30.842707514246605,4.224491411032938,0.5,34
modern,SPX,20,random_walk,2026-09-14,98.90501994212659,7.20398777431296,0.9344262295081968,28.520172347008735,36.54145822701532,5.24635784143223,0.5,61
modern,SPX,20,random_walk,2026-09-15,26.734109233139122,3.744595221951551,0.9090909090909091,22.792670124325486,23.04698005566617,3.191044197594153,0.5,11
modern,SPX,20,random_walk,2026-09-16,434.07722498496867,13.46628185049849,0.7333333333333333,27.362529086756762,70.30635278091084,10.023572902957698,0.5,60
modern,SPX,20,random_walk,2026-09-18,32.6651119768219,4.564951036980104,0.8666666666666667,19.576594700856226,23.54088222797216,3.3757700101871206,0.5,60
modern,SPX,20,random_walk,2026-09-21,26.031224081088766,5.10208036795666,1.0,25.619338131196194,25.619338131196194,3.3528689518495165,0.5,1
modern,SPX,20,random_walk,2026-09-22,24.141340372029084,3.97629943592846,0.9180327868852459,18.914185995766207,20.059425408434485,2.9557796888354706,0.5,61
modern,SPX,20,random_walk,2026-09-23,60.233786152806566,5.643875257555111,0.8444444444444444,25.4609702123492,30.68043576776801,4.449124988425567,0.5,45
modern,SPX,20,random_walk,2026-09-24,166.58733832928436,9.128282557880471,0.8852459016393442,35.84861581571933,52.50382336190854,7.073120538595791,0.5,61
modern,SPX,20,random_walk,2026-09-25,147.96052196685298,8.128674079857044,0.9016393442622951,37.198983344483885,49.75923348954692,6.464812854987062,0.5,61
modern,SPX,20,random_walk,2026-09-28,136.0004083679103,8.193261098503921,0.9122807017543859,36.83399167836659,47.636694256738195,6.463371497878018,0.5,57
modern,SPX,20,random_walk,2026-09-29,69.62824192974632,6.641002619441037,0.8688524590163934,25.0064126295918,31.28487686545855,4.712465803660286,0.5,61
modern,SPX,25,garch_gex,2026-09-01,134.14047231731152,9.1368066256937,0.8,29.183800092458412,43.74668156143418,6.700392062365308,0.5,45
modern,SPX,25,garch_gex,2026-09-04,80.30791244483677,7.521865087899641,0.9375,26.751144002720302,31.981694862408574,5.13130126656996,0.5,16
modern,SPX,25,garch_gex,2026-09-08,49.63064023485007,5.510369944576932,0.918918918918919,27.103690808245233,29.881474537000503,4.246368962687218,0.5,37
modern,SPX,25,garch_gex,2026-09-09,236.36633170972655,11.95513879302889,0.8,40.088860675061866,60.08043551553545,8.86144816382686,0.5,15
modern,SPX,25,garch_gex,2026-09-10,55.54545385386844,6.441676756150707,0.9347826086956522,29.765934744609034,30.8568064013459,4.5551933780494025,0.5,46
modern,SPX,25,garch_gex,2026-09-11,81.38919968151974,6.422288286535631,0.8823529411764706,24.57931018480761,31.467429167474407,4.695224514500564,0.5,34
modern,SPX,25,garch_gex,2026-09-14,122.69543365631405,7.957276339779873,0.9180327868852459,31.056122982134983,39.79291975005588,5.733388646469184,0.5,61
modern,SPX,25,garch_gex,2026-09-15,26.262210722569503,4.422890281249155,1.0,26.36775436697387,26.36775436697387,3.393148511208969,0.5,11
modern,SPX,25,garch_gex,2026-09-16,644.0523717663946,15.97811377817173,0.6833333333333333,30.918146152142775,82.33636709591727,11.881382128904345,0.5,60
modern,SPX,25,garch_gex,2026-09-18,38.49290422468617,4.974643167545825,0.9,20.512514704561053,24.820063192215297,3.6917629991970107,0.5,60
modern,SPX,25,garch_gex,2026-09-21,128.46915241071696,11.334423338252236,0.0,21.959212794815294,25.507382203261187,7.243556240881213,0.5,1
modern,SPX,25,garch_gex,2026-09-22,27.04289395958008,4.227721121851364,0.8688524590163934,17.35380208526718,19.587042495325104,3.0620735029658728,0.5,61
modern,SPX,25,garch_gex,2026-09-23,71.99034762192854,6.524071006233377,0.8666666666666667,27.674561750066534,33.91200649077958,4.92239285538255,0.5,45
modern,SPX,25,garch_gex,2026-09-24,237.99606596961132,11.532632855673896,0.7704918032786885,37.09627910609237,59.42669538484243,8.55075467561776,0.5,61
modern,SPX,25,garch_gex,2026-09-25,151.89738188498666,8.04188450193653,0.8852459016393442,34.04873516467706,48.61624414592564,6.322166279145581,0.5,61
modern,SPX,25,garch_gex,2026-09-28,154.45266990060114,9.01079012196702,0.8771929824561403,38.155957899114505,50.43845466683802,6.938559086636383,0.5,57
modern,SPX,25,garch_gex,2026-09-29,86.47983053348344,6.971100075220018,0.8688524590163934,28.810447914086275,35.670904242714435,5.167856110932673,0.5,61
modern,SPX,25,garch_price,2026-09-01,134.14047231731152,9.1368066256937,0.7111111111111111,24.892423329383128,45.714773189313455,6.799890422868797,0.5,45
modern,SPX,25,garch_price,2026-09-04,80.30791244483677,7.521865087899641,0.9375,27.14911403396819,32.052627239316365,5.157127549678167,0.5,16
modern,SPX,25,garch_price,2026-09-08,49.63064023485007,5.510369944576932,0.8648648648648649,24.953168835830194,29.95498502137989,4.238716289231075,0.5,37
modern,SPX,25,garch_price,2026-09-09,236.36633170972655,11.95513879302889,0.8,39.84293852859757,60.95282337229732,8.89313105337028,0.5,15
modern,SPX,25,garch_price,2026-09-10,55.54545385386844,6.441676756150707,0.8043478260869565,21.761778967922872,28.60328616249806,4.487624635991339,0.5,46
modern,SPX,25,garch_price,2026-09-11,81.38919968151974,6.422288286535631,0.8823529411764706,26.459378860008545,31.8251715182549,4.728921565129287,0.5,34
modern,SPX,25,garch_price,2026-09-14,122.69543365631405,7.957276339779873,0.8688524590163934,28.251059063797694,39.066253112665116,5.723304664064477,0.5,61
modern,SPX,25,garch_price,2026-09-15,26.262210722569503,4.422890281249155,1.0,21.179120370720792,21.179120370720792,3.1424531723280684,0.5,11
modern,SPX,25,garch_price,2026-09-16,644.0523717663946,15.97811377817173,0.7,33.19429988334153,79.1595824582967,11.734480583608805,0.5,60
modern,SPX,25,garch_price,2026-09-18,38.49290422468617,4.974643167545825,0.8833333333333333,20.5287835587116,25.09955816230837,3.7116496992915535,0.5,60
modern,SPX,25,garch_price,2026-09-21,128.46915241071696,11.334423338252236,1.0,24.131649468932142,24.131649468932142,7.070630112592851,0.5,1
modern,SPX,25,garch_price,2026-09-22,27.04289395958008,4.227721121851364,0.9180327868852459,19.753800717980965,20.81956234758226,3.1299582195008466,0.5,61
modern,SPX,25,garch_price,2026-09-23,71.99034762192854,6.524071006233377,0.8666666666666667,26.705192297487358,34.062519443811084,4.927392069987542,0.5,45
modern,SPX,25,garch_price,2026-09-24,237.99606596961132,11.532632855673896,0.8032786885245902,38.83478734457621,61.05677866189513,8.639508194296043,0.5,61
modern,SPX,25,garch_price,2026-09-25,151.89738188498666,8.04188450193653,0.9016393442622951,37.607832039374856,50.460371330560946,6.45639919806762,0.5,61
modern,SPX,25,garch_price,2026-09-28,154.45266990060114,9.01079012196702,0.8771929824561403,38.7974379295032,51.63882293323476,7.013876974973048,0.5,57
modern,SPX,25,garch_price,2026-09-29,86.47983053348344,6.971100075220018,0.8524590163934426,27.68689743117693,35.29137331748675,5.154628789490369,0.5,61
modern,SPX,25,kalman_gex,2026-09-01,152.96148582800487,9.660507381874423,0.8222222222222222,37.86363227606368,45.74608763091488,7.011201936415062,0.6111111111111112,45
modern,SPX,25,kalman_gex,2026-09-04,115.36133621072852,9.269322165280803,1.0,40.25119531985825,40.25119531985825,6.450901436125123,0.625,16
modern,SPX,25,kalman_gex,2026-09-08,75.78537274227077,6.92218157978076,0.972972972972973,39.04151197694715,39.33364518624655,5.40531446397581,0.3783783783783784,37
modern,SPX,25,kalman_gex,2026-09-09,270.5487429342259,13.14628297518479,0.7333333333333333,39.49971869563054,56.453536393965045,9.426219443141523,0.6,15
modern,SPX,25,kalman_gex,2026-09-10,114.16280425117789,9.196847353771222,0.9347826086956522,37.84154970847928,39.401071624647514,6.2581032764843165,0.41304347826086957,46
modern,SPX,25,kalman_gex,2026-09-11,142.99667285945435,7.897089813647682,0.8529411764705882,39.266857306690085,48.13285106771119,6.705951719498614,0.5,34
modern,SPX,25,kalman_gex,2026-09-14,156.14459120184156,8.801352126289206,0.8524590163934426,37.593935443176576,48.85970226660101,6.785035858600514,0.4426229508196721,61
modern,SPX,25,kalman_gex,2026-09-15,61.31465129374976,6.2652556872215035,1.0,37.243680436340625,37.243680436340625,4.979997337461728,0.45454545454545453,11
modern,SPX,25,kalman_gex,2026-09-16,675.7626165870017,16.94300482959846,0.7166666666666667,35.16132307781945,110.51541583004989,13.754125019185324,0.4,60
modern,SPX,25,kalman_gex,2026-09-18,43.77025978333888,5.301280171390258,1.0,35.16132307781945,35.16132307781945,4.415190348497378,0.5833333333333334,60
modern,SPX,25,kalman_gex,2026-09-21,124.5511051873037,11.160246645451153,1.0,40.16144239762337,40.16144239762337,6.705361714023777,1.0,1
modern,SPX,25,kalman_gex,2026-09-22,28.745430036278716,4.369207172135097,1.0,35.15115446390906,35.15115446390906,4.018921918833252,0.5081967213114754,61
modern,SPX,25,kalman_gex,2026-09-23,86.41734168451559,7.1793698390614304,0.9333333333333333,35.36683723245678,36.743108961348376,5.502251060302027,0.4666666666666667,45
modern,SPX,25,kalman_gex,2026-09-24,266.7664917880149,12.342189386359532,0.7704918032786885,35.15115446390906,59.43165387476113,9.001704025350895,0.4098360655737705,61
modern,SPX,25,kalman_gex,2026-09-25,223.2814605599203,9.636344214788132,0.8360655737704918,35.5197252367424,59.22879884400704,7.665651136320932,0.4098360655737705,61
modern,SPX,25,kalman_gex,2026-09-28,265.7938087164364,11.893300924007228,0.7719298245614035,35.56595652905501,60.088031471943744,8.815803679756732,0.3508771929824561,57
modern,SPX,25,kalman_gex,2026-09-29,92.31952716724753,7.209450259080951,0.9180327868852459,35.5197252367424,40.15676798395477,5.524563414307738,0.5409836065573771,61
modern,SPX,25,kalman_price,2026-09-01,155.57409408415157,9.680526181832882,0.8222222222222222,37.873045253145314,45.487147427339956,7.065850857208812,0.5888888888888889,45
modern,SPX,25,kalman_price,2026-09-04,133.98589492638845,9.945338950521185,0.9375,40.43790783321391,40.51492147099067,6.885109158071713,0.625,16
modern,SPX,25,kalman_price,2026-09-08,78.88440622598701,7.0499598832511055,0.972972972972973,39.15988283758786,39.46320894308111,5.480691592996961,0.35135135135135137,37
modern,SPX,25,kalman_price,2026-09-09,287.9995096474659,13.695067734465336,0.7333333333333333,39.65387746767751,58.63466620888641,9.78702333370752,0.6,15
modern,SPX,25,kalman_price,2026-09-10,119.33606537050217,9.376954211660216,0.9347826086956522,37.84814520035313,39.86883607336159,6.367337216493184,0.391304347826087,46
modern,SPX,25,kalman_price,2026-09-11,156.47359119413582,8.43336283861377,0.8235294117647058,39.40625847742683,49.85265382403426,6.9691901504205624,0.47058823529411764,34
modern,SPX,25,kalman_price,2026-09-14,177.93552925828703,9.453514102703334,0.819672131147541,37.56725769742654,51.156503563784945,7.229657013914038,0.45901639344262296,61
modern,SPX,25,kalman_price,2026-09-15,53.4259281809575,5.945483976684368,1.0,37.375861729330985,37.375861729330985,4.7947503569013765,0.36363636363636365,11
modern,SPX,25,kalman_price,2026-09-16,683.6666634943844,17.17881146121754,0.7166666666666667,34.92869048604418,111.49166442824483,13.898237477032142,0.4,60
modern,SPX,25,kalman_price,2026-09-18,42.486598123419064,5.215445114685096,1.0,34.92869048604418,34.92869048604418,4.362395650218968,0.55,60
modern,SPX,25,kalman_price,2026-09-21,88.51663701051339,9.408328066692476,1.0,40.46929624835725,40.46929624835725,5.86248675587639,1.0,1
modern,SPX,25,kalman_price,2026-09-22,31.69121234282048,4.684240055410815,1.0,34.91562308077512,34.91562308077512,4.085035853930482,0.5081967213114754,61
modern,SPX,25,kalman_price,2026-09-23,97.33458500602696,7.488687531514821,0.8666666666666667,35.190597759701795,38.265338770834845,5.733331771394385,0.5777777777777777,45
modern,SPX,25,kalman_price,2026-09-24,296.054992656071,12.921888556912897,0.7540983606557377,34.91562308077512,63.23473479444855,9.52671017433725,0.47540983606557374,61
modern,SPX,25,kalman_price,2026-09-25,228.65123755357484,9.948749731025494,0.8524590163934426,34.938931639021675,58.68606570121095,7.752694948928283,0.39344262295081966,61
modern,SPX,25,kalman_price,2026-09-28,311.3144866829748,12.814505802261305,0.7368421052631579,35.01182448107708,65.84449081956795,9.534721255731831,0.3508771929824561,57
modern,SPX,25,kalman_price,2026-09-29,105.95017630180692,7.855188370753297,0.9180327868852459,34.938931639021675,40.43238897858503,5.8399995059690415,0.45901639344262296,61
modern,SPX,25,markov_gex,2026-09-01,126.68343650880635,8.831448942935873,0.7777777777777778,32.01241293471356,46.31020371536597,6.7237173649695565,0.6777777777777778,45
modern,SPX,25,markov_gex,2026-09-04,78.0188159569112,7.4442126788489436,0.8125,32.72405133230116,36.96570251914231,5.408608712936407,0.5625,16
modern,SPX,25,markov_gex,2026-09-08,49.35886091869146,5.516451395807663,0.8918918918918919,24.541152534463503,28.640236022251305,4.15851020026739,0.4864864864864865,37
modern,SPX,25,markov_gex,2026-09-09,223.8779425847949,11.779908164925075,0.8,37.03527518288859,56.63559752992829,8.591078333879393,0.6,15
modern,SPX,25,markov_gex,2026-09-10,52.95888390711834,6.147518316687198,0.8043478260869565,21.58289635538923,30.30472178570704,4.434139050858716,0.6304347826086957,46
modern,SPX,25,markov_gex,2026-09-11,83.8032115495876,6.512613947553309,0.9117647058823529,26.529251974024298,29.645592533843942,4.725500297285592,0.4117647058823529,34
modern,SPX,25,markov_gex,2026-09-14,133.66270127270369,8.101865492570907,0.9180327868852459,28.407737500186894,38.29178071087395,5.748657776211353,0.4918032786885246,61
modern,SPX,25,markov_gex,2026-09-15,23.334429728634163,4.497774662387243,1.0,17.59964151506315,17.59964151506315,2.8848247060149608,0.45454545454545453,11
modern,SPX,25,markov_gex,2026-09-16,637.8501598771604,15.848107169025333,0.6333333333333333,22.802577650952294,99.84678422298144,12.705192650928696,0.55,60
modern,SPX,25,markov_gex,2026-09-18,43.38854207755484,5.385317784002924,0.8833333333333333,21.42539339724796,26.085724878107094,3.9672799105827883,0.35,60
modern,SPX,25,markov_gex,2026-09-21,142.7235196752838,11.946694926852523,0.0,23.845042441995247,24.08677950054424,7.573992130257655,0.0,1
modern,SPX,25,markov_gex,2026-09-22,29.073614966022802,4.311210226505479,0.8360655737704918,19.05498118935201,21.218397081914656,3.239331072545893,0.45901639344262296,61
modern,SPX,25,markov_gex,2026-09-23,70.44595677408624,6.305195848775943,0.8888888888888888,26.94184622771149,33.808296978774315,4.847516399367652,0.6222222222222222,45
modern,SPX,25,markov_gex,2026-09-24,245.15754367281724,11.768415671564805,0.7868852459016393,34.64844592749741,58.15967089175222,8.593216421800376,0.4262295081967213,61
modern,SPX,25,markov_gex,2026-09-25,157.09971665637073,8.114441521933967,0.8852459016393442,31.751101319078916,47.81473089438412,6.274353352781188,0.45901639344262296,61
modern,SPX,25,markov_gex,2026-09-28,155.45414530566606,9.018753132507173,0.8421052631578947,31.037520921905745,44.84463185526312,6.602598125337847,0.49122807017543857,57
modern,SPX,25,markov_gex,2026-09-29,85.63737816546009,6.914413819413698,0.8688524590163934,28.1641607195787,34.598250123483595,5.126004660972771,0.5409836065573771,61
modern,SPX,25,markov_price,2026-09-01,130.5551196144825,8.992906863797872,0.7555555555555555,31.745572726913178,48.059017315486514,6.855350495013405,0.7,45
modern,SPX,25,markov_price,2026-09-04,77.54414234813704,7.4269231125092166,0.8125,32.70996374696135,36.96243807909882,5.400921295099897,0.5625,16
modern,SPX,25,markov_price,2026-09-08,48.8279863726835,5.464824413700266,0.8648648648648649,24.481698519314175,28.789847480146523,4.154058599651771,0.5135135135135135,37
modern,SPX,25,markov_price,2026-09-09,229.35385434403133,11.847113853213216,0.7333333333333333,37.122602037966594,57.69837383060995,8.685951793054187,0.6666666666666666,15
modern,SPX,25,markov_price,2026-09-10,54.09723228126493,6.323524226185849,0.8043478260869565,21.599980882587467,30.018265636000695,4.540758335284591,0.6304347826086957,46
modern,SPX,25,markov_price,2026-09-11,83.4110196733089,6.407766067116603,0.9117647058823529,26.661917947237075,29.75783800056359,4.6746581668621525,0.5294117647058824,34
modern,SPX,25,markov_price,2026-09-14,127.11121031119367,7.98302245051481,0.9180327868852459,28.542619697593455,37.74823963975723,5.6498080519738405,0.47540983606557374,61
modern,SPX,25,markov_price,2026-09-15,23.49788886992877,4.480422174831354,1.0,17.62538604611641,17.62538604611641,2.892406489708661,0.45454545454545453,11
modern,SPX,25,markov_price,2026-09-16,637.612438167531,15.838229449970479,0.6,22.811238652271303,99.80796383940509,12.69996797791543,0.55,60
modern,SPX,25,markov_price,2026-09-18,43.38511970845048,5.378150047338712,0.8833333333333333,21.408308801138332,26.0650370631024,3.965288839351451,0.35,60
modern,SPX,25,markov_price,2026-09-21,149.9309313473797,12.244628673315484,0.0,23.931419283906603,26.720609597528426,7.8065871709192365,0.0,1
modern,SPX,25,markov_price,2026-09-22,29.559983927306966,4.339691762430891,0.8360655737704918,19.075969521734013,21.34527950284276,3.262187502836144,0.45901639344262296,61
modern,SPX,25,markov_price,2026-09-23,70.38279220720385,6.310007123641636,0.8888888888888888,26.959346254439627,33.847843327615905,4.849563686976835,0.6222222222222222,45
modern,SPX,25,markov_price,2026-09-24,244.28495702154962,11.750300066711201,0.7868852459016393,34.66445555877574,58.06834483887937,8.58150975200402,0.4262295081967213,61
modern,SPX,25,markov_price,2026-09-25,157.0572445867909,8.113644077411584,0.8852459016393442,31.750714208367874,47.80774277683283,6.2736344610307055,0.45901639344262296,61
modern,SPX,25,markov_price,2026-09-28,155.48708555343185,9.019594500298354,0.8421052631578947,31.036866759443964,44.8460316791587,6.602959210205117,0.49122807017543857,57
modern,SPX,25,markov_price,2026-09-29,85.65576143030084,6.915068839149577,0.8688524590163934,28.16451794121795,34.60003841393158,5.126503738062229,0.5409836065573771,61
modern,SPX,25,momentum,2026-09-01,175.15048932421118,10.825642935949261,0.7111111111111111,27.74487728598374,49.686848347607814,7.61324133412334,0.5222222222222223,45
modern,SPX,25,momentum,2026-09-04,111.63355161241718,9.086455343193032,0.9375,31.050680153705297,35.75437271874049,6.067701129156721,0.5625,16
modern,SPX,25,momentum,2026-09-08,68.29602068420094,5.861141937386374,0.8918918918918919,29.432632320793495,35.223050017359206,4.700042597345462,0.6216216216216216,37
modern,SPX,25,momentum,2026-09-09,421.5152831759261,17.407462361881606,0.6666666666666666,38.89298113249753,79.5408842913187,12.253830350548617,0.26666666666666666,15
modern,SPX,25,momentum,2026-09-10,89.61846977440082,7.551674955954014,0.7391304347826086,25.91211624418356,34.80558937015728,5.413782419588144,0.6086956521739131,46
modern,SPX,25,momentum,2026-09-11,187.11388469354654,9.140557805233197,0.8235294117647058,30.590215038297682,49.097727169385976,6.93691161512082,0.5294117647058824,34
modern,SPX,25,momentum,2026-09-14,199.0552019744967,10.936666593055477,0.819672131147541,31.886522048960625,45.27232348849016,7.5054975621123425,0.5081967213114754,61
modern,SPX,25,momentum,2026-09-15,77.35607624711633,7.711381419969638,0.8181818181818182,25.482979893360184,29.092975758405473,5.063871549323583,0.2727272727272727,11
modern,SPX,25,momentum,2026-09-16,763.2262217422469,17.631259871124453,0.6,30.592237537151682,98.5430653871182,13.497533267108357,0.48333333333333334,60
modern,SPX,25,momentum,2026-09-18,67.2219739228485,6.255308302004628,0.8333333333333334,21.88729825953834,29.742256686983822,4.5523072920420455,0.6333333333333333,60
modern,SPX,25,momentum,2026-09-21,100.69493596695781,10.034686640197481,1.0,28.643290799953558,28.643290799953558,5.9829069909068116,1.0,1
modern,SPX,25,momentum,2026-09-22,62.66504892396125,6.508699840933142,0.8032786885245902,21.146702812803895,28.032146595070536,4.511794820839993,0.4426229508196721,61
modern,SPX,25,momentum,2026-09-23,121.43019749951958,8.578637151398235,0.8444444444444444,28.466230083955033,38.763638253050544,6.209261317844333,0.5333333333333333,45
modern,SPX,25,momentum,2026-09-24,316.3066448185821,14.239142784714767,0.7704918032786885,40.07997093161125,62.50015754456682,10.083848400920129,0.5737704918032787,61
modern,SPX,25,momentum,2026-09-25,342.37728580954376,12.356071946056597,0.8360655737704918,41.58972772607422,69.51132538735719,9.437904043912456,0.45901639344262296,61
modern,SPX,25,momentum,2026-09-28,466.7533656716769,15.447673790985862,0.7192982456140351,41.18165463774462,81.12571679958269,11.570724741025115,0.3508771929824561,57
modern,SPX,25,momentum,2026-09-29,177.5577063050789,10.237762140279909,0.7377049180327869,27.958019256588262,47.48125067726893,7.384941992049933,0.4262295081967213,61
modern,SPX,25,ou_gex,2026-09-01,134.14047231731152,9.1368066256937,0.8222222222222222,34.97378175302152,41.62910012402621,6.599785289067722,0.5,45
modern,SPX,25,ou_gex,2026-09-04,80.30791244483677,7.521865087899641,0.9375,34.97378175302152,38.06112006257876,5.325052633863128,0.5,16
modern,SPX,25,ou_gex,2026-09-08,49.63064023485007,5.510369944576932,0.972972972972973,34.97378175302152,35.07296559900912,4.5506319025249615,0.5,37
modern,SPX,25,ou_gex,2026-09-09,236.36633170972655,11.95513879302889,0.7333333333333333,34.97378175302152,55.76182110225053,8.649264044609916,0.5,15
modern,SPX,25,ou_gex,2026-09-10,55.54545385386844,6.441676756150707,1.0,34.97378175302152,34.97378175302152,4.729623627778388,0.5,46
modern,SPX,25,ou_gex,2026-09-11,81.38919968151974,6.422288286535631,0.8823529411764706,34.97378175302152,38.56163432187932,5.290075650837609,0.5,34
modern,SPX,25,ou_gex,2026-09-14,122.69543365631405,7.957276339779873,0.9180327868852459,34.97378175302152,44.80624033743405,6.070086178160677,0.5,61
modern,SPX,25,ou_gex,2026-09-15,27.09497540140381,4.472923042441624,1.0,31.78247552224404,31.78247552224404,3.7458134833165557,0.45454545454545453,11
modern,SPX,25,ou_gex,2026-09-16,658.0405594911003,16.19070141168205,0.75,31.78247552224404,107.76925358638626,13.207118423042836,0.4,60
modern,SPX,25,ou_gex,2026-09-18,39.271241327121395,5.056814352018006,1.0,31.78247552224404,31.78247552224404,4.096455190712853,0.43333333333333335,60
modern,SPX,25,ou_gex,2026-09-21,134.51241008330265,11.597948529084903,1.0,31.78247552224404,31.78247552224404,6.935544264812847,0.0,1
modern,SPX,25,ou_gex,2026-09-22,27.004307367106644,4.211387472986096,1.0,31.78247552224404,31.78247552224404,3.737189620611988,0.5081967213114754,61
modern,SPX,25,ou_gex,2026-09-23,70.61480049447967,6.438245420106413,0.9111111111111111,31.78247552224404,34.27957766440773,4.938355093308565,0.6666666666666666,45
modern,SPX,25,ou_gex,2026-09-24,235.54733731018985,11.451798382325334,0.7704918032786885,31.78247552224404,56.55353523306571,8.415864223592996,0.6557377049180327,61
modern,SPX,25,ou_gex,2026-09-25,151.89738188498666,8.04188450193653,0.8852459016393442,32.026014011952505,48.85213388968371,6.309666386091129,0.5,61
modern,SPX,25,ou_gex,2026-09-28,154.45266990060114,9.01079012196702,0.8596491228070176,32.026014011952505,46.23599921255895,6.656856838420116,0.5,57
modern,SPX,25,ou_gex,2026-09-29,86.47983053348344,6.971100075220018,0.9344262295081968,32.026014011952505,37.420820382627994,5.272757561911286,0.5,61
modern,SPX,25,ou_price,2026-09-01,134.14047231731152,9.1368066256937,0.8222222222222222,34.97378175302152,41.62910012402621,6.599785289067722,0.5,45
modern,SPX,25,ou_price,2026-09-04,80.30791244483677,7.521865087899641,0.9375,34.97378175302152,38.06112006257876,5.325052633863128,0.5,16
modern,SPX,25,ou_price,2026-09-08,49.63064023485007,5.510369944576932,0.972972972972973,34.97378175302152,35.07296559900912,4.5506319025249615,0.5,37
modern,SPX,25,ou_price,2026-09-09,236.36633170972655,11.95513879302889,0.7333333333333333,34.97378175302152,55.76182110225053,8.649264044609916,0.5,15
modern,SPX,25,ou_price,2026-09-10,55.54545385386844,6.441676756150707,1.0,34.97378175302152,34.97378175302152,4.729623627778388,0.5,46
modern,SPX,25,ou_price,2026-09-11,81.38919968151974,6.422288286535631,0.8823529411764706,34.97378175302152,38.56163432187932,5.290075650837609,0.5,34
modern,SPX,25,ou_price,2026-09-14,122.69543365631405,7.957276339779873,0.9180327868852459,34.97378175302152,44.80624033743405,6.070086178160677,0.5,61
modern,SPX,25,ou_price,2026-09-15,26.262210722569503,4.422890281249155,1.0,32.15206277142419,32.15206277142419,3.74489793103388,0.5,11
modern,SPX,25,ou_price,2026-09-16,644.0523717663946,15.97811377817173,0.75,32.15206277142419,106.46315618864915,13.076310431518577,0.5,60
modern,SPX,25,ou_price,2026-09-18,38.49290422468617,4.974643167545825,1.0,32.15206277142419,32.15206277142419,4.09431197291425,0.5,60
modern,SPX,25,ou_price,2026-09-21,128.46915241071696,11.334423338252236,1.0,32.15206277142419,32.15206277142419,6.760381221997499,0.5,1
modern,SPX,25,ou_price,2026-09-22,27.04289395958008,4.227721121851364,1.0,32.15206277142419,32.15206277142419,3.762640073352261,0.5,61
modern,SPX,25,ou_price,2026-09-23,71.99034762192854,6.524071006233377,0.9111111111111111,32.15206277142419,34.56072233721834,4.991110865790178,0.5,45
modern,SPX,25,ou_price,2026-09-24,237.99606596961132,11.532632855673896,0.7704918032786885,32.15206277142419,56.73684802319582,8.457507625533172,0.5,61
modern,SPX,25,ou_price,2026-09-25,151.89738188498666,8.04188450193653,0.8852459016393442,32.026014011952505,48.85213388968371,6.309666386091129,0.5,61
modern,SPX,25,ou_price,2026-09-28,154.45266990060114,9.01079012196702,0.8596491228070176,32.026014011952505,46.23599921255895,6.656856838420116,0.5,57
modern,SPX,25,ou_price,2026-09-29,86.47983053348344,6.971100075220018,0.9344262295081968,32.026014011952505,37.420820382627994,5.272757561911286,0.5,61
modern,SPX,25,random_walk,2026-09-01,134.14047231731152,9.1368066256937,0.7555555555555555,27.74487728598374,42.6983622385484,6.636711895856066,0.5,45
modern,SPX,25,random_walk,2026-09-04,80.30791244483677,7.521865087899641,0.9375,31.050680153705297,34.92050228578515,5.1959323070281185,0.5,16
modern,SPX,25,random_walk,2026-09-08,49.63064023485007,5.510369944576932,0.9459459459459459,29.432632320793495,31.47036782578153,4.305380985136712,0.5,37
modern,SPX,25,random_walk,2026-09-09,236.36633170972655,11.95513879302889,0.7333333333333333,38.89298113249753,57.611635878348984,8.748581350259377,0.5,15
modern,SPX,25,random_walk,2026-09-10,55.54545385386844,6.441676756150707,0.8695652173913043,25.91211624418356,28.42484981717913,4.448822404878485,0.5,46
modern,SPX,25,random_walk,2026-09-11,81.38919968151974,6.422288286535631,0.8823529411764706,30.590215038297682,34.449265863250915,4.941339987699323,0.5,34
modern,SPX,25,random_walk,2026-09-14,122.69543365631405,7.957276339779873,0.9180327868852459,31.886522048960625,41.47227040412974,5.823117352354188,0.5,61
modern,SPX,25,random_walk,2026-09-15,26.262210722569503,4.422890281249155,1.0,25.482979893360184,25.482979893360184,3.328456381011296,0.5,11
modern,SPX,25,random_walk,2026-09-16,644.0523717663946,15.97811377817173,0.7166666666666667,30.592237537151682,89.15220322338367,12.188631914886427,0.5,60
modern,SPX,25,random_walk,2026-09-18,38.49290422468617,4.974643167545825,0.9,21.88729825953834,25.571080420710214,3.718087789216288,0.5,60
modern,SPX,25,random_walk,2026-09-21,128.46915241071696,11.334423338252236,1.0,28.643290799953558,28.643290799953558,6.841645664440541,0.5,1
modern,SPX,25,random_walk,2026-09-22,27.04289395958008,4.227721121851364,0.9672131147540983,21.146702812803895,21.643920785147376,3.171338657452956,0.5,61
modern,SPX,25,random_walk,2026-09-23,71.99034762192854,6.524071006233377,0.8666666666666667,28.466230083955033,33.25778394348061,4.913654784069325,0.5,45
modern,SPX,25,random_walk,2026-09-24,237.99606596961132,11.532632855673896,0.8360655737704918,40.07997093161125,61.067926032006646,8.645217406886518,0.5,61
modern,SPX,25,random_walk,2026-09-25,151.89738188498666,8.04188450193653,0.9016393442622951,41.58972772607422,53.92434039477719,6.700478798652094,0.5,61
modern,SPX,25,random_walk,2026-09-28,154.45266990060114,9.01079012196702,0.9122807017543859,41.18165463774462,51.29476302506133,7.031889887116268,0.5,57
modern,SPX,25,random_walk,2026-09-29,86.47983053348344,6.971100075220018,0.8852459016393442,27.958019256588262,36.22929963640803,5.186889700735026,0.5,61
modern,SPX,30,garch_gex,2026-09-01,164.402112069568,9.972951136221916,0.7333333333333333,32.18634931534922,48.723277218591406,7.419323877523584,0.5,45
modern,SPX,30,garch_gex,2026-09-04,83.01004163053794,7.739658594678076,0.9375,29.274486560729944,31.949151066648255,5.3464148309259665,0.5,16
modern,SPX,30,garch_gex,2026-09-08,57.29167694436479,5.92837001252062,0.9459459459459459,29.79453236463864,32.26710677982697,4.609386567032869,0.5,37
modern,SPX,30,garch_gex,2026-09-09,279.46850024525685,13.263824048313351,0.8,43.92414493020748,65.93639429213701,9.71754198448289,0.5,15
modern,SPX,30,garch_gex,2026-09-10,67.77646925049724,7.081229656096421,1.0,32.961294095024954,32.961294095024954,5.059083829848245,0.5,46
modern,SPX,30,garch_gex,2026-09-11,100.85552828016094,7.258970417975113,0.8235294117647058,26.804365802187558,35.51662569870753,5.295543580872365,0.5,34
modern,SPX,30,garch_gex,2026-09-14,154.76214137793235,8.870621586632133,0.8852459016393442,34.13893402647567,46.09532203334402,6.440033369910517,0.5,61
modern,SPX,30,garch_gex,2026-09-15,25.6613592401391,3.9675115445041396,1.0,29.181510295551092,29.181510295551092,3.521873879772679,0.5,11
modern,SPX,30,garch_gex,2026-09-16,857.0405558527701,18.062656431440942,0.7166666666666667,33.753800243730026,96.99597289892291,13.646211448468554,0.5,60
modern,SPX,30,garch_gex,2026-09-18,48.83211157242502,5.660214556723319,0.8333333333333334,22.527640678285156,27.667208953689638,4.1576458359455755,0.5,60
modern,SPX,30,garch_gex,2026-09-21,146.26206798931963,12.093885562106152,0.0,23.878321683838024,25.425568885709424,7.689413321997516,0.5,1
modern,SPX,30,garch_gex,2026-09-22,33.61411865285229,4.576938797842394,0.8360655737704918,18.960841865354972,22.51842027664325,3.414697170520084,0.5,61
modern,SPX,30,garch_gex,2026-09-23,89.66784482111433,7.2034597910704585,0.8444444444444444,30.378428643191626,37.85265611621289,5.467325043407913,0.5,45
modern,SPX,30,garch_gex,2026-09-24,300.5927359487909,12.75165653638909,0.8032786885245902,40.47725703877131,69.15665632324755,9.519650031618905,0.5,61
modern,SPX,30,garch_gex,2026-09-25,161.8840813295758,8.552617577251217,0.8688524590163934,37.07046525045525,48.16906910254097,6.710199279929258,0.5,61
modern,SPX,30,garch_gex,2026-09-28,168.7546434085206,9.39116661469253,0.8421052631578947,41.73436341584746,53.46407627740383,7.370177139731135,0.5,57
modern,SPX,30,garch_gex,2026-09-29,100.51706463974587,7.449732991200958,0.8688524590163934,31.695239686057658,39.79606542781309,5.608342904980452,0.5,61
modern,SPX,30,garch_price,2026-09-01,164.402112069568,9.972951136221916,0.6666666666666666,27.270845201080117,52.2090322398096,7.547687337491975,0.5,45
modern,SPX,30,garch_price,2026-09-04,83.01004163053794,7.739658594678076,0.9375,29.73659103408559,32.02246479677308,5.384085914315395,0.5,16
modern,SPX,30,garch_price,2026-09-08,57.29167694436479,5.92837001252062,0.8648648648648649,27.338679965815714,32.13309079151012,4.602526253066671,0.5,37
modern,SPX,30,garch_price,2026-09-09,279.46850024525685,13.263824048313351,0.7333333333333333,43.61392755425311,66.75799388273738,9.750620356869346,0.5,15
modern,SPX,30,garch_price,2026-09-10,67.77646925049724,7.081229656096421,0.7391304347826086,23.852402854969302,29.86311796917384,5.0255963683115725,0.5,46
modern,SPX,30,garch_price,2026-09-11,100.85552828016094,7.258970417975113,0.8529411764705882,28.98764780251529,35.71776848918477,5.336782775523174,0.5,34
modern,SPX,30,garch_price,2026-09-14,154.76214137793235,8.870621586632133,0.8524590163934426,30.946248689677248,46.35602069584953,6.470001272071154,0.5,61
modern,SPX,30,garch_price,2026-09-15,25.6613592401391,3.9675115445041396,1.0,23.276389173581777,23.276389173581777,3.1693577977593135,0.5,11
modern,SPX,30,garch_price,2026-09-16,857.0405558527701,18.062656431440942,0.7666666666666667,36.359845233366876,94.54067127455092,13.501114583369858,0.5,60
modern,SPX,30,garch_price,2026-09-18,48.83211157242502,5.660214556723319,0.8333333333333334,22.580926921474568,27.91188633933479,4.18149794356997,0.5,60
modern,SPX,30,garch_price,2026-09-21,146.26206798931963,12.093885562106152,1.0,26.47621643530198,26.47621643530198,7.49618852712149,0.5,1
modern,SPX,30,garch_price,2026-09-22,33.61411865285229,4.576938797842394,0.9180327868852459,21.7365221421517,23.715944735103328,3.489079480062033,0.5,61
modern,SPX,30,garch_price,2026-09-23,89.66784482111433,7.2034597910704585,0.8444444444444444,29.275695057157268,38.22313027102205,5.469386273522301,0.5,45
modern,SPX,30,garch_price,2026-09-24,300.5927359487909,12.75165653638909,0.8032786885245902,42.466621962080964,71.27511719987368,9.623982841625812,0.5,61
modern,SPX,30,garch_price,2026-09-25,161.8840813295758,8.552617577251217,0.8852459016393442,41.17916785614525,49.94987349448184,6.854268921524403,0.5,61
modern,SPX,30,garch_price,2026-09-28,168.7546434085206,9.39116661469253,0.8421052631578947,42.46990085985456,54.94662467635585,7.454830853502229,0.5,57
modern,SPX,30,garch_price,2026-09-29,100.51706463974587,7.449732991200958,0.8524590163934426,30.42510960847193,39.47871591576206,5.5955786947082204,0.5,61
modern,SPX,30,kalman_gex,2026-09-01,191.48724165184962,10.846853108600433,0.8666666666666667,42.56849194712377,52.02358994086721,7.827240796907909,0.5555555555555556,45
modern,SPX,30,kalman_gex,2026-09-04,148.3563339995892,10.990509036249902,1.0,45.59572958847527,45.59572958847527,7.3688138572832,0.5625,16
modern,SPX,30,kalman_gex,2026-09-08,94.55158698266133,7.987667737624528,0.972972972972973,44.06405122175727,44.4959041948667,6.060628261038409,0.32432432432432434,37
modern,SPX,30,kalman_gex,2026-09-09,322.75258045317025,14.613195261865032,0.7333333333333333,44.64567270425411,61.152049059024,10.294375865594649,0.6666666666666666,15
modern,SPX,30,kalman_gex,2026-09-10,156.01702794335387,10.981442870125782,0.9347826086956522,42.54042338464976,43.548467871211514,7.284742363611835,0.45652173913043476,46
modern,SPX,30,kalman_gex,2026-09-11,195.06619639933322,9.304447056172442,0.8529411764705882,44.350402042401086,55.0820972503582,7.785002914564696,0.5,34
modern,SPX,30,kalman_gex,2026-09-14,210.65069784917034,9.919865098055274,0.8688524590163934,42.22566435919929,57.30598887641862,7.805841967791765,0.4426229508196721,61
modern,SPX,30,kalman_gex,2026-09-15,76.12126808792023,6.811555139153827,1.0,42.242271686721786,42.242271686721786,5.562628409136541,0.18181818181818182,11
modern,SPX,30,kalman_gex,2026-09-16,932.680966963648,19.28735918952633,0.7,39.60419137084587,129.33106695047593,15.83289243703778,0.43333333333333335,60
modern,SPX,30,kalman_gex,2026-09-18,57.695826432899004,6.098776248086166,1.0,39.60419137084587,39.60419137084587,5.026025234716972,0.5666666666666667,60
modern,SPX,30,kalman_gex,2026-09-21,141.48938486992006,11.894931057804415,1.0,45.915886738826245,45.915886738826245,7.226513534712654,1.0,1
modern,SPX,30,kalman_gex,2026-09-22,35.50520711229391,4.658325067609708,1.0,39.591292315808744,39.591292315808744,4.502871939002601,0.5573770491803278,61
modern,SPX,30,kalman_gex,2026-09-23,111.92510781376217,8.201366174626248,0.9333333333333333,39.864881701892294,43.64889164968184,6.216519750681262,0.4666666666666667,45
modern,SPX,30,kalman_gex,2026-09-24,347.105217529176,13.630054524026448,0.7377049180327869,39.591292315808744,69.48000620244962,10.182210175978232,0.4098360655737705,61
modern,SPX,30,kalman_gex,2026-09-25,261.8649250282164,10.774415090760082,0.819672131147541,39.989084114125575,62.69496964120176,8.475604286758127,0.3770491803278688,61
modern,SPX,30,kalman_gex,2026-09-28,317.92884556216575,13.13627660174389,0.7894736842105263,40.047861152928085,64.74748019222089,9.755698581987705,0.3508771929824561,57
modern,SPX,30,kalman_gex,2026-09-29,108.81759024761782,7.946750428371554,0.9508196721311475,39.989084114125575,44.37404180854013,6.0233009382121745,0.45901639344262296,61
modern,SPX,30,kalman_price,2026-09-01,195.91132085144437,10.891656151900527,0.8666666666666667,42.50216394271504,52.42442484879193,7.902087308639155,0.5333333333333333,45
modern,SPX,30,kalman_price,2026-09-04,176.0488963570452,11.879212956307228,0.9375,45.75982882090722,45.942575431246915,7.937673649081307,0.5625,16
modern,SPX,30,kalman_price,2026-09-08,98.42560259850379,8.037363209871994,0.972972972972973,44.139143724250644,44.68552718461354,6.136226990448094,0.32432432432432434,37
modern,SPX,30,kalman_price,2026-09-09,345.88162754352743,15.098403363587401,0.7333333333333333,44.76728427778248,62.947420137758094,10.713319623395401,0.6666666666666666,15
modern,SPX,30,kalman_price,2026-09-10,163.7707655634153,11.24046595048796,0.9130434782608695,42.47044629632447,43.989431003671854,7.431515778991582,0.41304347826086957,46
modern,SPX,30,kalman_price,2026-09-11,214.46488361274425,9.946805084256784,0.8235294117647058,44.45280283302531,56.984162020495816,8.114956244181332,0.47058823529411764,34
modern,SPX,30,kalman_price,2026-09-14,241.18862103746548,10.599534855294852,0.8360655737704918,42.11261053605968,59.619308150500245,8.340285285925606,0.45901639344262296,61
modern,SPX,30,kalman_price,2026-09-15,63.33464439896241,6.1602040391758175,1.0,42.29936714401982,42.29936714401982,5.289586237117647,0.2727272727272727,11
modern,SPX,30,kalman_price,2026-09-16,945.6686101386035,19.541857488704466,0.7,39.18792663380971,130.41433054131684,16.010424499576366,0.36666666666666664,60
modern,SPX,30,kalman_price,2026-09-18,54.53685740412086,5.830710731181379,1.0,39.18792663380971,39.18792663380971,4.919038736532399,0.6166666666666667,60
modern,SPX,30,kalman_price,2026-09-21,96.0210605124405,9.79903365197,1.0,46.20309301252744,46.20309301252744,6.286878865913426,1.0,1
modern,SPX,30,kalman_price,2026-09-22,40.85795320632983,5.0680908671355835,1.0,39.17127898314294,39.17127898314294,4.605708407871331,0.5081967213114754,61
modern,SPX,30,kalman_price,2026-09-23,126.34483274402885,8.530472208822456,0.9111111111111111,39.521563886357164,45.37208851982095,6.478011142980228,0.5777777777777777,45
modern,SPX,30,kalman_price,2026-09-24,392.4358272564866,14.38634326791547,0.7049180327868853,39.17127898314294,74.65747421447817,10.869903581475656,0.47540983606557374,61
modern,SPX,30,kalman_price,2026-09-25,268.6811233337851,11.157075220340708,0.8360655737704918,39.065956834898024,61.780001065238665,8.56830772846742,0.3770491803278688,61
modern,SPX,30,kalman_price,2026-09-28,379.78900341723937,14.244414739194557,0.7543859649122807,39.15934943078472,71.44008219935905,10.641000060786897,0.3508771929824561,57
modern,SPX,30,kalman_price,2026-09-29,128.2128304963446,8.945756122353412,0.9180327868852459,39.065956834898024,44.58991770732476,6.42877689753864,0.39344262295081966,61
modern,SPX,30,markov_gex,2026-09-01,153.43412288058624,9.706688347219647,0.8,34.92919545515986,51.250356157270666,7.384663510268039,0.6,45
modern,SPX,30,markov_gex,2026-09-04,81.64545627603994,7.7172828549766574,0.875,35.704804953193864,37.24828292692874,5.718067497789653,0.5,16
modern,SPX,30,markov_gex,2026-09-08,56.08134613030606,5.819904920787938,0.8648648648648649,26.793843111284627,31.656006344376408,4.4769347367420025,0.5675675675675675,37
modern,SPX,30,markov_gex,2026-09-09,259.46505914461085,13.02380866098738,0.8,40.40036680444832,62.058290225336926,9.340288888467864,0.6666666666666666,15
modern,SPX,30,markov_gex,2026-09-10,63.93438716036397,6.859494234327866,0.7608695652173914,23.575034339341883,31.930880275743526,4.964648803965492,0.6086956521739131,46
modern,SPX,30,markov_gex,2026-09-11,103.38813264874382,7.372492737925609,0.8235294117647058,28.961806821969287,32.887269062764474,5.320330488199474,0.38235294117647056,34
modern,SPX,30,markov_gex,2026-09-14,169.50727586578154,9.123284880093689,0.8852459016393442,31.006476832973693,45.15847679337803,6.501151182718081,0.45901639344262296,61
modern,SPX,30,markov_gex,2026-09-15,20.774637987668978,3.55139124874539,1.0,19.378137574348685,19.378137574348685,2.7785676456104684,0.7272727272727273,11
modern,SPX,30,markov_gex,2026-09-16,844.9538772017376,17.946494424298425,0.6333333333333333,24.978529911009026,116.71862684056256,14.487276076546319,0.5166666666666667,60
modern,SPX,30,markov_gex,2026-09-18,55.81754800526854,6.184619230081995,0.85,23.493292395230515,28.89490882925997,4.489199267214493,0.31666666666666665,60
modern,SPX,30,markov_gex,2026-09-21,164.83052224808014,12.838633971263459,1.0,26.07999714121379,26.07999714121379,8.102339335116264,0.0,1
modern,SPX,30,markov_gex,2026-09-22,36.16845389383707,4.723315787534165,0.8688524590163934,20.945352149936678,23.76602211425127,3.60285756124704,0.4426229508196721,61
modern,SPX,30,markov_gex,2026-09-23,87.1316728801784,6.978940616838026,0.8444444444444444,29.432003017024694,37.73015537228032,5.3419368692784674,0.6222222222222222,45
modern,SPX,30,markov_gex,2026-09-24,311.5096878850664,12.920765996471397,0.7704918032786885,37.736422456484945,66.44204894133958,9.606870602140349,0.45901639344262296,61
modern,SPX,30,markov_gex,2026-09-25,170.29555329120416,8.67483894293543,0.8360655737704918,34.66901889739732,47.63481922090596,6.727011913921115,0.47540983606557374,61
modern,SPX,30,markov_gex,2026-09-28,170.87477960386138,9.421299164320104,0.8245614035087719,33.90854445769997,47.12419405641586,7.001304183473914,0.49122807017543857,57
modern,SPX,30,markov_gex,2026-09-29,98.88697114360089,7.313755207313622,0.8524590163934426,30.83891084245877,39.36739469789754,5.576028203542502,0.5737704918032787,61
modern,SPX,30,markov_price,2026-09-01,158.691084704854,9.805716445916595,0.7777777777777778,34.64103270203019,53.11021658150551,7.549543375969588,0.6,45
modern,SPX,30,markov_price,2026-09-04,81.01525945831057,7.692013691664453,0.875,35.692007564722424,37.271211313108346,5.708382134790159,0.5625,16
modern,SPX,30,markov_price,2026-09-08,55.83372094953991,5.8064844284587505,0.8648648648648649,26.73111049427817,31.77152740727254,4.485397372317419,0.5945945945945946,37
modern,SPX,30,markov_price,2026-09-09,267.61479539391104,13.104283550940071,0.8,40.49836664843111,63.33187575043338,9.479861290568856,0.7333333333333333,15
modern,SPX,30,markov_price,2026-09-10,65.58306722004161,6.985708642917561,0.6956521739130435,23.595355107142517,32.15659360334569,5.089903291024733,0.6086956521739131,46
modern,SPX,30,markov_price,2026-09-11,102.76325046974212,7.245610470318257,0.8823529411764706,29.108332902293366,32.84415065174137,5.249002579330605,0.5294117647058824,34
modern,SPX,30,markov_price,2026-09-14,160.32926209607623,8.93045134723233,0.8852459016393442,31.15558180185282,44.40647526210894,6.37812925360185,0.45901639344262296,61
modern,SPX,30,markov_price,2026-09-15,21.15004417759863,3.565395284207722,1.0,19.406442776985287,19.406442776985287,2.796257069053616,0.7272727272727273,11
modern,SPX,30,markov_price,2026-09-16,844.370840774405,17.9354172390869,0.6333333333333333,24.988290592344356,116.69124301779655,14.480686517887726,0.5333333333333333,60
modern,SPX,30,markov_price,2026-09-18,55.83219557336984,6.179827567542916,0.85,23.475321723014233,28.897880525603934,4.487759861604293,0.31666666666666665,60
modern,SPX,30,markov_price,2026-09-21,174.11866016773573,13.195402993760203,0.0,26.173387761794803,27.260478890422814,8.379483436071709,0.0,1
modern,SPX,30,markov_price,2026-09-22,36.77210531104469,4.77311323595359,0.8524590163934426,20.968411179554614,23.87073179661892,3.6286195579374243,0.4426229508196721,61
modern,SPX,30,markov_price,2026-09-23,87.07514062290744,6.985014982156952,0.8444444444444444,29.451156799348368,37.76616469215192,5.345903628004647,0.6222222222222222,45
modern,SPX,30,markov_price,2026-09-24,310.1830518128174,12.902975224062557,0.7704918032786885,37.753770054601326,66.3425117460336,9.59080844873188,0.45901639344262296,61
modern,SPX,30,markov_price,2026-09-25,170.23262410757724,8.673246381547418,0.8360655737704918,34.66857551075712,47.62232367222194,6.725807737710024,0.47540983606557374,61
modern,SPX,30,markov_price,2026-09-28,170.91840955326234,9.422662106936961,0.8245614035087719,33.90782254729151,47.1245074862816,7.001774558116234,0.49122807017543857,57
modern,SPX,30,markov_price,2026-09-29,98.91223437490987,7.314556276359973,0.8524590163934426,30.83929384023904,39.37012135414721,5.576672886039431,0.5737704918032787,61
modern,SPX,30,momentum,2026-09-01,231.0931460424768,12.502067691117817,0.6666666666666666,30.392990289492012,55.048604964389405,8.873982254452933,0.4,45
modern,SPX,30,momentum,2026-09-04,109.4979233472283,8.948373391067133,0.9375,34.01431589212474,36.08006569338075,6.081993313407881,0.625,16
modern,SPX,30,momentum,2026-09-08,77.72594898706038,6.6109612972360825,0.918918918918919,32.241833297708446,37.87273417104891,5.091367943729694,0.5405405405405406,37
modern,SPX,30,momentum,2026-09-09,558.4662795181711,20.01895495493381,0.6,42.605126189783434,90.4666425894764,14.211384029768661,0.2,15
modern,SPX,30,momentum,2026-09-10,118.79252898322713,9.202350625308155,0.8043478260869565,28.38530115927076,37.352042534206376,6.300581968218101,0.5434782608695652,46
modern,SPX,30,momentum,2026-09-11,238.273789211436,11.260526463019914,0.7352941176470589,33.509901630818796,52.92535330605498,8.1029151646563,0.47058823529411764,34
modern,SPX,30,momentum,2026-09-14,244.00528917609776,12.053228585636782,0.8360655737704918,34.92993481320316,51.64289538809851,8.323646086250092,0.5081967213114754,61
modern,SPX,30,momentum,2026-09-15,96.69566173769596,8.077260241000666,0.8181818181818182,27.915205840087932,31.698129624168143,5.633560209041569,0.36363636363636365,11
modern,SPX,30,momentum,2026-09-16,1076.2276601630945,20.024571371097576,0.6333333333333333,33.512117167308524,120.13716236837735,15.831368907447233,0.5333333333333333,60
modern,SPX,30,momentum,2026-09-18,88.16120684341321,7.50960488102776,0.8666666666666667,23.97633395918542,33.789995390080264,5.252814140833181,0.6,60
modern,SPX,30,momentum,2026-09-21,113.79457315248847,10.667453920804554,1.0,31.377152984629515,31.377152984629515,6.3512637605495375,1.0,1
modern,SPX,30,momentum,2026-09-22,81.10764018998096,7.211903317204269,0.7540983606557377,23.165052294861276,32.92536289951365,5.151811885576968,0.45901639344262296,61
modern,SPX,30,momentum,2026-09-23,152.48262485391086,9.869477229028057,0.7777777777777778,31.1831926882287,43.455118899664505,6.994351284130426,0.5777777777777777,45
modern,SPX,30,momentum,2026-09-24,390.2919196095579,15.376814172157736,0.7540983606557377,43.90540836678965,71.60998305816739,11.05149731911782,0.6065573770491803,61
modern,SPX,30,momentum,2026-09-25,366.842375410516,13.163540153579786,0.8524590163934426,45.55926407213778,71.0695217831503,9.896715119699477,0.4098360655737705,61
modern,SPX,30,momentum,2026-09-28,536.3150283995041,16.890263974657515,0.7719298245614035,45.11224240095994,85.36892569415198,12.410248501004112,0.3157894736842105,57
modern,SPX,30,momentum,2026-09-29,199.27895204887517,11.182650494832655,0.7704918032786885,30.626475619994412,49.414813948070126,7.884495194421999,0.4262295081967213,61
modern,SPX,30,ou_gex,2026-09-01,164.402112069568,9.972951136221916,0.8444444444444444,38.31185837478492,45.72398287246068,7.295713979401806,0.5,45
modern,SPX,30,ou_gex,2026-09-04,83.01004163053794,7.739658594678076,0.9375,38.31185837478492,38.60528614729314,5.572040707827256,0.5,16
modern,SPX,30,ou_gex,2026-09-08,57.29167694436479,5.92837001252062,0.972972972972973,38.31185837478492,38.52211570419395,4.935890162145019,0.5,37
modern,SPX,30,ou_gex,2026-09-09,279.46850024525685,13.263824048313351,0.7333333333333333,38.31185837478492,61.61422754443406,9.50319395251404,0.5,15
modern,SPX,30,ou_gex,2026-09-10,67.77646925049724,7.081229656096421,1.0,38.31185837478492,38.31185837478492,5.2224677806308355,0.5,46
modern,SPX,30,ou_gex,2026-09-11,100.85552828016094,7.258970417975113,0.8823529411764706,38.31185837478492,42.701027658406524,5.8632545112024825,0.5,34
modern,SPX,30,ou_gex,2026-09-14,154.76214137793235,8.870621586632133,0.9016393442622951,38.31185837478492,51.12868724972171,6.78338651562332,0.5,61
modern,SPX,30,ou_gex,2026-09-15,27.333013061927854,4.111585933822789,1.0,34.71698498683889,34.71698498683889,3.9445356510487013,0.18181818181818182,11
modern,SPX,30,ou_gex,2026-09-16,880.5803226098368,18.29512084087672,0.7166666666666667,34.71698498683889,125.90918553271746,15.136806994576848,0.4166666666666667,60
modern,SPX,30,ou_gex,2026-09-18,50.138316543074545,5.772355430335913,1.0,34.71698498683889,34.71698498683889,4.56238923475173,0.43333333333333335,60
modern,SPX,30,ou_gex,2026-09-21,153.98854363274978,12.409212047215156,1.0,34.71698498683889,34.71698498683889,7.40837027900599,0.0,1
modern,SPX,30,ou_gex,2026-09-22,33.65080380509355,4.550879307884129,1.0,34.71698498683889,34.71698498683889,4.117479736907808,0.4918032786885246,61
modern,SPX,30,ou_gex,2026-09-23,87.74311720029806,7.107134256823567,0.9111111111111111,34.71698498683889,37.96683211081708,5.476269545046688,0.6666666666666666,45
modern,SPX,30,ou_gex,2026-09-24,296.87460439539683,12.689277503096049,0.7213114754098361,34.71698498683889,64.27202916150944,9.403130586016216,0.6229508196721312,61
modern,SPX,30,ou_gex,2026-09-25,161.8840813295758,8.552617577251217,0.8688524590163934,35.08274060264582,49.500843768588574,6.75037960225643,0.5,61
modern,SPX,30,ou_gex,2026-09-28,168.7546434085206,9.39116661469253,0.8245614035087719,35.08274060264582,48.28083338877689,7.070979108455614,0.5,57
modern,SPX,30,ou_gex,2026-09-29,100.51706463974587,7.449732991200958,0.9344262295081968,35.08274060264582,40.68262736132084,5.676439749442136,0.5,61
modern,SPX,30,ou_price,2026-09-01,164.402112069568,9.972951136221916,0.8444444444444444,38.31185837478492,45.72398287246068,7.295713979401806,0.5,45
modern,SPX,30,ou_price,2026-09-04,83.01004163053794,7.739658594678076,0.9375,38.31185837478492,38.60528614729314,5.572040707827256,0.5,16
modern,SPX,30,ou_price,2026-09-08,57.29167694436479,5.92837001252062,0.972972972972973,38.31185837478492,38.52211570419395,4.935890162145019,0.5,37
modern,SPX,30,ou_price,2026-09-09,279.46850024525685,13.263824048313351,0.7333333333333333,38.31185837478492,61.61422754443406,9.50319395251404,0.5,15
modern,SPX,30,ou_price,2026-09-10,67.77646925049724,7.081229656096421,1.0,38.31185837478492,38.31185837478492,5.2224677806308355,0.5,46
modern,SPX,30,ou_price,2026-09-11,100.85552828016094,7.258970417975113,0.8823529411764706,38.31185837478492,42.701027658406524,5.8632545112024825,0.5,34
modern,SPX,30,ou_price,2026-09-14,154.76214137793235,8.870621586632133,0.9016393442622951,38.31185837478492,51.12868724972171,6.78338651562332,0.5,61
modern,SPX,30,ou_price,2026-09-15,25.6613592401391,3.9675115445041396,1.0,35.2208201004622,35.2208201004622,3.9343935591651342,0.5,11
modern,SPX,30,ou_price,2026-09-16,857.0405558527701,18.062656431440942,0.7166666666666667,35.2208201004622,124.41019491765138,14.945584753518222,0.5,60
modern,SPX,30,ou_price,2026-09-18,48.83211157242502,5.660214556723319,1.0,35.2208201004622,35.2208201004622,4.554692887059963,0.5,60
modern,SPX,30,ou_price,2026-09-21,146.26206798931963,12.093885562106152,1.0,35.2208201004622,35.2208201004622,7.203348380356848,0.5,1
modern,SPX,30,ou_price,2026-09-22,33.61411865285229,4.576938797842394,1.0,35.2208201004622,35.2208201004622,4.150188163530869,0.5,61
modern,SPX,30,ou_price,2026-09-23,89.66784482111433,7.2034597910704585,0.9111111111111111,35.2208201004622,38.31168820762471,5.544682314136654,0.5,45
modern,SPX,30,ou_price,2026-09-24,300.5927359487909,12.75165653638909,0.7213114754098361,35.2208201004622,64.58261659918094,9.451318859175377,0.5,61
modern,SPX,30,ou_price,2026-09-25,161.8840813295758,8.552617577251217,0.8688524590163934,35.08274060264582,49.500843768588574,6.75037960225643,0.5,61
modern,SPX,30,ou_price,2026-09-28,168.7546434085206,9.39116661469253,0.8245614035087719,35.08274060264582,48.28083338877689,7.070979108455614,0.5,57
modern,SPX,30,ou_price,2026-09-29,100.51706463974587,7.449732991200958,0.9344262295081968,35.08274060264582,40.68262736132084,5.676439749442136,0.5,61
modern,SPX,30,random_walk,2026-09-01,164.402112069568,9.972951136221916,0.7333333333333333,30.392990289492012,48.154004551184954,7.347124784431434,0.5,45
modern,SPX,30,random_walk,2026-09-04,83.01004163053794,7.739658594678076,0.9375,34.01431589212474,35.164911745589976,5.429226166181912,0.5,16
modern,SPX,30,random_walk,2026-09-08,57.29167694436479,5.92837001252062,0.972972972972973,32.241833297708446,33.769932524609615,4.664681403670555,0.5,37
modern,SPX,30,random_walk,2026-09-09,279.46850024525685,13.263824048313351,0.8,42.605126189783434,63.53509684065995,9.599206302814308,0.5,15
modern,SPX,30,random_walk,2026-09-10,67.77646925049724,7.081229656096421,0.9347826086956522,28.38530115927076,29.324716438075722,4.949806166110515,0.5,46
modern,SPX,30,random_walk,2026-09-11,100.85552828016094,7.258970417975113,0.8823529411764706,33.509901630818796,38.19615371927947,5.5194565526257975,0.5,34
modern,SPX,30,random_walk,2026-09-14,154.76214137793235,8.870621586632133,0.8852459016393442,34.92993481320316,48.22822258466765,6.558765657254915,0.5,61
modern,SPX,30,random_walk,2026-09-15,25.6613592401391,3.9675115445041396,1.0,27.915205840087932,27.915205840087932,3.426444878009694,0.5,11
modern,SPX,30,random_walk,2026-09-16,857.0405558527701,18.062656431440942,0.7166666666666667,33.512117167308524,103.87812479671278,13.971243637603457,0.5,60
modern,SPX,30,random_walk,2026-09-18,48.83211157242502,5.660214556723319,0.8666666666666667,23.97633395918542,28.439520823229348,4.184414146244681,0.5,60
modern,SPX,30,random_walk,2026-09-21,146.26206798931963,12.093885562106152,1.0,31.377152984629515,31.377152984629515,7.274416614356095,0.5,1
modern,SPX,30,random_walk,2026-09-22,33.61411865285229,4.576938797842394,0.9180327868852459,23.165052294861276,24.82018554483178,3.5314513079163254,0.5,61
modern,SPX,30,random_walk,2026-09-23,89.66784482111433,7.2034597910704585,0.8888888888888888,31.1831926882287,37.25915863697101,5.4539477595200845,0.5,45
modern,SPX,30,random_walk,2026-09-24,300.5927359487909,12.75165653638909,0.8032786885245902,43.90540836678965,70.74179063788658,9.653084952227454,0.5,61
modern,SPX,30,random_walk,2026-09-25,161.8840813295758,8.552617577251217,0.9180327868852459,45.55926407213778,53.9499229498628,7.13050984615383,0.5,61
modern,SPX,30,random_walk,2026-09-28,168.7546434085206,9.39116661469253,0.9122807017543859,45.11224240095994,54.40485628615755,7.48986174495387,0.5,57
modern,SPX,30,random_walk,2026-09-29,100.51706463974587,7.449732991200958,0.8524590163934426,30.626475619994412,39.7735791350116,5.604266390549278,0.5,61
